"","G1","G2","G3"
"1",1.97623421298067,47.7083857207049,447.726367562465
"2",-5.37436469892771,-5.93612406950615,86.7395115444142
"3",-9.59274545551398,-45.8572074992544,-242.58844687525
"4",-3.03811773966299,4.24040404951529,119.658461804229
"5",-1.70923900503612,5.52135745764235,62.7525060622702
"6",2.40146488244432,41.8645337123689,357.72632170016
"7",0.261472153300815,20.2012492381368,189.494069428907
"8",-5.74732134928445,-27.4142762316806,-139.222719123656
"9",3.06996539380907,42.1784830660863,357.337655118774
"10",-7.50526686929925,-38.4770949622789,-177.370149765442
"11",-4.73906883658128,-16.890392974622,-43.8531408076742
"12",-11.8278461981647,-70.301229680867,-422.478014432838
"13",-9.26642611718228,-54.5330252801973,-352.977291964427
"14",-2.08908016426858,1.79233675912792,92.4556431835517
"15",-8.20834956245892,-33.1127768042029,-139.733634933675
"16",-4.72152465003546,-16.9828989069038,-40.9049411989108
"17",-6.73007520872682,-33.0747103283093,-160.960181227403
"18",-6.93680611642844,-45.6135194228077,-279.590024742609
"19",-10.5294989225581,-45.873692218257,-191.89755166834
"20",-4.67451923878195,-7.63583428673519,48.2629054612116
"21",-12.0219207539177,-59.803620009417,-287.393407728005
"22",-13.7786279859542,-86.2257610407059,-528.763884475962
"23",-9.21792522022042,-48.9230961354392,-262.181751947344
"24",-1.26729700690373,6.31114855299938,95.8361058551454
"25",-6.04364823256776,-24.5349213160575,-103.465569640088
"26",-2.47656319434122,-4.17513558396604,42.0271252994789
"27",-6.28112307376705,-18.577954926483,-39.7503319880889
"28",-3.26678705706274,-4.9120086607827,29.6434655087796
"29",2.24443328809787,41.0816979415135,384.101155854241
"30",-8.12973948117906,-37.4903868290785,-200.114340445005
"31",-2.91161869020004,4.69956361555023,144.282894192742
"32",-4.36378475260972,-2.92060248687585,116.901622084193
"33",-10.0755859456638,-50.3566874490348,-253.035327833355
"34",-3.86655215655969,-17.6011587683493,-88.422587640729
"35",-4.01209471347624,-14.5163404940436,-72.5463848679283
"36",-8.76778465697862,-45.9495281074883,-257.897212371308
"37",-4.35091835168134,-18.216404953338,-78.048647372194
"38",-6.65555309668321,-33.5879134212851,-149.847874968013
"39",-3.5718350946446,-9.09860566200996,-2.11713479020727
"40",-10.9407700198683,-52.1079484837492,-244.077420690552
"41",-4.68370289770121,-12.6939677698001,6.90854537131054
"42",-0.779234205682428,7.32252317134817,92.3397443622416
"43",-3.56698715126413,-0.474091995309664,105.494183438916
"44",-6.38127557368898,-26.3941054960874,-66.8096162258007
"45",-16.2124005775482,-93.2052836683931,-538.390745388182
"46",-5.96686102727108,-28.5694460467766,-141.886455811124
"47",-5.82877244257998,-13.9801445221287,15.317888896474
"48",-1.25222793932107,13.2306560199495,143.590214387212
"49",-9.65360086410021,-61.5444906073624,-365.002453477635
"50",-6.99228380898592,-45.9880924015151,-284.305257103122
"51",-0.681708762012818,11.2245964870294,139.844110240041
"52",-4.53581913952269,-13.691915636623,-50.2437056200779
"53",-1.61777381456602,-3.63064823540799,12.2378599738349
"54",-3.05723416629303,-7.92802351502951,-18.2639381827048
"55",-5.49495140351121,-27.6497102907765,-125.508621460158
"56",-6.33224701331073,-23.250200895613,-73.8156251274195
"57",-1.87392464427421,15.5278607662672,207.494223166403
"58",-5.21536192928886,-25.9785642456991,-137.404591550545
"59",-2.71445154431422,-4.22089458557821,1.55720715057214
"60",-6.030563162926,-25.261658186319,-111.044713411849
"61",-8.10981330363688,-39.0242251539203,-196.073960435157
"62",-11.4881189123029,-63.1571591628829,-334.798514277561
"63",-14.1637001659475,-82.6787253279174,-492.98992996372
"64",-7.57528480397764,-38.8306543964591,-213.598185929235
"65",-11.9882293171835,-67.9797697356128,-373.746720933354
"66",3.05671814597679,42.3304822774926,361.303373199285
"67",-0.237531112441616,11.3149135436679,126.887055835203
"68",-5.97641632745319,-22.6125305469809,-69.0495414057314
"69",3.03815972389725,38.7393676963143,332.685213858955
"70",-2.85904479692272,-7.11232401144844,11.7906517235242
"71",-6.0130218555197,-11.9381670553507,33.4730883524444
"72",1.14739518571264,30.0979378145289,299.603265288271
"73",-5.16998454551754,-24.1559639912448,-124.143776497582
"74",-9.16216410583343,-45.5059644007965,-209.688622656653
"75",-7.50258185549137,-26.0360089540845,-74.8951450476434
"76",-1.14301495100437,11.0767920834287,138.416341864493
"77",-10.4902894706646,-49.8018953532301,-260.139679070475
"78",-4.14417594236591,-10.7336345299577,-17.9316276682275
"79",-6.8733767490678,-33.0026678290628,-146.844484071318
"80",-12.3203459828608,-61.5274119518749,-319.17534231842
"81",-5.14072137422829,-16.675725085659,-33.4060627695017
"82",-4.27608005011496,-3.6771128434284,96.3481149002182
"83",-11.9535747013948,-70.5409701700082,-406.624408040301
"84",0.0993857535496545,21.5934227438693,205.274587319522
"85",-10.4891040576838,-60.4619604157851,-362.038457348895
"86",-9.00090442203486,-45.6622422063197,-210.573112906406
"87",-7.10569888837369,-37.2332884766192,-212.662074261396
"88",-6.89947060833879,-36.7478526621126,-191.638741293196
"89",-2.17671522782859,-2.54696929136026,5.41813350469056
"90",-2.80275765758824,-2.65407745945095,30.6853342643371
"91",-9.13181073926114,-48.3936022833841,-254.334700316747
"92",-8.44025866715435,-45.6393616143132,-255.933165854098
"93",-2.51870664600062,0.917885890059097,44.0274335230915
"94",-4.70574581365281,-8.92945528252312,44.332501093515
"95",-7.9625387760949,-44.5276791244005,-280.973607366243
"96",-15.5185080211241,-79.5655338139029,-390.0224424439
"97",-5.10406446691775,-16.1544110516679,-51.0202236168516
"98",-5.07746467069626,-17.1981515636435,-45.6214640270991
"99",-5.69294043110528,-20.349647420448,-52.4789609937834
"100",-3.67056837064956,11.6202959198681,223.899158202496
"101",-9.06251163616093,-42.7991850483754,-217.192232454317
"102",-8.43649907548934,-38.8311309194996,-179.210907461711
"103",-7.27014715286487,-45.2420382064684,-282.388180173735
"104",-16.7466968924599,-92.1240667227794,-509.352842333574
"105",2.98036000402124,38.7534307282426,340.353190542859
"106",-6.3428705071874,-17.866581375135,-25.5634500931465
"107",-5.65325023460196,-26.9317629196003,-146.241033595194
"108",-2.26480893152643,9.49203536290906,180.359892294357
"109",-11.4061970637819,-54.1722002584834,-243.093522704985
"110",-6.92196524853091,-25.1125919885249,-71.2117429781101
"111",-9.18918700595634,-49.9856967509672,-274.285316893345
"112",-8.24037117485159,-38.6994770722758,-179.816099407468
"113",-6.11147520647876,-23.4152873372223,-85.288496082092
"114",-13.2781202685547,-76.5956514160207,-463.786974790992
"115",-11.9400538169316,-57.2822472383064,-273.285156401498
"116",-9.04970564747271,-34.2794301326057,-119.174697342894
"117",-2.53036243979147,15.4959390412455,223.897009037941
"118",-4.78028568800698,-12.5121495652083,-7.12266291075503
"119",-17.2644681475169,-101.55325250916,-608.347034682931
"120",-4.19646332024229,-23.0973214918677,-139.267570627599
"121",-6.88357035932381,-30.7716161829185,-135.427470556964
"122",-4.22586125744579,-6.64753667836385,23.8908777241068
"123",-11.2021441156783,-78.1634349813255,-500.421311532727
"124",-4.18027155241714,-16.0325554553433,-53.2770839297245
"125",-1.98035255408354,12.0913175069836,186.143778483558
"126",-6.40538523613225,-24.1714050405121,-53.7273471530389
"127",-3.19677713734677,-8.69668750114852,-12.1424141803855
"128",-7.65704944139475,-37.7692604570498,-189.530419742654
"129",-10.1162788335838,-58.8848846798917,-359.79785120106
"130",-12.6757709020217,-71.8764553392564,-412.585129264924
"131",-9.17084489643219,-34.12884563632,-90.7019978473327
"132",-9.65201389138826,-60.0166320816145,-357.24412504642
"133",-6.06366873506192,-14.3114447045923,-2.11265712105524
"134",-10.5083763074284,-57.238583295275,-305.706731145125
"135",-5.72747199548837,-18.0298963243363,-42.7415620857901
"136",-0.711996998465338,17.8599012857935,202.408688133744
"137",-10.9437825173711,-51.5826387202615,-256.197239952118
"138",-13.3719764471901,-82.4450864615073,-510.658152695707
"139",-4.66309293964127,-17.2624369190203,-67.3088485230037
"140",-8.64987889455335,-22.9012268883489,-16.0828380270286
"141",-7.77163158269411,-40.5798875947717,-206.919322774749
"142",-3.37627096074391,2.38344576555983,116.977361959949
"143",-4.1189142447854,-2.83326403820593,68.7534267745705
"144",-4.85037625343466,-7.73891026146748,45.2869676350347
"145",1.16906863340898,31.8832542435653,334.927897307785
"146",-2.52942447232226,-5.11127465761683,-1.76378299686075
"147",-5.12255669213846,-15.0629417192977,-11.3123721697684
"148",-11.0296080209337,-50.4482876362322,-234.466715509267
"149",-3.07932999493619,-11.246088827143,-33.1939453974846
"150",-5.834227356219,-32.9534314466255,-184.279104109752
"151",-12.2689174261848,-59.5341560619881,-284.566850955345
"152",-6.48924994354525,-17.2986931746427,-13.1620291131439
"153",-5.76995110869268,-21.9748977618065,-78.4681919114228
"154",-4.30133948329967,-4.09188085289543,64.3860230327282
"155",-7.44265021544709,-40.37957969526,-234.851841638583
"156",-4.45741711590802,-18.8939542295079,-98.887680056534
"157",-8.95434115618548,-45.4274255685709,-237.09144548764
"158",-11.2617164637516,-62.4634434854543,-371.928209631065
"159",-5.50039062846986,-31.1281790150915,-179.682530771664
"160",-2.64746992625487,-0.116482157035989,75.9495088846979
"161",-7.06987365935697,-27.9730450231223,-101.579215068048
"162",-10.0499322136255,-49.4999366338575,-256.67947561978
"163",-9.56236422447409,-44.0496162994577,-207.353136104748
"164",-6.01277648147584,-22.4006389218057,-76.2991000869806
"165",-7.7490328496724,-35.7868685865769,-154.75756612923
"166",-7.00035725056978,-35.508332290522,-198.605623344934
"167",-10.6788506808368,-40.4402115137636,-117.331771305069
"168",1.52385818711548,28.5035952749677,254.177007624767
"169",-4.98661225657861,-20.1475778366944,-76.5767485582692
"170",-4.7659884358693,-12.6720747633849,15.3303620127881
"171",-4.68362298413638,-10.6968486434839,-14.0254297395386
"172",-9.09031554837293,-46.1994320607387,-250.306236305052
"173",-5.68394711550752,-22.1257490595358,-70.1065745569776
"174",-10.7180465882229,-60.3134324169625,-334.451877293597
"175",-10.1699642148054,-54.3015164462447,-282.228990907763
"176",-1.18847051682599,16.0191046507675,202.349370410499
"177",-5.01219731438334,-14.7684981529501,-5.72539361311283
"178",-9.97246663342116,-42.9716923665706,-163.791410789961
"179",-7.7286259784712,-39.2460158239933,-179.714621949082
"180",-9.07008625247681,-43.8176679635221,-224.004035775743
"181",-7.70464700121818,-48.0939715594714,-291.253957813251
"182",-10.1459515094489,-58.2172999115244,-334.303280989883
"183",-5.86596661122348,-30.0629830004273,-183.965748426552
"184",-1.56082161849497,5.69562974019118,102.523437277961
"185",-0.702178259350262,17.5643356966971,222.677288485886
"186",-7.36826718769635,-34.5967226124244,-174.082098999916
"187",-12.6889187731274,-61.8430074961525,-307.832081510423
"188",2.47597732637757,36.4301904850222,343.213211055196
"189",-7.3323485668493,-29.8563550750209,-120.634457206586
"190",-7.50307245289184,-28.5624280057255,-108.475576476219
"191",-2.97545513236878,9.63222688988162,173.943826958148
"192",-10.7253945604321,-61.4560574597197,-360.867064644053
"193",-8.88380088435406,-56.626141789468,-343.354620110467
"194",-6.55615023762232,-32.4854306171824,-178.788708134925
"195",-3.68716760440668,-1.70468718111397,101.116331254929
"196",-12.2244801852308,-70.136290862185,-410.738690814183
"197",0.89119426595812,9.45474778194512,64.0036992217192
"198",-12.0144697376999,-64.211024185159,-353.604582202461
"199",-6.45360147913993,-19.3599336839834,-39.9706675506113
"200",-4.41615808255108,-22.8239614302952,-139.494361760062
"201",-12.4240917537999,-58.6491662223832,-281.645708881351
"202",-4.36908765279372,-15.5492370610718,-43.9759658320763
"203",-6.92787289003297,-23.8016394835067,-59.7769366379034
"204",1.23041694076551,37.3224093534564,344.304673908469
"205",-5.0746631669715,-17.2947388372163,-67.2091804788306
"206",-7.56100273081449,-32.6384677401948,-119.599980636893
"207",-1.51233192765744,11.266696889887,166.130056093201
"208",-13.5205058399316,-74.2309104461001,-397.196309250226
"209",-6.00739601179669,-10.1454298280933,67.5115169269029
"210",-3.326814170906,-8.56931659243355,6.99049400450349
"211",-15.6970306906156,-84.9098012348356,-467.141758142321
"212",-8.94389457261695,-60.0086400918269,-375.926537464633
"213",-4.70322105537332,-15.7523046408114,-53.7667498499868
"214",-6.82198248349357,-35.2737283798165,-182.77543847561
"215",-7.38446087815703,-36.4346902492293,-179.22809279703
"216",-8.12967859373202,-43.4582682498799,-240.180836565909
"217",-1.80198460312897,4.02704863044983,80.6911812333983
"218",-2.75710681739747,2.39864101464809,98.1950944011624
"219",-6.29647267735572,-34.5193275593815,-192.310399701573
"220",-1.36076448709366,11.0781830030501,128.270653722422
"221",-13.2695769594676,-64.2570400986026,-311.560996006949
"222",-2.31127163859321,1.65690492642034,89.5894249703269
"223",-2.1574706410637,5.2594637616412,94.0901796002963
"224",-5.95863090149817,-20.4784456449634,-77.7475370432312
"225",-7.70684031033443,-31.6212606328841,-118.707848344689
"226",-4.11955157948591,-24.6577959624033,-190.004089152491
"227",-6.42231506624478,-26.3391759910191,-115.058146832855
"228",-10.8310707952764,-58.5138947458606,-329.488229249362
"229",-10.0862015932202,-55.9014005263377,-312.955151629641
"230",-3.28212455277924,4.31693346615612,109.426791126663
"231",-5.38007446331108,-14.1818327881761,-24.5007757078911
"232",-4.20434500843646,-9.00133450330441,11.5892304552144
"233",-6.53275352123501,-27.9184287816747,-131.599089699685
"234",-2.98996452606082,-2.91349238971725,61.8078151693571
"235",-5.49544853103328,-20.5391407896268,-49.028036474876
"236",-6.10343146199875,-29.4566065007443,-142.922597363777
"237",-7.14434474187135,-38.5609981564025,-204.792638921677
"238",-8.43180380998274,-31.9249954088887,-102.082810421631
"239",0.437233161308541,33.576707034144,364.918335124128
"240",2.57228389778527,15.5549114777764,72.5440520175853
"241",-5.23295497702884,-10.0123904098095,32.739728519211
"242",-10.3952266097249,-59.3123648107137,-335.150740629342
"243",-3.9257705690427,-12.2958053773873,-17.5913723017165
"244",-1.9309162188656,-7.19998028369218,-3.28787352174186
"245",4.14041928156951,47.5691611792827,398.138694983954
"246",-3.82795198648978,-3.70185949006736,72.4210117515122
"247",-4.96094743340802,-17.1958216409744,-19.1457851242649
"248",-12.4080639223512,-62.5074294953474,-328.446479812272
"249",-3.96727353103768,-11.5794909494753,-30.6957192485279
"250",-3.30586411504964,4.0467029458232,127.11538789628
"251",-5.1298610885965,-16.5536059389365,-73.3225271912397
"252",-12.6528860596655,-76.1254104346619,-441.821048801616
"253",-4.59517697380898,-2.06185357794811,99.3258015651136
"254",-4.74361679003164,-21.3440552491388,-113.530282949519
"255",-6.41531877619934,-28.9805565547681,-152.583105746371
"256",-2.07348151762551,4.34806336272368,104.345157137506
"257",-5.08084335823571,-16.9606555295654,-54.9326777860642
"258",-8.07503322792741,-42.8749464386428,-211.252822048058
"259",-2.49369792076811,0.140396388898353,45.269605814985
"260",-5.38558425044926,-17.4628927189965,-44.3565071655503
"261",-4.86019216525847,-17.3859796370143,-63.9157331163333
"262",-1.67012952746006,0.416757774010421,33.1680031224187
"263",-9.45536614624768,-48.6136359366533,-244.103567700568
"264",-1.30961976626577,-0.193300253710731,31.7228741466006
"265",0.491492265910892,19.0183881616267,178.313150684118
"266",-0.544964925055979,14.0180444186917,133.699973157845
"267",-3.08212409541397,-7.18094066355116,17.6209742728643
"268",-14.1399451221358,-73.2550136394307,-402.400268434976
"269",-8.52331236812358,-36.2418047298352,-173.868579414386
"270",-7.27312626715343,-24.0874415667722,-39.4359294819678
"271",-8.22831477987881,-38.5924188200997,-213.007287395923
"272",-6.96774249990528,-23.2814362523604,-78.7825450203036
"273",-7.53855658154964,-32.318297761035,-137.21772592112
"274",-8.46297909868838,-41.7583437755957,-214.011981976289
"275",-4.53099323905997,-10.0914962261918,24.2100553544478
"276",3.74169182849585,27.7187585852457,168.203945542058
"277",-8.33640618210495,-44.7611850247099,-273.148655872583
"278",-7.17235264878821,-31.0848880498188,-138.95075158474
"279",-6.91215307552682,-28.6477229653542,-141.50663346777
"280",-9.16070007890119,-52.337634091959,-309.939731991777
"281",-11.2168148639679,-65.6071593960644,-373.089180761026
"282",-9.03526950186813,-33.4656075867847,-71.6838672241774
"283",-8.60699579739116,-34.4965735046544,-138.274428699871
"284",-5.98776887726967,-17.2650502885731,-15.5670308491208
"285",-1.35173247858188,23.8150464100831,279.376994086157
"286",-10.7293473400539,-64.0533863559265,-381.435263778007
"287",-2.80270890258987,5.6365686451004,149.15330538026
"288",-6.76410902506655,-30.3398804533463,-143.064163378624
"289",-9.80946868910144,-57.4355049357546,-309.699642814092
"290",0.887697619857818,28.7717398312425,252.173434883824
"291",-6.46930976521605,-28.6357503190957,-113.981954861501
"292",-1.3577052477724,1.99191670674418,48.4849538297949
"293",-5.75744962962438,-26.8009654368952,-119.692747748302
"294",-7.48577447348953,-33.5591960674446,-136.238181833312
"295",-6.00388503421198,-21.4503066052321,-65.9358564911854
"296",-5.49964417430294,-25.2893964066675,-128.1002108099
"297",-10.8393759382564,-62.6547748961882,-358.322112478219
"298",-8.49020485051051,-44.4940569704218,-231.227987785214
"299",-16.1359656160797,-96.0618627620977,-560.953900420274
"300",-12.6092150163015,-75.6878901137891,-421.905029884707
"301",-6.30911356444483,-33.5901340821501,-178.44955246959
"302",-1.65055737763532,11.9378337287812,202.86739052894
"303",-8.00102510979161,-44.7008673860578,-260.683161154135
"304",-6.84930958353254,-25.6828778847926,-83.149462520234
"305",-5.64482007495178,-15.9895164074946,-3.2292430944326
"306",-9.15979695176554,-52.05741873241,-304.623135883734
"307",-6.96534358056931,-30.3536003201548,-135.218099379601
"308",-6.6497026709543,-24.7668222526186,-106.783536604435
"309",-6.30999831893064,-16.8071065599333,0.97438273595435
"310",-5.30391765566537,-14.493886755537,-9.31043833145304
"311",0.450279430767523,24.1286168977913,233.720497832499
"312",-7.18369271336746,-34.9177518672186,-153.184700326274
"313",-1.7993081578237,5.89874899274628,100.719666821036
"314",-2.74997813889956,-2.17187665154779,31.9106829394423
"315",-13.4263417163608,-71.2570395990329,-383.855793477731
"316",-11.014610586816,-55.2978637905937,-291.170629220151
"317",0.338621747140337,16.2356575646122,158.435788037927
"318",-1.91535752930429,7.12706796343082,125.546460272641
"319",-6.9190754859676,-36.2338390017972,-192.589757954116
"320",-3.4343556438871,-13.1204365284334,-36.6734482295324
"321",-8.72375126065981,-40.8259478311888,-236.915551053909
"322",0.399278567654051,28.414318772921,276.252241315351
"323",-4.68420891339247,-15.2787601435202,-30.9612711792161
"324",0.253998372426054,12.419386639383,126.750966857402
"325",1.22231583494909,13.4450655669571,76.410913605836
"326",-6.2083539955305,-21.0680717624114,-40.4499761102816
"327",-5.49461054129381,-2.23275844195632,141.369009118949
"328",-10.9504019179453,-65.311575770043,-381.635522016655
"329",-3.91090451945297,5.67943406399399,178.166199419045
"330",-5.88122449226796,-22.8218631342402,-53.5931801799634
"331",-2.93401102014752,-0.249028502129022,65.8184012944585
"332",-4.57879406677205,-9.7041346283122,4.82105703804882
"333",-4.47464701570993,-3.27717988723998,89.7530974776018
"334",-5.81716389206929,-14.0980257801157,32.5597012581275
"335",-2.56310890543261,11.4867999835437,201.037546939231
"336",-14.0682447478422,-69.6227566037117,-344.356835604271
"337",-5.59337391017311,-26.5364160370727,-138.961344646594
"338",-5.04164278999883,-9.84199133659649,27.7510842051652
"339",-13.0607619827829,-77.6533436036384,-467.990373959881
"340",-7.53957588709238,-39.202525171157,-231.383334564945
"341",-6.46270880803058,-36.1443803566704,-205.258378517014
"342",-5.20967440190816,-23.4867506662149,-108.10001758115
"343",-5.94867827651694,-22.440277567965,-72.1471092481424
"344",-5.33277363995489,-28.8691023909596,-151.964038642831
"345",-4.94149966672819,-18.3351766743885,-57.78938119128
"346",-0.809311313789522,13.5633676902271,163.785635642767
"347",-3.99594024474607,-6.29589649311447,19.4629711437829
"348",-10.3227428053286,-51.4487608080954,-248.917182770152
"349",-4.74477346115384,-10.2881550870934,39.0267178608083
"350",-3.64445436974211,-1.09216778002701,80.6045512944802
"351",-2.67783101158204,-7.97288162940549,20.2141794725485
"352",-7.61995342552518,-26.2220710854735,-80.8292612023743
"353",-7.79787877629565,-40.9397535803496,-209.789023898649
"354",-3.7242607127796,-7.83892316822858,21.0777361273576
"355",-10.8940975997841,-59.4685860051509,-315.153593354698
"356",-5.63195610446724,-22.3711927813615,-92.9595355426227
"357",-10.211364981561,-44.5719113471073,-167.356395772807
"358",-8.76505951377555,-38.9656455517943,-141.361935403871
"359",-1.33746569827815,19.9977949907075,235.321603306478
"360",-10.2031486535693,-66.6874555080026,-414.958878907262
"361",-8.40461647942061,-43.73787243589,-239.041850619193
"362",-1.89629397002466,0.25376859389462,56.1701194110301
"363",-4.02041001497855,-18.205090021735,-85.0891403606656
"364",-12.2082003673496,-75.8388684408399,-470.091239597146
"365",-2.61806174093817,-2.25648759436535,58.4246917006658
"366",-5.6116435398701,-25.6656634304181,-132.986071914529
"367",-9.4979492571473,-54.5394832743782,-335.366922603174
"368",-13.6518781655092,-73.6302763921672,-409.579099136487
"369",4.31144439798595,54.9391223520524,463.462417932489
"370",-5.5132876286076,-25.9876023800539,-125.230300066756
"371",-2.95424325477063,-5.28605044025016,24.9006435113442
"372",-5.73941494428186,-24.7726852303599,-99.4605156172638
"373",-9.53344608502846,-40.6833410726354,-179.944993503685
"374",-8.83460483802094,-52.7356765840568,-323.143476504227
"375",-6.2628427796318,-18.6307942010053,-11.8429838533939
"376",-9.97634421270061,-52.5250308706509,-272.761628689348
"377",-12.0109159967725,-78.3217612428011,-490.735404145655
"378",-9.20326849090441,-40.0722027895831,-169.974630082668
"379",-8.49607649893096,-60.2656646779812,-392.011828915154
"380",-9.17007014786236,-56.0505366829032,-335.551391099903
"381",-0.954032185793949,11.6028363586915,142.429770356675
"382",-3.35933167712324,-6.53880221133022,-2.17287263331491
"383",-2.31495323354909,-7.59719003337568,-32.6871582844778
"384",9.12192609743988,84.1191514521092,617.718306165241
"385",-8.04541941570415,-42.2323236736697,-246.623950603627
"386",-5.06335103436209,-22.6921740351991,-131.279932624031
"387",-4.33794794683286,-14.8435454545861,-40.1271668552454
"388",-2.12762504992645,3.6042488717585,77.6772253568088
"389",-5.34961513523774,-22.2020604719501,-102.767982432228
"390",-4.22049243805725,-6.5964581490698,41.4394696682466
"391",-3.8756178692978,-16.7300530617331,-78.4601440236765
"392",-8.78814282064877,-45.6911017713855,-224.390059610712
"393",-11.2020307950801,-57.3067152656333,-292.671880499665
"394",-3.16324194869605,-1.08141401318608,68.2903570408889
"395",-14.9986387265225,-85.4507488434685,-491.482763835435
"396",-5.77998047734798,-32.8297019802303,-190.108070763603
"397",-2.07616179259071,8.24702631218315,144.919814203262
"398",-1.5833170771723,14.9378307919546,190.662089455436
"399",-2.76584065819475,7.85273698959827,151.418675616678
"400",-5.08504883681553,-13.5204651847735,-15.3820637127446
"401",5.45584708360695,51.872008939019,362.165216171321
"402",-3.69898402390936,-8.29416965731571,3.07855623956129
"403",-5.30364759856047,-17.6729077632913,-62.7504980703688
"404",-3.82100082632508,2.90386760877072,118.212833494872
"405",-7.95633324644541,-41.8152128456222,-238.493400234434
"406",-9.94002909545884,-52.8739110823612,-276.169094326982
"407",-7.50030850390374,-40.5258319646559,-244.008976979781
"408",-6.29730337046647,-11.3532216693288,59.5487601513978
"409",-9.40941229061457,-49.9980233007072,-268.224059412552
"410",-3.10570111664754,18.3003238072733,258.061806209082
"411",-4.10025757116443,4.29615613129818,161.411724646565
"412",2.06036228316236,30.3385591699212,245.326886594345
"413",-13.6340410241959,-83.645349483164,-512.291130762409
"414",-1.3708218976135,6.15370920491614,76.178466672578
"415",-1.94361507950509,1.77149583500022,78.2853096649324
"416",-12.2114117016131,-70.2608183171908,-411.049504699115
"417",-3.9792917900794,-3.12281673951338,52.0245136871472
"418",-4.07156869188259,-11.4956209584802,-9.20521749122418
"419",-3.83987645309458,-13.0687816825571,-44.5996612420258
"420",-3.36566704044822,-9.48934983831668,-33.696688748978
"421",-7.81738957984862,-33.1019694255524,-138.017959813444
"422",-7.24675050507756,-40.4493362265289,-233.083086708757
"423",-4.48567330622564,-7.3381561111978,16.1821264288083
"424",-7.37880758421977,-30.1306360828034,-147.278451694649
"425",-10.0312645945884,-50.1646884829552,-255.174434404191
"426",-6.43270671116659,-35.0351316344991,-191.054482153259
"427",-7.33896607387521,-33.5659949702372,-158.155481022382
"428",-6.08196144649219,-25.780136521204,-118.005284123219
"429",-12.7264678369605,-78.6349453372529,-478.10534326213
"430",-10.6118522283238,-67.6512070212627,-417.872128421925
"431",-5.89673088577342,-33.3805892760788,-154.429903789285
"432",-3.40915053781077,-5.42993257785702,57.0892016806174
"433",-9.80732426857162,-52.0001345215178,-280.372818316624
"434",0.317458233551179,33.1243546032374,311.75262376687
"435",-0.743344270311354,17.2359973884209,209.193362967233
"436",-0.900835166566026,2.76200730502387,49.6210267248516
"437",-6.02979408893702,-21.807271604428,-81.659722294331
"438",-1.11834432614592,7.71357077138191,118.720411965793
"439",-1.9006258198965,14.5657516448714,222.561146926568
"440",2.84886494207069,37.6896380901421,329.049464508691
"441",-5.30048578576304,-10.8796072673231,24.5267689065931
"442",-9.13756193637573,-48.3345189354577,-270.31061343526
"443",-4.46439021893434,-15.7342021173999,-46.4302271166234
"444",-10.1771670114248,-48.8677903504731,-225.809213226938
"445",-4.43245358644231,-13.233890541253,-40.8380785031404
"446",-3.77799100595882,0.772797419462222,110.375620524834
"447",-10.3682136852061,-51.1439532588756,-240.234560599431
"448",-2.57445320394345,-2.37545929990438,42.9669180949986
"449",-10.8128195528535,-57.427379963945,-324.273007286602
"450",-5.77153809858248,-24.0448969151057,-96.7741386203688
"451",-4.29293233065096,-18.5021083325505,-77.3844372261447
"452",-4.1476508364857,-9.37327658530694,5.08466178192248
"453",-4.41717125524735,-11.0447005778733,-23.0267006533359
"454",-8.77712566680214,-54.2327541154623,-320.382871403724
"455",-4.89063962994931,-10.0209314920667,35.5988520315277
"456",-6.67015964246116,-31.0838714934735,-160.176445299419
"457",-8.19517860271071,-46.0288700211681,-250.653995648714
"458",-3.86276520107538,-11.0092654720943,-26.1899629335639
"459",-9.23957560194231,-45.8409220091244,-252.225881386406
"460",-2.01961060408576,6.62727899259698,119.419589443545
"461",-4.90543815044111,-15.2913463596665,-22.2485979239955
"462",-4.35570721994952,-4.88064917451766,51.0984564318242
"463",-8.55165761524358,-32.2622977881142,-116.151158156114
"464",-13.7414450255986,-77.6702510154164,-445.533380919382
"465",-5.380853468439,-20.8065645608731,-52.5853283405941
"466",-4.83246034450724,-12.3996859708104,-21.909147969096
"467",-14.1967109971553,-87.2415092744802,-558.583901040243
"468",-5.44133278874301,-7.21076474538677,65.6257548848316
"469",-3.85190168907741,-13.8467525337937,-46.6417048480889
"470",-6.31394132823038,-16.8199117473678,-5.035418430356
"471",-8.28802309194373,-38.8928766109011,-163.4808494361
"472",-10.4544139368343,-45.0875024753809,-200.853358623321
"473",-8.14343098831364,-36.8984898432232,-189.78197718987
"474",-11.6199052918161,-65.3768391631886,-391.76104771021
"475",-7.28067022376081,-28.1891767571469,-84.6936258169499
"476",-4.1871897994863,-16.1730451601097,-62.6243580428654
"477",-1.45813111050802,-1.37984756112201,12.3362649358714
"478",-9.58851303945551,-43.7360863788467,-181.963912485824
"479",-2.47927331965468,2.23405089052267,83.340065717377
"480",-2.50492365446553,4.1127090333348,104.638308210267
"481",-8.69401308693,-47.0624463804361,-255.792028931573
"482",-7.72906179876293,-39.5209058520791,-222.02275432394
"483",-6.58571235055308,-28.1097499681509,-124.830243655904
"484",8.39479744945652,67.6143757863197,462.27493674514
"485",2.18422024681695,32.3447658712244,281.297077547059
"486",-2.27577224401523,3.43400209109359,96.2394596839604
"487",-16.2391834079913,-107.499708866051,-691.009771476476
"488",-2.86014614023816,5.62816395194432,152.263651166071
"489",-7.96118262747166,-40.2135519115363,-205.999661237007
"490",-10.5599939314977,-55.7975904678763,-312.93749921139
"491",-10.6105086249473,-59.384587944648,-334.916104629161
"492",-4.08855219251086,-2.66257965425075,67.5753227061214
"493",-7.15506876065206,-15.2259984972629,50.2630262632938
"494",-8.26416241978677,-44.029982227587,-250.116150355005
"495",-12.0590983420118,-68.7282785548919,-383.22624467742
"496",-6.185247368148,-23.0806298927273,-69.2759196722636
"497",-1.91069329769596,4.73570009595051,102.694095697572
"498",-13.1535797876567,-75.1567488358578,-431.506738942764
"499",-3.99578750785179,-7.26833435236176,60.4160819328863
"500",-4.93279022563934,-9.2775708457134,30.8854261280139
"501",-9.1427277278309,-37.2722653173714,-158.42587845364
"502",-1.92603936742137,1.2316526579848,64.0657966705876
"503",-12.0609070100343,-74.1549444862301,-455.110885658771
"504",-8.07301757331538,-32.2783375497788,-107.288441001108
"505",-1.64124475694075,14.4344177984131,201.512386641445
"506",-13.0059293271401,-70.7115760473439,-416.315914760244
"507",-8.48561098869686,-39.7342025925855,-204.881487708049
"508",-14.9068147401314,-74.4336868414114,-360.523713001234
"509",-1.1937189912577,6.46937804006393,71.0449167296356
"510",-8.68607998349205,-44.4417643624124,-241.847281114848
"511",-6.16490002814783,-31.2064362591937,-157.471637917402
"512",-12.0591368429737,-63.6508982742246,-339.86755938295
"513",-6.97212494101518,-26.1961536154549,-88.7707668833173
"514",-7.53376575142806,-38.9682506198892,-233.815833149021
"515",-4.82353206263451,-3.488860610541,83.5832893590268
"516",-5.09741767502055,-20.8740289218354,-65.1159253337119
"517",-4.24314336861244,-16.8618463164439,-86.1314909671783
"518",-9.17673158897776,-52.4572927729528,-301.183930700077
"519",-5.3906950923764,-15.9211453209659,-42.9356208373447
"520",-3.71413656751247,-14.3587202366971,-51.4612488078292
"521",-8.32264094453058,-40.3558251927129,-213.217090396829
"522",-5.32276609375606,-18.4390338342305,-41.9848686468395
"523",-0.882967508937213,18.1624102240266,195.183424562121
"524",-8.5425765143226,-45.7371147776771,-226.214472101154
"525",-10.1154272423171,-49.0859887868914,-244.9549010993
"526",-6.11605211344568,-25.9759135545119,-95.2849795899347
"527",-2.19082616384128,8.75947154912637,167.356166198068
"528",-7.20361404334244,-25.8864165077375,-103.965950525777
"529",-0.612445810353393,20.2848420325613,241.21560553394
"530",-12.1438307233303,-72.1913135187456,-421.364665962719
"531",-8.23568104008439,-46.9585745783347,-266.82044615507
"532",-2.12861157919804,11.5712211925552,181.647641135041
"533",-13.2024457313338,-77.1331496040054,-449.218548574252
"534",-3.78581379665343,-1.55796871945859,90.4946600626099
"535",-0.311113793272852,22.413851411402,248.14093663898
"536",-6.87756212165618,-33.0653563931751,-155.944835180679
"537",-14.8519903450424,-86.9911995613345,-529.490805601534
"538",-10.2277084081502,-55.6466614919375,-330.054330428431
"539",-6.19166491333601,-30.9140366038782,-162.922274487575
"540",-7.46360162585211,-35.1060464509865,-163.58507659247
"541",-8.04891177462787,-49.8795757865059,-288.652856647095
"542",-5.98530354890727,-22.9039213639662,-76.5533804087354
"543",-3.41765260619866,-15.0422462058818,-99.0427615725421
"544",-2.65997611647413,10.5042233887984,185.716140711334
"545",-5.55392339720561,-22.7312965464448,-113.881215437847
"546",-6.41396864780506,-33.2005295974182,-181.136237703078
"547",-6.62042451235413,-21.9526198594463,-60.4477219503187
"548",-1.56369531469284,3.52891306687707,77.0274854643376
"549",-2.62824967901872,1.66679615592011,80.9653200176217
"550",-7.31579410407335,-36.7090444307005,-191.490388425738
"551",0.208314446724671,27.4373809518861,294.212652729797
"552",-6.27562774545856,-19.4973868868965,-31.1915628027946
"553",-6.87089138293732,-30.3589532907608,-114.847454762343
"554",-11.2984592080857,-53.407302504691,-260.499972328522
"555",-4.1003744978342,-3.3941328994747,77.7400051769055
"556",-8.49243242735372,-41.940638265804,-198.362726123885
"557",-10.5416155718599,-60.1254376563184,-339.470849168581
"558",1.29100724265049,34.9005032392411,304.105908703741
"559",-15.593890443758,-84.41553412747,-456.536085659402
"560",-4.5793155253059,-18.6567005692636,-92.3919409500995
"561",-2.41961988719197,-3.35686519208548,43.3224276546134
"562",-16.2920893385684,-95.8760924971557,-569.052596206191
"563",-0.536797827087071,16.6735753541675,191.67072665872
"564",-7.14993684825231,-20.4448785998011,-36.4527130988063
"565",-7.58732303318175,-40.6401912080432,-213.718108525261
"566",-0.902711272956253,15.9017031607036,163.890846805873
"567",-7.74691261098508,-32.3736905207552,-141.952366029833
"568",-4.28891272185581,-3.71321885278758,62.3995028276058
"569",-6.84633387074075,-29.9930345787429,-122.251959575808
"570",-9.91799779968085,-53.5802857495501,-295.327417512122
"571",2.09843452580822,35.7699126464877,313.578795308704
"572",-2.53674197217617,5.84557099382528,112.401843314065
"573",-5.51947125218942,-17.971906639897,-54.341053848766
"574",-6.06365430296989,-19.3533977122352,-32.2659923377669
"575",-5.58296625808975,-13.9914910848697,28.2829606742562
"576",-12.3840413256539,-67.3357715244606,-372.737605630144
"577",-0.132930667702908,8.14273350795838,99.7864120107715
"578",-12.8311834576184,-71.2530821853127,-371.726212533764
"579",-8.83602445282213,-30.8735527775807,-116.475057830052
"580",-3.99416327156052,-1.16284007869399,80.8102107383129
"581",-9.48269707361908,-37.7779744091308,-149.53182560057
"582",-1.94247012889582,-0.357774822107331,45.4741404626457
"583",1.27343473707788,16.526355666273,168.248178323593
"584",-8.1238556215726,-45.8020726120185,-240.571746424914
"585",-10.2483697854246,-47.9395168029482,-196.520979862664
"586",-5.37675048074425,-25.9126475783764,-121.619847171874
"587",1.4366849662008,37.5888268843146,357.641802222804
"588",-7.06410367779529,-36.0060890747973,-192.406066514008
"589",-4.94698817510073,-19.8399486958283,-67.79826463672
"590",-9.10352249312041,-46.5591336812286,-260.891596318383
"591",1.33468586027266,26.5605802284754,220.932312997766
"592",-9.63811219022159,-49.1568946635234,-261.43434364407
"593",-12.110905248599,-62.5274885082072,-324.27951900978
"594",-8.0695435482337,-30.2314013405366,-93.8733163161942
"595",-0.560607993447434,8.8762500097132,96.9361144204213
"596",-5.13213755003756,-25.562926980152,-134.029920282839
"597",-7.85365821887751,-34.2954043289628,-138.299394967962
"598",-9.42648388027453,-48.224134697828,-263.394860752067
"599",-8.07666165862793,-42.1130937889757,-210.47614548481
"600",2.86769091431097,29.0412235470239,214.977653397784
"601",7.90167071764427,72.1132721783019,541.821777493718
"602",-1.53602905360037,6.60003442432344,104.694528354776
"603",-6.9173144757558,-29.8551794440823,-119.926164691709
"604",-7.33920237666348,-36.9018156990664,-198.243113348926
"605",-5.5146152325832,-13.3181565414252,7.63136982073411
"606",-6.24298728865938,-20.4281902546909,-50.3570999853582
"607",-11.6197183725703,-72.0468364760541,-422.398585540517
"608",-5.32303790046149,-11.0018567165698,27.7882748385582
"609",-11.8572193867744,-60.1238414714089,-318.202153686727
"610",-9.34747843284742,-46.4679809454578,-221.958052143691
"611",-5.53115258636456,-21.7253183651278,-92.9248516827902
"612",-2.83405080282955,-5.51022788072987,17.3017421149434
"613",-6.61561191018063,-38.2967537080931,-218.513070012448
"614",-6.08445993287057,-18.4357778053036,-39.816606659504
"615",-2.12195738165349,4.96752418303231,99.6935492456432
"616",-4.59779784925502,-12.1191812311035,-16.7229960002369
"617",-6.03683731198964,-25.4318312096784,-95.8769299802443
"618",-9.51837805147113,-52.1852081134962,-289.992945483235
"619",-4.13100973026053,-8.39690700956589,35.5633071679295
"620",-2.57053191432954,-2.77489333845506,35.0182662863808
"621",-2.63697368764713,-3.34134470375329,37.1830073739311
"622",-6.04135070040377,-16.563572775322,16.9713152768181
"623",-3.55101222146277,-8.58432438233558,5.85633974015218
"624",-7.43053129042664,-25.9850099443283,-81.3669434814146
"625",0.507123012395027,26.8460572896497,243.793154583267
"626",1.29807297179877,26.7149160807212,232.379894562391
"627",-6.07811643222226,-22.3954334849659,-76.382365739104
"628",-6.44002814808891,-26.1669762494021,-92.4669523475386
"629",-0.354272384086244,13.502252250018,138.330365513342
"630",-4.47528006954929,-11.3663976526395,-5.963745238716
"631",-5.52595739996571,-27.500201909279,-119.163984245513
"632",-10.844930863279,-55.2325706698277,-279.666020948203
"633",-4.06974495761676,-14.4328033600973,-57.4148097692851
"634",-6.35980032888335,-21.9216434882637,-60.6590701597124
"635",-3.19795092718925,-5.18403394353982,20.4215756249287
"636",-7.74074769549429,-35.9512303406605,-189.706958083152
"637",-13.998895998026,-77.1331912796945,-403.916530773715
"638",-15.0994242994277,-87.9271155915765,-519.806365741821
"639",-9.59461532069804,-41.8964849721074,-170.357245266194
"640",-6.80231322172449,-47.960374232302,-287.675704177393
"641",5.18074604397918,53.033227414156,420.159366670588
"642",-7.81370193570081,-38.238714255976,-195.881109534559
"643",-11.2792431016943,-67.3004656401638,-406.326802688407
"644",-7.78513243693271,-36.3660197832523,-184.452621872029
"645",-8.33234297849265,-38.2550047198988,-180.474028691038
"646",-11.8275888198735,-72.0063696240684,-440.195050790318
"647",1.35754466175058,26.6707474947534,237.381805696006
"648",-1.69255891941543,5.49026447341885,117.684386790907
"649",-13.3953823778323,-76.403845551657,-441.536605514479
"650",-10.8430499853729,-56.2244407996413,-296.937595798128
"651",-0.316718876165737,9.03688248026265,113.817288832517
"652",-9.01817305251927,-47.4916451744402,-256.221600015922
"653",-0.349259646223345,2.21602106193859,29.2318659367866
"654",-13.9391010597931,-75.8667145229081,-399.566187980034
"655",-7.44288155926165,-30.690355755064,-116.784424980628
"656",2.71812284699774,38.4007530972808,326.97688316184
"657",-8.92755696521465,-39.9513610059362,-183.923669567275
"658",-1.50682515800656,-3.92213538066881,22.1247226702362
"659",-4.87544542474905,-5.60689952618804,72.990599802768
"660",-5.63016505875339,-0.725994519931646,158.569331609342
"661",-1.37942628644441,24.5293277561823,286.918105882114
"662",-2.267866076313,-1.16914045661224,57.1699865840328
"663",-7.74495373567174,-37.2458633575511,-188.216113529439
"664",-6.59780455674331,-37.9465822037282,-241.051139387018
"665",-13.4829811538457,-75.5922390804478,-416.539126457659
"666",-8.70822816393786,-42.4910269586294,-215.342979797977
"667",-9.51788294800724,-51.6457931690506,-259.170929936316
"668",-9.67457740714826,-50.1343687750596,-259.454934030729
"669",-10.0261746394688,-53.9084132129778,-303.334177333243
"670",-2.74526504294056,-3.31097185874751,27.7529711874558
"671",-11.905866062659,-67.1337766574402,-350.812702279754
"672",-13.409946584386,-86.8641356563242,-548.748796197562
"673",-7.01624764073836,-35.0969598591487,-185.20924994535
"674",-0.278580036789776,21.0369921092047,237.536333670425
"675",-10.8422137151144,-54.2029982440063,-253.751267201069
"676",4.85445412344416,60.4709004532892,494.136492351436
"677",-15.4599166912645,-86.7691719225656,-478.026015716505
"678",3.50119423801493,37.8439754173187,298.613923880481
"679",-6.48190959318708,-24.8818871903304,-96.5859792409701
"680",-5.56059847805841,-10.191460475392,58.5525323492657
"681",-3.26947874749919,-7.02472883594328,8.32908606702222
"682",-4.60519197039048,-14.695284504764,-51.0010196068597
"683",-5.83620546357167,-29.3117943623324,-140.426900413664
"684",-6.47513615117794,-31.6254600556822,-141.611722229623
"685",-1.9450134048999,3.78863809842369,75.5776479562574
"686",-1.90085008233962,7.13936435570258,116.574995973189
"687",2.70343821806523,43.5395563511088,369.108886357577
"688",-5.0164442360815,-10.4088114237247,17.974114544968
"689",-10.2352954268241,-55.3807677780107,-308.373480010685
"690",-9.92624858731233,-62.9245637848953,-393.271532227052
"691",-7.34515479791048,-24.9006357408234,-66.4740955067737
"692",-10.2548947681811,-52.6466933192264,-254.334188984045
"693",-4.84095947324988,-15.3252587663073,-25.9240846939138
"694",-0.224537454057895,19.3217399563709,224.247957562364
"695",-1.85556504243107,11.4598081007603,179.599418271686
"696",-1.57724459946746,6.49653200258672,117.395108514524
"697",-7.42163268124182,-31.6962799876865,-154.430374900747
"698",-8.05451836608427,-49.3543910118997,-322.654423262737
"699",-2.75650839592913,-4.3509228198709,29.1211533482783
"700",-6.78024832423966,-20.8141433433307,-43.9326881239558
"701",-1.34875711789857,-2.45150543938007,-5.8091061729192
"702",-6.23279992017331,-41.0663944769281,-251.121602891464
"703",-9.23317807718206,-42.1363134769222,-200.178410606008
"704",-6.72438174650938,-23.6885354563383,-75.9959723787724
"705",-5.78940918422018,-20.4002748986918,-73.6915786636582
"706",-8.8502771099586,-52.7715589397362,-305.751605829186
"707",-3.02771321280943,-3.66191074596281,54.6672943292433
"708",-1.67723678255879,9.43990613809228,130.146811690704
"709",-4.5657691762857,-16.7102040860791,-53.349337938329
"710",3.39094469944155,41.4749407699792,339.799082948786
"711",-15.5058764754642,-88.9688089284523,-518.830189418039
"712",-10.9704244734398,-58.6773026725082,-313.363785369105
"713",-12.152732436857,-72.9782811475318,-429.971246133306
"714",-6.53042796906436,-39.6219906530887,-262.101589459349
"715",-6.74157275393316,-24.6785198055504,-74.3941614612904
"716",-11.3686281789485,-61.2760058591998,-342.765872095561
"717",-6.32075200250029,-28.6646014388562,-116.950335189973
"718",-6.8216288356773,-35.2000799204329,-177.931841621075
"719",-5.14427079959603,-27.0118744065003,-141.736165461691
"720",-1.10835036149206,7.67677215002368,108.531073999031
"721",-3.82857188298294,-14.5354333369814,-40.0406613359992
"722",4.67557632569662,47.0141098038062,373.34782058846
"723",-6.25409357609965,-25.6596331371966,-98.561226314152
"724",-1.53447645826475,8.24380525998822,137.460297345626
"725",-10.6683454135568,-54.6760046513464,-277.765707294269
"726",-4.75282491766882,-4.52532235708713,67.2189176724405
"727",-0.494190944196362,22.8369934266052,257.691795827495
"728",-7.82842440681168,-34.6834736652713,-138.89878856408
"729",-5.75521739222017,-17.098640362291,-23.1499746440059
"730",-6.4304582475977,-28.3405201875053,-146.090972349299
"731",-6.25734062439358,-28.8409477380883,-161.040749648982
"732",-3.78178215881724,0.231491853553052,89.7885559307579
"733",-1.9361991669723,17.4216570916697,231.061568359053
"734",-4.87845331014955,-6.45843293078315,78.3074159272819
"735",-7.92891682210768,-41.0602575924327,-228.889081624431
"736",-4.19206639637196,-22.1449612221718,-127.004131208352
"737",-5.39381089778817,-12.8330822693351,-3.92161113819384
"738",-10.6748345909842,-49.4822974352392,-236.407950147979
"739",-6.60665730306835,-19.1576576164653,-15.7620711713826
"740",-4.82702595843932,-12.9182968826281,10.254335399004
"741",-3.06785399143234,-10.5290950944232,-55.0958357250074
"742",-3.0949228518225,-1.85490764931637,75.3291010428948
"743",-1.01381202848097,18.2470685195958,198.87263068211
"744",-2.58037861318667,-8.56391300096129,-18.2752753150617
"745",-9.90170444021362,-43.9587458565375,-196.29321766891
"746",-16.6550372279556,-101.65281760818,-624.040466831653
"747",-6.92790923553855,-43.8335411158823,-268.286158541749
"748",-6.13251009959333,-29.1650264235509,-149.176332586569
"749",-7.11950099945523,-26.789894046758,-93.3925726633224
"750",-0.291401137546131,21.4682672715076,226.682417717006
"751",3.23782586583468,40.9381050687471,334.114827615953
"752",1.05448741642442,15.3436199929629,144.092311484363
"753",-7.80154587884749,-48.7861689741439,-317.978915423031
"754",-9.84881952793057,-52.1810711635981,-293.291285614116
"755",-2.96260468638229,-1.8284905788787,56.497175356033
"756",-3.82142023091512,7.41165091078437,172.056834225155
"757",-7.2233086799705,-23.3917302770301,-70.9954768797706
"758",-3.42051684564888,-15.3195730788611,-53.7079754237366
"759",0.188343484567667,33.1589320429644,341.101838324468
"760",-3.3067125047387,5.59276855841381,146.51168707937
"761",-8.91029316104641,-47.579289777073,-259.685410089947
"762",0.878052151136671,25.0912476659023,236.726417954069
"763",-3.94667212019078,-11.3698093946668,10.4952194300713
"764",-1.47669078083356,5.86415936360436,93.8317942696121
"765",-3.14424044721079,-3.86861636308777,55.9235411746104
"766",-0.506211896737,11.0714931854,99.9352344143463
"767",-10.9094736817827,-67.3773077310375,-414.444520640234
"768",-2.97491131056177,4.77585424464542,117.918973817732
"769",-3.86391358881963,2.62697935665074,122.215903624076
"770",-10.930141366892,-57.0500829203929,-335.562915080309
"771",-3.08806382902515,-9.26652723817961,1.19161265142975
"772",-1.28557214246712,7.63528417607995,101.948642028714
"773",-14.9386996781994,-82.9674945296199,-439.869470040745
"774",-1.63669514542948,4.36271681081553,73.6636646161023
"775",-10.2745274958746,-62.7832707669079,-367.459582254529
"776",-6.30682592446749,-27.7098457304123,-126.143741655413
"777",-8.55682683338807,-29.4545205238073,-91.1657432322918
"778",-6.92466551967345,-39.4780115696781,-232.818111073513
"779",0.236723939357375,20.513370535391,213.803856594284
"780",-11.0785120841016,-68.0476157832618,-422.146907798409
"781",-6.37335640279412,-18.9354042374734,-23.9612552726758
"782",-1.72794056275291,0.0101718786931997,38.6708846621132
"783",1.53873395599771,21.8585343423197,186.077056514825
"784",-6.00004826817087,-23.2630919348362,-58.2104821804496
"785",-13.3169855387855,-72.7424154320399,-390.722822916685
"786",-6.17819807543458,-36.2262622576941,-226.748851789254
"787",-5.70784238449426,-21.8258915191368,-81.1352278818831
"788",-4.41486526733354,-16.8330396367792,-83.1543832653279
"789",-6.79709824275631,-16.4945566743409,11.9626440170432
"790",-8.40502408358009,-48.0729262223231,-268.708484134777
"791",-3.68325464306088,-10.3828364413712,-15.3705338472482
"792",-1.63646062534974,1.75624570339278,45.7074882913312
"793",-7.64346126343048,-51.8590389619058,-329.853218337339
"794",-9.50697342632407,-47.8684635270702,-238.213147443959
"795",-4.90490273898831,-19.7160192092724,-62.7871663125279
"796",-2.69371793686219,1.18865290117446,80.5195218186855
"797",0.206530871245263,24.7960711375608,260.21388277014
"798",-8.77699436293403,-43.7925419671783,-215.351882022936
"799",-6.51938823654314,-17.412463259911,-7.1164742978126
"800",-5.38397241453424,-24.6161476264051,-139.146558879365
"801",-3.57343493208225,-4.18107118482885,83.370605495058
"802",-3.24406382533243,-4.13568645976511,61.3360848931206
"803",-5.85630008337273,-24.7519535632255,-106.068825061871
"804",-6.87816554223377,-22.5712387141202,-49.1674648108674
"805",-1.09404191333488,13.6845451751979,169.520298836569
"806",-4.41462598600742,-15.8842111178701,-64.1117259116982
"807",-3.09382630421965,-10.6892419569472,-39.2835063636066
"808",-12.4742419379463,-66.5464377390376,-358.572433963931
"809",-3.37099256770091,-5.3187462391088,24.1930643783307
"810",-7.47190359021317,-22.8615718369301,-47.6868628441625
"811",-6.4008163726005,-32.5795482562653,-167.662822126573
"812",-0.975605942112338,20.085441954368,223.735510402938
"813",-11.976697044524,-66.5228467250242,-376.277080443395
"814",-5.63392710405844,-15.6011955447634,-5.23052993399506
"815",-2.13447905118289,10.7419326890995,160.682033017658
"816",-7.68255305336686,-50.7925849193593,-326.263468927358
"817",-9.9962370318558,-44.3999299281622,-201.122675854525
"818",-0.279524393482234,28.4291325301047,297.814319250019
"819",-5.69320175029952,-12.8128888396732,25.3478348586777
"820",-6.93752468311129,-32.4556851318148,-159.535137085619
"821",-3.13474096055586,1.70728270799827,116.96794591572
"822",-3.49516518236987,-3.3220758212783,60.9260967120445
"823",-10.2101026099911,-53.4970661090824,-276.403946026816
"824",-5.296851337671,-17.6273331855878,-38.5584109736992
"825",-2.14112311611439,-5.71470518358865,-6.30743796443858
"826",-3.69635824937598,-7.08773444679127,20.2518566310482
"827",-1.68592107526968,20.2235989850492,264.976986100382
"828",-5.00616693910649,-12.6410025836235,10.2336500359124
"829",-0.40335997640409,17.5661138395399,180.189760343439
"830",-4.10718892555838,-4.34210009362687,39.9058561918409
"831",-5.31946970270894,-20.2746442950083,-83.6126183909
"832",-6.60486179925908,-33.9602325980049,-169.02859678166
"833",-8.0135137258236,-54.8624015558055,-360.527407533427
"834",-3.67942919631366,-12.7524826235572,-34.8353190637736
"835",-3.15772606815074,-5.87710795391467,0.522808243607869
"836",-7.77914004449883,-33.9756527856061,-141.078856777895
"837",-7.20962878600972,-28.5925560894061,-128.226959172242
"838",-6.79801368481947,-18.6694476693183,-17.167355533762
"839",-7.81543960621457,-29.5265352619881,-122.953624652926
"840",-1.22136220034565,10.1776453232437,179.201511225154
"841",-15.8963564361586,-92.0165462589607,-539.632183892307
"842",-8.07048122897754,-41.6380427507761,-214.781172071975
"843",-3.81338911631201,-4.77553346524837,61.6853985990419
"844",-13.5858542635123,-74.6059194225186,-416.282440167959
"845",-7.89916383927289,-40.9884740276993,-247.81049274615
"846",-5.19445239282118,-15.4056977069945,-11.1399019160726
"847",-9.3037174948455,-48.8934816587562,-259.359820926276
"848",-17.7299325787958,-105.661670647395,-613.641590735879
"849",-5.85695595076061,-23.9431019105809,-108.397559215255
"850",4.65488719326686,50.3364693873787,394.829223287092
"851",-4.19108956633124,-16.9932501161315,-61.548195670568
"852",-9.8523518932584,-59.4684861780854,-362.935632500668
"853",-0.653408150570954,14.6763353382066,156.535428958879
"854",-9.43434816161846,-41.3264991066435,-169.751531428798
"855",-9.63865592230434,-52.7240330582231,-296.394220713177
"856",1.0674045452007,32.2336903853293,291.406546850261
"857",-12.3009436186493,-68.266918293145,-392.130234608867
"858",-7.02641846494089,-39.8469905325792,-209.301479364776
"859",-12.6828282892208,-79.1124334663873,-472.675253232142
"860",-7.78377423237771,-40.7151393792992,-207.984309425456
"861",-5.62383223920892,-11.0706665812586,52.0596709200345
"862",0.627550095870106,27.4854644365078,285.432716927686
"863",-3.86831013776305,-5.97645847583726,37.729382119167
"864",-6.40076787232238,-19.7190576311418,-49.8784154370242
"865",-5.5751259826776,-24.4898464366233,-108.576669552043
"866",-3.59681044068907,-13.0487683243414,-47.9363963022297
"867",-5.48601149206252,-20.0654487525653,-50.6776700567298
"868",-9.65102215710419,-47.6338494044758,-210.524333922194
"869",-12.654685724711,-67.292763013859,-376.697396932786
"870",-3.17072170390634,6.21828134012776,119.864627692315
"871",-1.13052252671594,-4.77852914600317,-32.9277597625351
"872",-12.1076223308804,-51.947158431075,-217.861844231755
"873",-8.25577298394455,-32.2475934748363,-127.013451933743
"874",4.90842569806898,41.9295353413181,308.046136788907
"875",-1.50583859858818,12.7732407603867,170.467285485825
"876",-3.16353238758643,-3.37949611805061,68.9706830174218
"877",-10.0753629617484,-49.0325973782838,-239.583183069053
"878",-13.6965738038393,-80.4511815220171,-471.760208013935
"879",0.660564180472193,17.4295018006937,184.651055457594
"880",-4.67316949083897,-19.0270769056633,-72.8460075019739
"881",-13.438753178071,-75.6402438291886,-444.643033141208
"882",-5.98771223905874,-21.9657516826687,-53.902764810955
"883",-0.799443380597836,18.7644247748931,185.852276916114
"884",-13.780511906274,-78.0833143273783,-432.995467328097
"885",-3.74677104009788,-15.66411673026,-85.2341396066713
"886",-11.7356368156624,-65.6101545353861,-367.121268113508
"887",-9.96388859660317,-40.2442550252067,-151.005655003622
"888",4.14332393931693,48.4974189812183,400.179133485868
"889",-5.76127958556037,-27.4900996336769,-125.447361574865
"890",-0.250590845961824,26.8766629916304,272.300026328025
"891",0.191992820050814,11.1735837263536,118.414067495953
"892",-9.83813509809147,-50.9250033014837,-262.872185093696
"893",-7.69190068437138,-46.2374370968305,-265.634575007705
"894",-4.86304569983849,-8.53713979784152,42.3769148572901
"895",2.31955420570114,47.0355764327574,463.669767375768
"896",0.375660658838228,20.9787481143912,196.670825174804
"897",-4.0347703345127,-13.262569654361,1.06014546797451
"898",-7.39263041509821,-27.1635724088055,-82.5069479417998
"899",-3.83882176839609,-17.554929441942,-99.5978622356597
"900",-7.48333452084125,-29.2482329731106,-89.6657107573756
"901",-5.07049218693578,-9.90552446777974,26.6989346976188
"902",0.492300611084602,27.5129408489465,266.024764721753
"903",-5.21232925609161,-12.2541118586564,18.8111385481952
"904",-0.393939099156228,7.74337478167172,77.8669301456339
"905",-8.72110620961325,-21.6008273117586,21.0602919299108
"906",-3.08085707598241,1.72820283728652,113.256930897542
"907",-3.13643985477427,-8.90979155708737,-29.3816334109943
"908",-5.99221570669999,-27.4280237669795,-121.627847977485
"909",-10.6320700265287,-55.0304832532888,-293.116002973742
"910",-10.8061562355537,-47.9896126176536,-208.554935005641
"911",-3.55731204052358,-1.88549931857733,58.6192604225835
"912",-0.331862183875955,1.45807951094412,23.9133958286129
"913",-3.54493179578458,-11.8405610207728,-26.1882969143262
"914",-10.0592667473626,-56.8441268841436,-307.585961319279
"915",-12.3358683042411,-77.3458923304463,-457.693512757944
"916",2.52766952716331,29.509475038551,212.20888210852
"917",-8.05504686850202,-37.0537498315016,-174.014515784198
"918",-14.0044311233632,-68.7568856605653,-338.542532548236
"919",-8.85113707654284,-48.5262001513015,-259.675178966572
"920",-6.56866252309248,-33.0557345401098,-175.803654741812
"921",-3.58283109295485,6.34344993506829,169.404511822775
"922",-6.15400349098343,-22.951530811692,-52.8726333554114
"923",-0.459645766187464,26.6072183883948,264.596778403726
"924",-1.80323195287099,-1.54488277092014,47.4029852117364
"925",-14.054081889681,-80.1804749153441,-476.070384676475
"926",-4.80089242241411,-25.0764608758427,-147.027821788673
"927",-9.68318657533348,-50.410527390547,-256.171422360627
"928",-6.92750889511444,-29.4253249770109,-144.470915434851
"929",-4.56281185270802,-15.6034958017858,-40.4344588717468
"930",-8.49858108955198,-45.1040457983431,-237.059412446173
"931",1.46415843690954,30.7391693369241,282.105329817075
"932",-3.69914467730598,-16.0367419004856,-74.5558613637932
"933",0.78526792337027,36.3244837739262,354.522663671713
"934",-6.50730065798825,-13.6810497399597,43.5632849151334
"935",-9.94051105430833,-60.4283759124689,-350.862187707022
"936",1.63965655289405,22.6430800756939,176.897034978432
"937",-10.6728190588409,-43.8738990676497,-157.98285909361
"938",-7.84953092942624,-34.5451513487646,-137.737692804578
"939",-2.12552915781407,9.67034441057513,131.555164119469
"940",-7.56424048070221,-40.2978085511768,-206.005379941576
"941",-6.33939638995639,-21.9303877215384,-73.286217581639
"942",-5.80165603402577,-12.4623708044337,8.82307275338098
"943",0.875225556461714,36.6211955881281,366.68775556499
"944",-8.18935508155107,-37.1663157703751,-153.63927175857
"945",-2.5653269278738,3.91583562594087,121.865046315168
"946",-9.30983133557913,-46.5334279167619,-229.024761821953
"947",-10.631707971113,-60.8657673860596,-350.266814843617
"948",-11.4049171138813,-64.9792277926674,-363.194451505469
"949",-3.06819024900778,5.59132716959039,120.152680392335
"950",-5.51700133113786,-25.382082442306,-108.310892553551
"951",-1.16611814255214,2.60769539653029,35.8195147955448
"952",-5.07026579705871,-18.1622630288939,-91.7489955854398
"953",1.43972969724814,36.558913137721,349.068060379772
"954",-4.05660615329589,-12.5848550371243,-28.0010712119492
"955",-3.9079489270548,-4.19884497153953,76.3277798157978
"956",-2.99166644828961,7.0040933307223,166.390699241614
"957",-8.35390267653975,-45.644711621082,-271.789896914437
"958",-10.7751725519543,-53.8220790853184,-274.603520525023
"959",-10.3209453328051,-53.3126338749325,-296.69106286766
"960",-5.14410581233085,-10.7541377195503,34.1777439622383
"961",-14.0521126499697,-83.8032522380424,-493.107914699642
"962",0.0352775971692836,22.2723376934905,221.213002541666
"963",-4.37448278602244,-18.6395602176535,-61.3989492628079
"964",-6.53413948429125,-25.8226947218145,-58.0842929001265
"965",2.43417305910134,32.3321854516785,246.109111034964
"966",-2.37533396051606,-3.82830871860233,13.9937266816578
"967",-12.4739378805644,-78.4281084155612,-496.36776202436
"968",-5.55982393798467,-14.5326298169398,-16.6610780360788
"969",-8.66460340493495,-47.5769486978975,-276.150154464476
"970",-6.36554780098459,-29.8435763295029,-141.197398694627
"971",-5.08475663008176,-20.1418127684606,-65.0624333943651
"972",-7.85259119489547,-35.8285308638274,-158.123481527733
"973",-15.6223640028817,-105.435491172072,-687.558660485482
"974",-5.96530004600811,-16.2852939413315,-27.1561352904773
"975",-4.26202369857504,-17.6543497096231,-68.7085646855103
"976",-1.10960851680397,9.50260167067654,142.410173658165
"977",1.18443797198938,21.2796115530309,196.181802689742
"978",0.0156277857104214,18.263326377255,186.209152041907
"979",-0.934018690038215,10.0095262643504,117.649574535231
"980",-5.28198838548792,-15.7274134462136,-38.6830375326863
"981",-11.8316770251976,-64.2903943055562,-366.361734590117
"982",-5.4029471059049,-21.4178148119504,-105.487120730877
"983",-8.59572644647176,-35.4063780971246,-140.215060391651
"984",-2.21210955898505,2.82522586036021,101.892820082967
"985",-3.34569690737362,-0.658928504154574,92.2035485563665
"986",-11.3707219355965,-53.780050628036,-248.221152591268
"987",0.718268880591836,20.2257966317402,198.989933503481
"988",-11.7066478818398,-69.0674488570405,-418.105561687047
"989",-0.0497930589034468,10.7483036931944,126.792111220231
"990",-10.3145805775076,-55.0781550119971,-316.090806693925
"991",-6.98939175612827,-21.8151909497778,-44.2704188151947
"992",-6.69980297883842,-45.0795455051662,-309.579060537937
"993",-8.69331858949568,-43.1319403791936,-222.289257560938
"994",-7.72238680529711,-32.9790247084948,-121.046892545091
"995",-4.7215468962836,-7.02690690560712,72.4866149623303
"996",-4.07533061364177,2.57443339604424,137.499203643778
"997",-13.8062815908659,-80.4865496488558,-470.654924497932
"998",-2.2221073187327,5.67579862369394,98.0428053183568
"999",4.39641861949065,55.7942729288811,460.301868612629
"1000",-3.91779871859785,-3.56375974317189,63.7483442403936
"1001",-0.678401043161898,16.791724508304,189.892620778694
"1002",-0.130910280388662,17.5619284603777,174.335427915434
"1003",-8.18043165313168,-52.5598241850876,-340.670449321839
"1004",-0.734448088571526,7.82391717026667,103.601045064988
"1005",0.306272624651456,11.3332238612797,113.535420329819
"1006",-7.6803271446322,-23.8836303520361,-38.3608553147315
"1007",-10.8954865193725,-54.3066666250138,-269.47349457133
"1008",-7.24827901765786,-24.1686188675462,-52.9709931376183
"1009",-4.61461673414726,-0.648186720063222,98.301738146587
"1010",2.25861098370137,35.0804067530739,275.240793487688
"1011",-4.17023506260568,-12.2688241623455,-63.7476910357018
"1012",-9.70173955992641,-57.0863903023228,-337.672967687255
"1013",-1.64156321135181,9.40894753640214,137.173571829147
"1014",-0.0193496432503935,4.41742163238314,30.4337640239792
"1015",-7.38998280832902,-29.7831805413289,-112.745365235514
"1016",-7.17121196269306,-25.4672410944095,-84.8663296544437
"1017",-10.0546691285101,-59.2295785108281,-357.020501989449
"1018",-8.41470740014859,-43.9375053296612,-237.846922578086
"1019",-2.81475450048026,2.14996078847844,117.215034696599
"1020",-3.17417533516573,-0.950730712978839,64.6915187182112
"1021",0.286824234889309,23.7885973630509,255.819074424062
"1022",-7.87393050235426,-30.146719245392,-104.524984635676
"1023",-6.28723034420784,-19.7692093703176,-44.2545911869656
"1024",-14.1333497151386,-89.1253390519478,-550.704775601498
"1025",-5.20411744337309,-17.9086363719553,-53.7052231104335
"1026",-6.94779852843203,-32.5080250370706,-153.349248361363
"1027",-3.00002453108084,-3.47857998490281,21.1343743909256
"1028",-3.40257947367138,-11.2955545164918,-56.1619388400504
"1029",-5.83885388905549,-10.4756993734504,44.1251964741841
"1030",-6.7844913754401,-22.971216307064,-58.6442123304732
"1031",-7.97017231681843,-34.579222203075,-158.289779638577
"1032",-12.8322639428651,-78.5716396646899,-485.406927943899
"1033",-9.90004031060926,-57.129707245389,-319.804776113637
"1034",-8.03265151827372,-28.2380576956616,-118.846660760833
"1035",-5.94769198371171,-17.4618267970814,-21.4062312263468
"1036",-6.3263708097968,-12.683468127258,37.7448630175859
"1037",-7.76513749188189,-35.4441348311725,-169.069841088833
"1038",-10.6792756671836,-54.5045683868459,-287.052821989293
"1039",-1.50641268908623,10.9841497966218,145.032065276777
"1040",-10.3700135530441,-52.9207681983344,-257.180368915586
"1041",-4.49157081314661,-6.22314513166702,60.5222838210739
"1042",-5.90820898657148,-31.1365837711246,-173.444133592469
"1043",-10.9784442083838,-71.1850725033942,-441.949229498059
"1044",-6.16655337708642,-28.4052134649637,-110.773548681869
"1045",-2.03019756485833,1.23307980802974,69.3156758372243
"1046",-7.29641553479928,-38.42894798617,-213.37861458814
"1047",-7.28417782950407,-29.8025467788652,-121.080564745489
"1048",-2.58083005273556,-1.54995630761732,30.3264407973256
"1049",-8.57949530147118,-50.4069856185793,-305.854731117041
"1050",-8.55877296769995,-35.7330543282801,-126.278667008868
"1051",-3.79864795427852,-20.7593273872963,-110.256384303702
"1052",-4.5586426086129,-26.4054763116214,-152.815369626065
"1053",-3.96999929644585,1.06507003967818,111.312962733629
"1054",-3.86138163320231,-13.8730516319138,-52.9331238179766
"1055",-20.3606616627197,-111.741891038838,-621.340304028985
"1056",2.76301412498799,34.9067517487256,303.037255208459
"1057",-4.71953371576001,-17.2681428132146,-45.7749030395444
"1058",-7.9770387035278,-40.2306741872558,-189.130192243847
"1059",-4.54386780499067,-13.9210862655964,-19.3259975651963
"1060",-5.37281118159069,-15.1173890013001,-42.031536800283
"1061",-7.9389916560292,-25.1156692774739,-47.4003856174641
"1062",-2.04023089628186,-3.89218936192265,16.130855448886
"1063",-4.62886767891996,-22.9748494331257,-113.21441943311
"1064",-14.0524774354036,-80.5652045447403,-451.084574033917
"1065",-8.41445116477053,-36.3095439412109,-144.3736039838
"1066",-5.10848809945685,-23.6138165618081,-135.910058469824
"1067",-9.17352319878069,-55.5076083652584,-343.190927413216
"1068",-6.81355854995218,-32.2511502142261,-174.35449100462
"1069",-4.26736029518884,-11.0620543139053,7.23185814940189
"1070",-1.41668558452932,19.8675620127665,247.222926486107
"1071",-6.22052259462475,-30.0257850946286,-149.551350461817
"1072",-2.38629843908382,-4.24561540761715,30.4243751493977
"1073",-0.53247508102254,12.6132902669742,160.920425401739
"1074",-2.5217643460943,3.65403788857157,93.3313689612351
"1075",-0.182639435753117,21.738913369677,217.326601809355
"1076",-6.25682267436048,-29.3598861523251,-141.776804970628
"1077",-5.71185318176231,-15.3055777984355,-7.13570860848085
"1078",-6.7797798514971,-27.4436349551715,-112.38835143202
"1079",-3.55063486094525,1.47768652883724,131.029034629491
"1080",-3.38587751409023,-8.40220243311705,3.7573296116243
"1081",-12.8324834769405,-71.2584931512076,-377.642814337363
"1082",-4.30770579848183,-11.7192523666254,-3.72919248957078
"1083",-5.97033080033339,-16.1057771690503,-4.1836590218827
"1084",-5.36655078424405,-11.939740898069,32.8333551264041
"1085",-2.2089912664253,-1.39138313789772,30.6951069869392
"1086",-5.09074707015043,-25.1878784803557,-122.845691340905
"1087",0.733006747123341,23.2360036328751,199.578494853791
"1088",-1.53221920756346,11.2580004139868,149.685749827215
"1089",-1.74732447035706,7.19862699334135,122.493040234313
"1090",-1.45094341850643,17.925001187727,213.812871231694
"1091",0.955172338149964,12.6467253311339,108.015395891978
"1092",-13.2318332871534,-75.3159076355864,-423.911993333075
"1093",-5.90868738618894,-16.0135552820443,0.233242559792416
"1094",-5.88599838643086,-42.2438649484789,-284.522878421394
"1095",-1.88164397494188,1.48171017248524,50.2841591750839
"1096",-1.61696677899079,8.94685695092994,175.893628522561
"1097",-3.93572251195394,-16.6837814572855,-82.5328640724638
"1098",-0.529469427168351,14.2757648820166,165.929583136289
"1099",-10.3064052716611,-57.6768398143167,-324.722606247487
"1100",-7.17011538078748,-29.1393476025855,-76.4674512498132
"1101",-0.721985745523057,19.5345583671024,234.652743298306
"1102",-4.53948103797006,-12.6981220258208,0.28239393106378
"1103",-8.10223537182981,-39.9720583420776,-215.804453913997
"1104",-2.97327031718316,-8.38509974404633,-20.9025834096283
"1105",-7.85353084703286,-31.5658171097962,-124.355974275633
"1106",-8.50168512055495,-37.6126174497758,-189.378188816938
"1107",-11.811374964525,-64.6650957617198,-375.302551875679
"1108",0.59367812961591,21.7056323334045,216.597167067162
"1109",-8.36025670229776,-28.2294430282909,-76.8586319826336
"1110",-7.96355978363056,-23.3514074021846,-49.9834170307786
"1111",-3.8739289060594,-7.78463081802192,10.3613218877781
"1112",-0.415091635837371,18.0179613225955,196.860664782998
"1113",-8.74388135861307,-38.7149274451858,-182.188606192231
"1114",-13.7124016944,-67.639010002621,-322.838633572588
"1115",-11.8721043980581,-61.5806700332798,-322.084256687298
"1116",-0.977786950717359,2.38673331296968,37.070075982354
"1117",-6.27748281110632,-24.2537776255549,-63.7193911578906
"1118",-4.19133062832384,-20.417336965158,-93.3104887209065
"1119",-8.08320551287056,-39.3098234384729,-209.815392134396
"1120",-5.26267556969822,-16.4135974236569,-17.2148950851188
"1121",-1.78772874044148,5.26533454673336,90.1183622653189
"1122",-8.68703288382869,-47.8265961376756,-268.365803972634
"1123",-7.44423793321539,-24.622174791311,-54.7815964367092
"1124",-9.99584762939514,-55.2444965639627,-319.927124814767
"1125",-7.09147872904703,-35.4126274170599,-168.564567355304
"1126",-3.91192454876364,-18.3126426672593,-71.6184328705658
"1127",-1.99058439743055,3.56477488119799,63.646226101715
"1128",-4.09317329325006,-5.6845503005934,41.5264044249725
"1129",-2.67777519342587,-0.800765002034041,66.483031081023
"1130",-0.728202071610781,15.7734229250154,160.760880790003
"1131",-1.54257897722152,12.5895826406258,186.809326985895
"1132",-3.64615421160579,-1.67512581743767,75.9630023959508
"1133",-6.89687173499397,-23.0181335219568,-46.9763363167203
"1134",-0.906688081822267,10.1614466049991,124.642855935164
"1135",-2.24444370084109,-11.8835959700859,-72.6624441207132
"1136",1.07922308929074,10.0694122906616,68.5209201233156
"1137",-6.16874143516873,-18.216503499184,-29.4958815455393
"1138",-9.83012424978529,-58.43542765451,-335.207684169649
"1139",-2.31721855629291,12.6871062427176,181.97751091106
"1140",-7.14120924031488,-27.8164321982927,-122.552883716542
"1141",-3.21371656462759,-7.61044511516047,15.406661932424
"1142",0.272482626703663,29.2703043831971,295.239886427338
"1143",-1.4955802830724,1.43991310643787,42.5593321855704
"1144",-8.2062989002593,-35.9964749368482,-159.807441682369
"1145",0.0930255167984342,24.9890872968836,241.547195430414
"1146",-7.75816167786684,-19.1420457838472,35.5104973405087
"1147",-8.69963592733563,-32.2663487487985,-111.500316888942
"1148",-11.4129001465866,-65.9208441264527,-405.466033540208
"1149",-3.35890565930174,10.7970427816886,216.650236744956
"1150",4.29587657680713,51.7662977948507,417.344944673994
"1151",-8.64728112073726,-39.2892325285679,-192.407193309555
"1152",-10.1968612744245,-50.5764885765184,-230.076789404537
"1153",-0.858197379054559,18.2632864274615,190.906259341346
"1154",-13.4137004699014,-77.5033888344913,-441.262288190163
"1155",-3.2157834129539,-1.72799001416161,55.285855742397
"1156",-1.07020084529813,2.45055817108096,58.9704574234656
"1157",-2.39177823787293,6.10479031782279,123.312141997274
"1158",-1.91182279363818,-1.10271164337018,47.0040043936406
"1159",-3.63694261855744,-16.1391771647786,-65.6909036606994
"1160",-1.19783107099852,10.88116582063,163.071052835756
"1161",-9.56301081162462,-48.706651400491,-257.389112920058
"1162",-7.8919737015791,-34.7813409910359,-159.59021505183
"1163",-6.74228783829301,-32.4565278152695,-147.300368887545
"1164",-3.87712389383523,-7.82681693816494,20.0353375141185
"1165",-9.99264224536262,-52.4270516289203,-289.266470965133
"1166",-14.3575622544929,-81.4387451887862,-463.87080832078
"1167",-10.6841433218852,-57.7449199324162,-317.784238360466
"1168",-2.42134447198532,-3.0884816607313,25.7854451213698
"1169",-1.78520029569904,-0.175240054727055,31.8310869608449
"1170",-13.185117068638,-60.3178397031863,-281.602181423776
"1171",-3.99236258853955,-12.8886169162797,-21.6542630901167
"1172",-6.54413558899057,-19.7330815470582,-23.8580552471758
"1173",-12.3527336414239,-63.5383052037084,-331.096435010062
"1174",-3.95179880111084,-12.611550876295,-23.6844076437083
"1175",-9.71063974399112,-55.3860837755819,-327.664142454447
"1176",-3.0837863163971,-1.77512817580782,63.1683637165879
"1177",-7.16202596399637,-33.8331338380435,-175.507302298938
"1178",-8.03264844226237,-37.3057741458852,-201.410840667324
"1179",-3.94589774705548,-3.3548895921117,79.3599472800797
"1180",-2.74388582751112,6.6277425259309,146.021785128814
"1181",-5.7313743430376,-14.3680355108195,10.5904657441024
"1182",-2.02853642571199,-12.6339832800904,-103.56583706556
"1183",-8.56225608311252,-38.2377495137871,-171.551665426725
"1184",-0.870553565274122,25.8535511696041,308.127443525362
"1185",-0.825230403021578,15.5822283974221,178.295546746876
"1186",-3.39528308876572,5.98444973836285,146.244438242975
"1187",-2.75474036782384,-10.4712177033784,-38.9525551557326
"1188",-1.24881271365336,6.36639031121013,83.3575891338878
"1189",-0.37235310032645,19.0905075379019,231.362647380307
"1190",-4.6548825678658,-12.1225485978621,8.23110183730932
"1191",-10.8386419198832,-69.89792433809,-447.012698940365
"1192",-12.7211813526344,-58.5620252292319,-268.370849017867
"1193",-4.44602596896607,-7.86229405398672,31.7403583517353
"1194",-2.82824440288596,0.503967022400502,86.3810623335321
"1195",-7.61318554054526,-22.3287886966432,-16.3366469840021
"1196",-3.07321804242724,-5.90269070214845,7.5615981822466
"1197",-5.63473453494419,-19.5294207047559,-49.7588919562404
"1198",-7.69706588915983,-40.7639823480122,-216.218606992388
"1199",-5.73821707697721,-10.3252081673236,66.5542159267443
"1200",-5.94461500908471,-21.8838375137084,-73.2090799499692
"1201",-8.44414961287794,-49.8671193141072,-313.296640766346
"1202",3.2248403367272,40.5119346721021,303.623333612912
"1203",-8.79452807628536,-41.875552486601,-202.010581971774
"1204",-4.99235008261508,-33.7246090993804,-233.232464112623
"1205",-9.13673485845595,-33.4963573483792,-134.311837291365
"1206",-4.50263581248328,-16.3990647182136,-47.5695616539124
"1207",-3.14900961085391,2.62351237322582,110.700084129594
"1208",-7.2978880974689,-32.4667861494522,-151.766819342432
"1209",-2.65722133422446,3.02115557279558,73.9185342762066
"1210",0.886799674119402,20.0923050127685,175.059815203813
"1211",1.97029436759965,28.2797687415423,224.108370167725
"1212",-7.63970558806511,-38.647175930048,-206.545006281422
"1213",-4.85112920614358,-10.3027544350703,26.730522637552
"1214",-2.39391557652505,2.09891761982135,106.011388413652
"1215",-6.00272715728738,-25.057580390951,-96.7527253255957
"1216",-4.64835616726282,-19.830870802813,-87.2808894634436
"1217",-13.1019311786631,-76.903353944225,-466.383451813264
"1218",-11.5502863583206,-65.7394353155696,-373.787000140301
"1219",-8.46529645550675,-45.2219635024735,-259.434916169546
"1220",-5.56669012333111,-7.99796266495241,75.918755671777
"1221",-4.57961422934068,-11.0113779465919,16.5980464890254
"1222",-3.19935607847049,-14.2917693076238,-75.8699490474555
"1223",-8.93709032470622,-40.0934607475028,-173.699103994291
"1224",-9.35022986481101,-46.9451957633346,-227.556227242467
"1225",0.904131884632307,17.7278029924728,148.642663058185
"1226",-4.03333782664083,-1.98160894957391,88.5215708472206
"1227",-10.7546230522616,-57.563723930693,-305.02585103891
"1228",-8.23651761435269,-43.8028235739425,-221.631688678452
"1229",-1.57400446009615,16.6320910221757,195.251105444744
"1230",-1.39657359943521,13.5052835434012,198.261184189565
"1231",-0.254793737302066,15.0009421232235,157.262114638015
"1232",-4.39473836138438,-18.7518543721744,-76.2587807610962
"1233",-4.86710313175263,-14.1031970110439,-35.4765245327035
"1234",-4.76794265138551,-19.3078764342877,-80.7651613267481
"1235",7.28187096044371,53.2114893999133,350.204177929534
"1236",-7.11175865935343,-17.6002147861254,15.0786519028934
"1237",0.521766231214087,19.7538487148481,201.23501250779
"1238",2.31207713916353,38.4408398748105,323.89486265593
"1239",-4.8733259472391,-7.32835326150052,47.6199763685327
"1240",-9.99417051432954,-61.2522068517571,-388.741146498041
"1241",-9.83911306597997,-55.4426554365059,-324.326508339705
"1242",2.43099419142732,30.1666399130472,228.686969225568
"1243",-6.7645511006948,-35.9123018331802,-180.983557278056
"1244",-10.3034563187093,-52.2338833133758,-294.654171455548
"1245",-4.68060499911951,-12.5795981739088,-2.88988953706576
"1246",-5.17671279885167,-11.2002226802178,5.95020583771839
"1247",-15.7052711177553,-98.6491703990184,-588.614322725176
"1248",-6.23350722802331,-26.2058491694006,-124.064136507473
"1249",-1.21956212918985,7.14083203028895,120.160296936552
"1250",-4.28274846024169,-4.06450770906258,55.5735533776333
"1251",-1.45880493403411,-10.0540832688489,-76.4828243288339
"1252",2.58985202741167,44.8836224400848,411.447575198214
"1253",-3.37485716493552,-6.41916293636223,22.6398925445501
"1254",-10.9332606462726,-63.3438900127162,-370.511689595058
"1255",-4.52603676979447,-8.67209242810804,35.2703169416072
"1256",-6.27414913446592,-21.2317766533424,-71.8859949444432
"1257",-9.03208112857203,-45.7391630269071,-234.873208355226
"1258",-8.20028403021263,-41.0607588598095,-199.110196034675
"1259",-7.81206030149156,-40.1116943185539,-171.314700039879
"1260",-5.14639990956641,-17.1025147349505,-34.5690477145981
"1261",-13.0022373544166,-76.7878901896117,-451.641223775958
"1262",-1.94285038275234,7.85831212156836,123.767814284569
"1263",-5.17022961660928,-6.56660518087074,46.4835370495312
"1264",-5.27445505213439,-22.9712769556222,-99.1182516397148
"1265",-4.72280182418433,-20.5035491150134,-97.6537346611876
"1266",3.28254786666093,34.3542324293762,275.823982259213
"1267",1.73377633656628,42.9828195418468,402.453776331986
"1268",-3.90921105588245,-6.2874461075312,38.7194932191705
"1269",-5.76464705803676,-12.4352367811493,36.8247279681909
"1270",-0.76403907488168,14.6906628010233,174.971440834312
"1271",-6.43995986988352,-20.9530012984815,-43.7845236218709
"1272",-4.48420880883702,-6.70858841547533,46.9091156230716
"1273",-2.09550079154405,-8.07760471593838,-18.1392450873536
"1274",-14.4335909581717,-87.231502712255,-525.245358325294
"1275",-4.20423591596557,-12.1431764938125,-1.23972067490104
"1276",-11.4907662929533,-57.4873025299958,-294.654226081311
"1277",-4.07022125062417,-21.9513743238381,-140.654536479073
"1278",0.296390296876439,25.5240462958373,253.196038933113
"1279",-3.66765212099881,-3.74971596638898,28.1321598228933
"1280",-0.201186114751408,8.83435254992901,91.9111759210227
"1281",-5.64359375011702,-28.1170204517807,-135.023653612123
"1282",-5.66498545167258,-18.7005176556813,-35.0421138690654
"1283",-7.345775424919,-36.3689548225479,-187.269062591913
"1284",1.88774921865456,39.3270603582268,357.062625100692
"1285",-6.86980290471274,-25.6806828704835,-73.078341166849
"1286",-5.93593399150132,-20.9662792241998,-64.1638223054997
"1287",-8.3333645710569,-37.255599675485,-149.78883513228
"1288",-7.4674458264526,-36.5070023871544,-208.167026369558
"1289",-16.5182770429984,-87.5783348932337,-476.003257099379
"1290",-1.84586044662274,8.26304151227941,126.395452351024
"1291",-6.40133785936439,-25.0677961936954,-92.1932242915555
"1292",-9.63234229370278,-48.7865623129837,-260.791577676006
"1293",-3.18519631147251,-2.70441213091408,71.6026501926444
"1294",-4.86273540884872,-15.1219729285049,-32.5268524692983
"1295",-13.8891536248424,-82.9403144515343,-480.589619476692
"1296",-2.82765423447995,1.40867525524072,84.7227495824609
"1297",1.10316258443788,31.7989606810397,285.203650408108
"1298",-6.60250068972675,-24.7385347587838,-83.2968741361092
"1299",-3.01771533242197,0.630728497133987,70.9091924344866
"1300",-9.81286511906706,-54.1979051039125,-308.554004793006
"1301",-10.7360297380853,-50.752287114673,-248.627914493556
"1302",-3.62581700289809,-15.91795072484,-85.9036469851399
"1303",4.52041609832884,53.4716932537285,447.217749601963
"1304",-12.4016461989747,-71.8560281148284,-415.712511553727
"1305",-9.10457986091308,-53.3302102819803,-304.581937133758
"1306",-7.85091483124279,-31.6663471202378,-120.567828151343
"1307",-8.25852850167314,-42.1538120200089,-207.355410343403
"1308",-3.47123447969477,-8.92425900364606,7.4175143889006
"1309",-0.597485716892152,16.6493934291739,176.891702025476
"1310",-10.0857928751092,-50.0235949839612,-273.195878928389
"1311",1.46611332671637,10.3452568857392,56.2820806050222
"1312",-7.25395658653804,-35.003219032586,-179.899297403159
"1313",-8.49363258897495,-21.0564765289091,5.65250157185073
"1314",-2.70982590407061,2.61812593541208,114.133324444774
"1315",-10.4884600279619,-55.4588797311726,-289.494322158615
"1316",-3.11258679126433,-5.13711913125326,46.2460367323292
"1317",-0.0330186558304604,3.02663032914552,4.42423307711942
"1318",-10.0985814230506,-38.5992002868602,-134.796948551344
"1319",-7.69886683408799,-37.8503000031342,-203.057717729751
"1320",-1.09918882962995,21.1542932751804,240.031999768507
"1321",-10.3414666239728,-53.7050473215386,-294.396862652862
"1322",-8.17969967288479,-38.7514293923209,-195.649773137695
"1323",0.902362524565888,29.8153191970227,267.961229963879
"1324",-7.15372848048094,-21.1602127094807,-33.0580802976783
"1325",-5.29648103173179,-21.2846409222125,-89.6244362646285
"1326",-4.93123037516648,-14.208892715395,-20.2013462947889
"1327",-2.80305727559596,-3.25862712729395,54.8059314306647
"1328",-9.40162680934827,-48.1501179748875,-244.661230398031
"1329",-7.29506590781955,-34.282423166841,-176.529473594917
"1330",-6.09881020028649,-25.9268293716273,-105.832558200578
"1331",-2.93948239910981,-12.9738430279035,-85.5492198539305
"1332",-5.93349204784226,-18.0677876007157,-46.1090457733499
"1333",-3.31837195838966,-1.17329601370147,92.7885917419644
"1334",-3.80048024851681,-8.59682960805594,20.7502324942761
"1335",-5.09524544928968,-20.1347045275538,-67.4632313866005
"1336",-5.14615879008727,-12.8829373553008,9.57638598884114
"1337",-1.22984909544073,1.61649672771682,38.4146998436408
"1338",-6.26577313335895,-28.4448233398412,-160.294245699633
"1339",-9.94641643582179,-58.0519876241005,-357.77778496674
"1340",-7.08072816234744,-42.1197563303094,-260.111547973973
"1341",-3.70815342376522,5.71749222447534,160.318498358469
"1342",-5.56917802916007,-14.0807706704913,-4.80225966713078
"1343",-9.53112234947469,-54.9173169380749,-331.944762970827
"1344",-5.19512997758932,-22.0344580079613,-95.6874481419545
"1345",-4.92436164170476,-11.0350213268061,-12.1375459276878
"1346",-7.7553656858787,-37.7852879951038,-189.609225521595
"1347",-1.84226785337739,6.00323505425604,106.905479978084
"1348",-10.6547454844132,-47.3439302400648,-205.68032011552
"1349",-5.706731044143,-22.6943209330302,-99.5090782774569
"1350",0.354503626239307,29.0999413278514,296.453496699636
"1351",-8.63785050034187,-35.9350902249898,-155.441541165632
"1352",-4.41667338837726,-12.7382169277284,-15.6965556326431
"1353",-6.18661382459038,-36.9723659099491,-225.32948029185
"1354",-8.40929627607102,-48.3377377896945,-272.210290517327
"1355",-3.14516108810653,-5.48151107184412,26.5221147793964
"1356",-14.761538503387,-74.3672092691183,-395.486044462745
"1357",0.548179037079308,22.3597893240835,210.728237589674
"1358",-7.04095577945895,-30.0299007715835,-132.911383951116
"1359",-9.88036017684078,-52.1371668660877,-282.058601129465
"1360",-8.94630806853797,-25.6362193278101,-22.2368580836592
"1361",-2.84796710206342,-8.83998627821211,-7.40483351866351
"1362",-7.23432056814522,-30.1134480172159,-103.784137029157
"1363",-5.58300931673136,-19.6850528143973,-65.3718409747798
"1364",-6.06967386880706,-28.6536808950159,-119.353052798589
"1365",-8.5232138594032,-46.6836045320024,-255.677154203093
"1366",-1.41850796278641,7.0071205060508,103.053264911699
"1367",-3.27339334071314,-14.043036344849,-43.9080644520909
"1368",-4.44536620021779,-15.5707027307371,-35.9359566396852
"1369",0.415912216422271,16.9150613141533,156.376654360674
"1370",-10.5013714635753,-49.1980487602668,-254.951460527256
"1371",-13.0744071639992,-74.9194404150467,-422.034737743339
"1372",-7.48642484057734,-32.1355965966977,-133.760236099308
"1373",-1.44566567081108,18.1565635976135,219.803038415492
"1374",-1.7264964880253,-0.704246098279327,19.8996526034753
"1375",-4.87164422112505,-6.67974859471406,39.5714137416908
"1376",2.78227401727202,39.8838905658172,312.865178377444
"1377",-9.12619246099621,-51.4456767490515,-309.165938247574
"1378",-12.2817720178385,-65.6688440514811,-380.179800425441
"1379",-6.78626863591853,-25.9076391039312,-108.149647929666
"1380",-2.87649905259264,-4.93278317631984,14.6482293863046
"1381",2.92407120727398,37.8702310698163,315.981689149301
"1382",-10.8395089191467,-51.1810112142989,-221.120397361146
"1383",-7.63846002622142,-43.8537799978253,-263.888798111924
"1384",-5.37856563111484,-9.75039339593832,46.7325541075697
"1385",-11.3151663650244,-67.4574231681718,-426.825483956645
"1386",-5.97333650409928,-19.6788923554923,-56.9298429708288
"1387",0.0128541458063864,10.4794604108592,92.5661551842531
"1388",-5.05027186090479,-3.91594463497177,109.859591656916
"1389",-7.37348902223437,-42.4611795478486,-266.604815126189
"1390",0.338032125686823,12.4985025766277,95.0160812400882
"1391",-8.70991221986856,-37.6516088422327,-152.429894587363
"1392",0.0060061684662287,29.4250793318311,303.878675857935
"1393",-6.92749661495907,-27.5175007421558,-141.812624647726
"1394",-11.2025766272027,-64.5605368809156,-375.000505903123
"1395",-8.95388296604108,-44.6608125368798,-232.246781446025
"1396",-7.52688218519745,-20.3306954604668,-18.5632881523488
"1397",-13.6157799811916,-73.6333638680612,-420.614612328844
"1398",-7.11893075124556,-31.7198867514644,-145.803883262686
"1399",-1.66627391339182,-6.10919314816601,-22.0593640031184
"1400",-2.53491816469489,1.55542128725847,98.7914990787303
"1401",0.554889850906761,19.9011339605063,172.897774301624
"1402",-8.70807696212648,-48.3809028754526,-263.315992759473
"1403",-7.41720383092843,-36.2249511831405,-185.544831655257
"1404",-11.0737606090441,-57.33478093147,-282.997884382157
"1405",-1.51286512980414,0.256679545563657,51.4395773750675
"1406",-4.11340789571022,-9.42627886531773,15.3716244043171
"1407",-10.3286617262941,-50.9932819437681,-245.678119306855
"1408",-6.66939255823195,-28.5710468774278,-104.931684147003
"1409",3.51762873447831,41.3669383174597,346.216894658855
"1410",2.90413916807245,45.7551689862385,394.661355983424
"1411",-7.08445268348942,-28.7919472446579,-113.63911452472
"1412",-7.11883230467993,-36.9790509646982,-209.263372170222
"1413",-1.93710404061812,4.61131310369819,98.095264291851
"1414",-2.49552943501169,-11.9616404506432,-64.4531137735848
"1415",-7.41692265555366,-31.074951139808,-115.868414773111
"1416",-12.5695451545602,-71.6849805222746,-405.878117760651
"1417",-3.90147233799928,-8.83695712155759,-12.7987706391214
"1418",-6.40010434271142,-30.6378280754425,-166.356040611221
"1419",0.231950990840801,21.0349144824095,205.072311467762
"1420",-7.66486159854207,-30.9605448082261,-122.148910983389
"1421",-4.09343821520167,3.36553209858312,120.713301268148
"1422",-6.26507998717659,-19.5344482279766,-39.465653402618
"1423",-0.814272705738517,9.10370727872305,123.967526600016
"1424",-4.5848407261268,-0.327219593190875,108.08464850107
"1425",-6.75864612467603,-32.7952586967417,-165.126264454531
"1426",-6.43569419490393,-28.5292581416516,-131.799190920823
"1427",-9.81095904326469,-63.3681455008416,-386.4305440431
"1428",-10.1396690985321,-62.6211352761763,-376.868482342996
"1429",-10.2716065287149,-55.910230475803,-301.483601617183
"1430",-8.74803428760549,-53.079841776484,-317.096129835549
"1431",-14.3536450449798,-86.5425428865706,-518.534306439538
"1432",-6.18771549087319,-21.9606612098951,-54.283914145426
"1433",-2.44822610917799,-1.70683086470081,46.6075586153893
"1434",1.6380299548124,26.6935042537589,209.401826361462
"1435",-10.9388871671508,-63.4570397809482,-378.328709556405
"1436",-3.95153237227316,0.700591181948766,113.321079219906
"1437",-2.05783227628126,18.2883739371159,251.133444396963
"1438",-4.05959485025528,-14.1270951740735,-57.0402979506034
"1439",-2.8208978366921,1.84752627444595,82.967191729691
"1440",-7.50567952328481,-38.3063041940773,-208.843692645079
"1441",-10.6692753130347,-56.4099106344522,-323.32208297055
"1442",-11.0614628707592,-54.6453231637918,-290.108242254719
"1443",-7.68803801975548,-29.7895032929987,-121.773807854584
"1444",-12.5334067265748,-79.4195852949861,-479.707041256568
"1445",-14.5663341123189,-82.3598124532698,-449.564280593066
"1446",-10.4230976501118,-50.2947857153513,-248.102272902488
"1447",-4.97381139880281,-17.5754715400449,-47.639433813094
"1448",-4.79982411640879,5.33360925682609,190.658748532738
"1449",-4.19689676770565,-15.8704364860428,-58.5530695181133
"1450",-9.30764833024091,-51.3955419669996,-274.79883963385
"1451",-5.66620451954589,-16.5320619070999,-1.11325600888813
"1452",-12.6348065188772,-63.6389394353789,-321.465772638147
"1453",-9.58536083831814,-51.0963112961781,-270.0147245723
"1454",-3.38511578666612,-6.39189527044982,20.2066207174666
"1455",-7.16431946144394,-30.4632945298313,-138.750794425659
"1456",-13.5386146398648,-73.9669060124154,-407.148810032881
"1457",-8.06290526738167,-32.6962846080128,-131.500233278814
"1458",-3.52824313940505,-15.5830675162179,-70.0705207252759
"1459",1.65810078701418,24.750117117811,190.088738005248
"1460",-3.64325999140499,-10.771442965844,7.38450893625668
"1461",-10.717414464507,-54.9482655085988,-293.460789597191
"1462",-10.7264542341263,-49.2463171414829,-232.746027425308
"1463",-5.37920321675131,-12.522297178657,20.0284043625088
"1464",-0.445280390936659,1.12840288037523,4.65621200970054
"1465",-13.4376655521258,-74.7648428300977,-419.718109620339
"1466",-7.24531569599446,-29.3435721202723,-118.319860982347
"1467",-1.32150659836202,3.76828681580264,55.4511639496686
"1468",-5.09476578525391,-21.0027504165914,-118.960610428152
"1469",-12.828247133273,-67.5505544557604,-346.37808179256
"1470",-7.93578410032956,-45.4719120721011,-279.544106643603
"1471",-0.740656298219051,22.5079976503475,251.582996629904
"1472",1.05420633651397,29.3591552801331,285.656917311913
"1473",-4.23456014697376,-17.3825337960884,-86.3630862341251
"1474",-3.7360342172301,-9.27383422911453,3.8185626638824
"1475",-6.84709383627171,-20.0681606553958,-39.6200614583195
"1476",-11.6297071913616,-64.0249874343656,-354.158370432253
"1477",0.932564474048831,25.8580392523354,244.593691141405
"1478",-3.94928210356488,-9.06068766940734,2.89161303613946
"1479",-3.51595476279329,-15.5436829620148,-72.8728498052351
"1480",-10.3668013879555,-43.6588324458958,-169.589756404619
"1481",-2.94406480275234,5.62561207919771,144.761604757465
"1482",-6.14499772161798,-16.9064090771444,-20.6072632013129
"1483",-2.26257466645404,6.86409096730722,133.010827209082
"1484",-9.03276329695416,-50.7385065853946,-300.147336617163
"1485",-6.21150910210577,-26.5139688469617,-95.4013679466316
"1486",-11.0234124903502,-62.6266372346024,-341.136685099322
"1487",0.342566933255284,27.0041382692252,275.925883410295
"1488",-10.5188872190818,-60.0065130363525,-353.197457081211
"1489",-1.9116251612902,-3.82820255615889,-0.539229296842677
"1490",-8.09709895734329,-38.0909212000442,-183.018627897402
"1491",-10.3020378924692,-53.7232089106597,-284.640725135774
"1492",-1.96735657039426,10.821335740111,166.758963837527
"1493",-10.5818408100081,-54.3813365342496,-293.281991857915
"1494",-9.94776557315936,-53.6811492460856,-288.771478015362
"1495",-8.92005108847673,-48.4298107961204,-273.52248257857
"1496",-15.1660842535093,-85.0503348144616,-476.342088794052
"1497",-9.28449506112952,-44.7282421144096,-240.433278460921
"1498",-3.5775112473915,-5.59061377350099,34.951027993513
"1499",-7.1681593246816,-29.9798516818514,-104.957236358647
"1500",-1.74027297749103,7.62734151878976,107.770013452702
"1501",-10.1049742043155,-57.5434303220231,-325.217616681162
"1502",-3.06867571716998,-3.02318506274059,61.1580169025474
"1503",-8.96558952061378,-49.0343405512808,-276.863697624885
"1504",-8.52494637814823,-30.7493107563578,-123.655000653189
"1505",-8.76040705946969,-18.599282223086,52.5553145625126
"1506",0.520283209899731,17.2652491284812,163.501542598793
"1507",-9.19898628120745,-41.3059793181224,-150.015126353393
"1508",-6.48910362370884,-32.6409752880595,-162.620081283461
"1509",-9.43595740698538,-55.6116915046589,-308.213027928736
"1510",-0.682683931425004,21.1142979830151,230.745368236989
"1511",-3.76939712784895,-4.40646439334978,34.6387598348592
"1512",-13.7850835856184,-81.1144788942913,-496.60989251858
"1513",-1.13501489022929,13.801211453454,154.866750889716
"1514",-8.35427605189,-24.6048314894228,-31.0870023691368
"1515",-11.5358897077354,-57.8973381073863,-292.484571773231
"1516",-7.20266204933557,-44.3088638989029,-266.475395368609
"1517",-9.91177001297399,-49.337559598524,-254.861834238785
"1518",-6.09309962986129,-28.3126757545315,-144.517786498316
"1519",-5.08144587565948,-29.8492077121236,-169.374201514271
"1520",-10.4054011504926,-58.5650561788698,-339.012038647366
"1521",-10.4233624848792,-61.3367143782307,-354.213557682317
"1522",-7.89135694069648,-29.6515396936256,-78.4782465042499
"1523",-7.86060040079542,-25.3327863813784,-29.1506177215033
"1524",-7.54677808396684,-38.7996347728599,-198.375212846611
"1525",-1.89207051172502,-4.1793751660316,-3.57985752437344
"1526",-3.94822900523116,-8.97918323649856,7.5653005914919
"1527",-4.37882294454539,-2.4636337025936,97.9148683782751
"1528",-3.95908323358992,-11.3014672208978,-12.7140898462367
"1529",-15.1271932215677,-83.0243979697343,-472.835393397809
"1530",-9.56844111331873,-51.6986167122523,-284.813186771484
"1531",-3.39091097472351,-13.5295534396409,-46.777507277433
"1532",-9.81486233038208,-54.6947450402761,-299.498674011287
"1533",-9.88978131176486,-46.8514870558656,-222.072614255563
"1534",-1.07890764572574,-0.34648141860589,29.526628420308
"1535",-6.08115397039091,-29.202999600428,-144.972933246971
"1536",-8.26285595370177,-42.2242827189752,-217.719267344575
"1537",-2.2428305326556,3.77280825577782,110.774455305058
"1538",-9.55937819982819,-47.8473713783173,-225.228352286829
"1539",-9.73473447479103,-39.0468914820162,-127.907880072775
"1540",-9.08398954572078,-49.5477220576508,-283.01549341695
"1541",-8.81770844950131,-58.3693636393821,-377.679822411579
"1542",-5.9064804437802,-17.9657282219114,-48.4591378598943
"1543",-5.94880730932425,-32.4956758211624,-185.229393679834
"1544",-11.3289439735945,-59.9156486295212,-319.297704989143
"1545",-5.50256736202391,-22.1346651019344,-80.6184400505626
"1546",0.728282947416233,18.9735827667732,188.525571451259
"1547",-4.12568903287615,-18.261869249,-78.9914341853691
"1548",1.23824750980907,27.551120894218,262.170899768011
"1549",-10.4218102262172,-50.4180474999007,-262.75911820705
"1550",-9.04513084913538,-49.0821085562961,-275.435175007073
"1551",-5.43832890833994,-28.4536530210944,-142.752523976595
"1552",-3.57767353653344,1.01789448781801,113.507196540291
"1553",-10.9166713088867,-65.1799261829476,-391.361583655646
"1554",-6.93696423890833,-24.7250235613619,-58.2972351824083
"1555",-3.81043364054688,-11.6055705463809,-20.3465181649299
"1556",-0.155711717064605,13.9227809563381,164.647050183576
"1557",-7.94061414283078,-37.1898095262709,-195.053222660366
"1558",-14.0853222580687,-79.3893806553115,-453.191807932384
"1559",-8.41398694854684,-50.5297766926742,-296.984898140356
"1560",0.658285146328808,28.8178086979588,287.69063072391
"1561",-10.6542197528164,-55.127843960857,-303.705588721141
"1562",-8.14204952848513,-38.6258650925356,-181.364535228178
"1563",1.30360466544914,34.0770682238517,310.824599737849
"1564",-6.74992793186777,-27.2043456569268,-95.7820690255721
"1565",-7.69099796421006,-38.6284256887739,-210.288636244151
"1566",-6.5072399346393,-25.2337738143206,-87.8565229733158
"1567",-8.85768521781563,-39.1446965365021,-169.463268772932
"1568",-5.86294489710826,-25.566658245335,-112.07725554518
"1569",-0.865786668025294,14.4914684073265,176.526547964335
"1570",1.7228072636351,24.5922756471018,215.453348182667
"1571",-9.74554269147961,-54.3491433605632,-307.805907953601
"1572",-8.14939237256135,-40.0824665824839,-191.01811851624
"1573",-5.14492914273058,-12.6168863073053,-15.5406903825224
"1574",-1.50137620214309,6.80382266103879,119.65887809066
"1575",-4.5093062815738,-2.13750459276662,125.225556833762
"1576",0.361042925701099,27.1464897397041,274.701622970457
"1577",-12.6563548336904,-74.5128319322109,-439.445068778328
"1578",-7.81846877843975,-56.4286595986978,-377.678614058907
"1579",-6.49573444006148,-29.9290108049554,-144.545569635187
"1580",-12.1151104464961,-57.7630007901241,-241.261812130706
"1581",-7.27919044448868,-35.1692915982981,-141.549514577799
"1582",-5.66404071611635,-41.6369149705079,-289.757486408727
"1583",-4.75080600833576,-26.9549190364082,-159.792829757422
"1584",6.53298711554726,78.090302426584,635.553558700271
"1585",-7.43032912346689,-26.3873637154461,-89.7670852746451
"1586",-13.852284852828,-81.7237468823748,-481.459350908219
"1587",-6.10259658283053,-31.2446598001875,-172.855905228233
"1588",-8.98752116981132,-50.0196549720076,-294.019193453558
"1589",-7.07112459906148,-32.9088025678402,-154.652197503099
"1590",-8.25913899327895,-40.2758358774799,-202.380900663011
"1591",1.05005221761246,27.3517610420972,228.048896280045
"1592",2.54874150855937,50.1417266355179,449.829882391596
"1593",-1.32958902409598,24.008045808172,305.310518636454
"1594",-9.82838563549217,-58.6024792566786,-351.814572766452
"1595",-5.01572518265175,-10.7919203341739,19.5724637025505
"1596",-13.3642895129223,-76.0114448581025,-448.650647149578
"1597",-11.5135398332734,-66.8985776849827,-401.495994928315
"1598",-7.77408826822921,-34.8434638020581,-148.217603689709
"1599",-9.07475900898385,-41.9238347676087,-184.090147707686
"1600",-7.12300488209462,-27.9293163847833,-116.62598030411
"1601",-9.23359659332777,-48.7831828215431,-258.607867226105
"1602",-16.5591111320048,-85.9893751462398,-459.517384012759
"1603",-4.31650959916828,-7.3850897709267,18.3195096542677
"1604",-16.0681716725463,-97.9819542871967,-595.427056910677
"1605",-12.3188660758501,-62.733355998457,-316.011715623337
"1606",-6.64835928445689,-34.6473537408679,-167.211358961627
"1607",-5.14788953789275,-23.7428225392819,-94.1145933623739
"1608",-0.126576488693104,16.7982872329062,148.986882535386
"1609",-7.54782570495593,-38.9848718623721,-211.277311679891
"1610",-9.35988093975641,-56.4011953970746,-357.503598804899
"1611",-15.6455891685526,-103.741087132119,-656.331719210812
"1612",-0.673765870000807,10.1672072477427,131.4612733867
"1613",-5.36377529408162,-22.0884450475301,-81.8010004807184
"1614",-5.05366720513371,-10.7860100303924,24.0980576434104
"1615",-2.83354771627114,-2.08644431577522,59.1352869252842
"1616",-12.3667165989419,-76.3521517497909,-455.142382558523
"1617",-3.87148885976262,8.05151775132708,180.170913013309
"1618",-9.32395938006937,-47.5299947138556,-237.748905877099
"1619",-6.46092391783418,-30.5955042136738,-141.512064389886
"1620",-1.00273280799854,6.80931379711228,99.8838552166089
"1621",-9.66271605271618,-39.1877049835603,-171.542769713675
"1622",-8.96253934262438,-45.129763904255,-249.944595179213
"1623",-4.89882784728763,-7.1720606607646,53.324998363647
"1624",-7.13751198443708,-28.4908576216276,-111.254037170262
"1625",-1.13335361754025,7.42252500666336,102.40031250583
"1626",-4.66080998010523,-13.9807247563908,-25.2928486572364
"1627",-3.79324652522109,-3.15416959473805,42.2511124138364
"1628",-6.63981077024584,-27.874065592373,-114.868703130074
"1629",-10.0284592478761,-43.7840517629784,-183.683672090385
"1630",-3.42912857225576,-15.7889227041492,-99.250225162079
"1631",-9.46452241111319,-49.3968889622633,-271.292794832718
"1632",-1.81810698984168,7.90774710866162,141.449359731441
"1633",-3.39929255908726,-6.8704373547439,37.5143526723441
"1634",-4.00074646738994,-11.9582884273918,-29.8311016097978
"1635",-9.07462730214229,-50.583458253373,-289.294373170711
"1636",-3.64735233179499,-6.57121202507869,58.0807328139254
"1637",-7.24713417963869,-22.0401403156511,-50.6305722179204
"1638",-1.80429090973985,6.84684069137529,127.015764644802
"1639",-13.1894472611408,-73.9831265326372,-415.57079247915
"1640",-7.77809223617908,-33.9694557574339,-124.740373602974
"1641",-3.25790770030619,5.80305933901673,143.53288672772
"1642",-8.28298525099058,-47.2702488090054,-267.42005446141
"1643",-16.6485747006186,-94.6500533092476,-542.056078208727
"1644",-7.24993331885275,-40.4967073528846,-227.215038864573
"1645",-3.17270790048644,-10.3155735231053,-18.3673116899354
"1646",-4.52983436684451,-22.0315402935953,-114.842186490481
"1647",-12.5577693434124,-71.0196089171686,-408.670269353701
"1648",-7.44283123602725,-32.5827178605514,-141.087790240208
"1649",-1.00554005205083,18.0043713526297,215.502211873621
"1650",-8.09686008367407,-35.6244825786753,-168.068663600297
"1651",-12.5696273451572,-74.2299461617281,-446.029674671256
"1652",-2.90987668285788,-7.09561705067244,-9.27640627334949
"1653",-4.93389754920452,-29.0316413962082,-184.553766634064
"1654",-3.18482342727805,5.0954103719846,149.843825643426
"1655",-6.59205088110161,-15.0694234603857,35.4622423268156
"1656",-9.28383182451296,-51.4272091261046,-281.518101143905
"1657",-2.11468361969446,-1.81684176974977,20.2092958296143
"1658",-3.97656423540548,-4.49940256068567,62.2790413741113
"1659",4.07125627312678,48.0548037905123,392.459338524595
"1660",-8.38763468200921,-37.1788241780519,-163.854649402976
"1661",-6.42007451686857,-32.8464224783515,-152.133729046514
"1662",-13.1362274879466,-73.8110685163265,-410.750396352758
"1663",-9.5663352240349,-49.1883427124385,-271.942511308509
"1664",2.32568338695023,30.8984748052699,261.963706960141
"1665",-6.07627847885647,-30.5486469945981,-167.321316870499
"1666",-8.91465546122163,-42.4500331467511,-212.932162058625
"1667",0.554506810416228,14.1310624353359,118.556046886868
"1668",-1.52712654086793,14.458215446833,175.279056737261
"1669",-10.3101035706459,-47.6085362402951,-242.196008349523
"1670",-4.26265873393925,-11.5078530029359,-19.6888832950972
"1671",-7.97830119299329,-29.9078283950807,-103.760256816584
"1672",-6.48052326778918,-31.4197327574821,-181.451471810858
"1673",-7.53841250357607,-31.9189777967899,-143.085105791597
"1674",-3.02010985557547,2.71962513371409,88.0118658085321
"1675",-10.2030175789689,-51.967653291787,-277.800862751667
"1676",-9.22567692628729,-54.7012099325082,-311.882220974025
"1677",-10.5312081075991,-52.0966791505466,-258.230260096934
"1678",-3.98270465031385,-9.58510100413378,-20.5834301354553
"1679",-1.43648399289191,19.1062575638593,225.913405823727
"1680",1.39700250787712,34.1352658013975,316.41240468361
"1681",-9.4028876283794,-52.6951374651012,-300.459417560556
"1682",0.724425607741864,18.6996245511054,172.101584208
"1683",-7.68859865933632,-34.5007831094676,-181.456532558941
"1684",-5.38810931555611,-18.8177697936062,-68.5892797715769
"1685",-8.38537628846291,-31.3978290357636,-125.351307081335
"1686",-3.71674449331351,-7.28775778084082,16.135088481622
"1687",-4.93440936495472,-20.3940078514679,-81.7574059293274
"1688",-10.1109703762949,-54.8265133144407,-320.135861852052
"1689",-4.694125446817,-20.2506990951333,-83.2437732705002
"1690",4.42074237447252,46.2331570567503,348.633536624893
"1691",-0.0220786140791915,13.6622720342857,128.581814280698
"1692",-9.05413211374162,-43.7114218601528,-230.580908121168
"1693",-12.4863292762606,-70.4925691875549,-401.360090754579
"1694",-6.43868693892728,-37.9193029371713,-246.852814803455
"1695",-8.14397471264363,-42.5178021176407,-214.55033129758
"1696",-7.55167022188073,-35.4269588123516,-176.873019585526
"1697",-4.62824939803681,-19.1057674346507,-104.937093076762
"1698",-9.66157545516774,-43.2148016768688,-166.58331061627
"1699",2.24854878342819,31.0170826757153,281.799124860829
"1700",-7.88019553992979,-32.1776082024317,-130.34147082599
"1701",-2.76065160471239,-13.7133974540134,-90.6836253785241
"1702",-1.34846752942656,12.2700092255004,191.564774540437
"1703",-3.45793437984753,-5.5054271188028,37.2720567216402
"1704",-7.09392008159591,-41.1520120538053,-244.915930433517
"1705",-8.6025168594839,-45.4068413098339,-230.494099886881
"1706",-5.57411417958554,-24.9320124491232,-125.925243257212
"1707",-13.7397539817523,-88.380957509273,-531.963042112005
"1708",-4.4592098954223,-17.0573333617021,-51.1626623702359
"1709",-7.64686037871104,-33.5905546599047,-150.677398204956
"1710",-2.01363390679944,13.8258467616074,173.881103002952
"1711",-4.62824368095085,-22.6891396086771,-105.157570314948
"1712",-13.2455835828343,-88.0450726515828,-563.216556510546
"1713",-0.346854620886006,14.0389070018914,160.062828781731
"1714",-11.2291313497803,-53.1175703608042,-262.367880740163
"1715",-6.23312209324376,-23.2462396148412,-62.5827197473373
"1716",-5.33437218176186,-17.9206168544006,-15.8366266989833
"1717",-6.74291022140881,-30.5412507442607,-127.072061979577
"1718",-12.1218702711619,-61.1933334458856,-340.611566372609
"1719",-8.23039334556836,-35.4595730666374,-153.117627663682
"1720",-10.2072245599956,-50.6258182798028,-253.534461976345
"1721",-4.06359575243391,-3.67865492477586,59.345238031312
"1722",-3.2009767542105,-14.5675105007094,-59.4756516472262
"1723",-4.40020529772687,-22.5122366338655,-136.629313159421
"1724",-5.5328842962125,-13.1438961959479,10.2937370517848
"1725",-3.0458637126311,-3.81482344093092,58.7305062163614
"1726",-11.9045683375566,-66.0231382216823,-381.581219791507
"1727",-6.94106728026782,-32.3940281036021,-159.01903971351
"1728",-3.31646907268282,-8.74968681211385,-9.54257998541834
"1729",-5.78222210648676,-30.0429112605311,-171.808672509611
"1730",-10.6099419439838,-60.8622517854842,-343.829770655169
"1731",-15.4738505297848,-96.4429630924626,-601.840472666301
"1732",-3.77803357354651,-0.956818248933359,77.7000723672645
"1733",-10.2345123396005,-45.1954395856092,-181.473808870745
"1734",-4.86114612057997,-19.2637789621945,-78.0332895805295
"1735",-10.2160516917027,-41.8145854317017,-136.700878225538
"1736",-4.38362260021984,0.673945262819416,116.603441716505
"1737",-6.87284463875085,-30.7452163560424,-129.08450941043
"1738",-11.6325762246157,-69.422885510347,-418.892035231023
"1739",-16.7221358510468,-92.8716667525268,-535.673460953654
"1740",-6.28580007949472,-34.5471124572332,-214.556739314427
"1741",-8.89120000756634,-48.8063147715757,-268.028892089194
"1742",-9.88055685745451,-53.7260785927565,-306.083102458093
"1743",-12.5824498461939,-69.2815798913898,-396.926117809899
"1744",-0.80457806536333,10.5195017166452,128.460493013641
"1745",-14.4341699696485,-79.3847949989095,-406.141958304554
"1746",-1.96496143831678,4.28698626244841,98.1207032199782
"1747",-4.85669475460236,-16.4180644200474,-59.5793473873291
"1748",-2.91787736710501,18.7013993151036,294.061320264893
"1749",-5.36172655204905,-11.4340128211293,25.3660569007225
"1750",-7.151963897889,-43.9959850594837,-282.692133363342
"1751",-8.57660573902194,-41.4685663811383,-212.380884695929
"1752",-1.3467144371524,19.6853654588667,265.917902923577
"1753",-7.44297095852824,-33.4707146960309,-138.650315794528
"1754",-3.75950700382509,1.45435497269864,136.878589364158
"1755",-4.18101754847783,-10.398714370423,5.79834346676762
"1756",-6.38656751881956,-28.744939412652,-137.628666274186
"1757",-13.9939806155835,-71.3900242663071,-380.651619955728
"1758",-2.48923548646758,2.46854091777595,87.2469407434619
"1759",-0.758234696547788,11.6163984647965,127.203732592036
"1760",-7.51726130713052,-40.7107080339115,-231.138254283072
"1761",-3.73406684427721,-6.26027490899742,37.0543250454357
"1762",-8.26036568143491,-27.4723826337909,-59.4582062148584
"1763",-9.0154085946283,-56.9527056557336,-353.352275605908
"1764",-9.77161384102692,-44.5955972444021,-205.422639971192
"1765",-10.9610329002597,-64.4174699304917,-385.814147182491
"1766",-10.2853739128803,-52.8922877769533,-271.654591715736
"1767",-11.0405645977867,-68.2447978758748,-421.64872554284
"1768",-6.94053298815356,-38.2721754100312,-184.937552053059
"1769",-8.6359297808242,-56.5548996799812,-352.162880266771
"1770",-9.12092467003356,-42.486190316587,-206.125492732663
"1771",-4.21641195030736,-8.08495566571219,22.3919880854555
"1772",1.71715572198821,36.1734867126574,352.59293965619
"1773",-5.72272632272472,-13.6606734134407,2.65590551332571
"1774",-9.3737092902162,-27.18495184221,-23.2792831486604
"1775",-5.57611730770031,-22.9535020219091,-88.3714147440896
"1776",-7.33961755275232,-26.8722607020964,-108.558047392758
"1777",-10.4197715288108,-49.1926143616333,-231.676364608762
"1778",-4.30669963779769,0.452994523804591,153.222288429861
"1779",-19.0789277273228,-117.038296079934,-725.066332588678
"1780",-6.60924290212984,-23.5814669258398,-70.1239485300848
"1781",-7.66379961872985,-37.8787092752318,-212.825049570038
"1782",-8.72072092540088,-64.8151966162661,-447.428228991334
"1783",-10.0375771707181,-55.8424558267432,-301.822270343911
"1784",-1.8836292449663,12.0857977300693,199.821591800803
"1785",-7.97117552294958,-26.4967646185132,-51.0720379064496
"1786",-3.73671097553074,-1.96553085958158,67.8693610358496
"1787",-6.8847551623187,-16.3421627565158,23.1288072945354
"1788",0.737397165243124,24.2032645422751,211.383198760281
"1789",-0.57504796250555,22.0661325711781,257.324973137564
"1790",-4.57828207444231,-3.06318537016114,88.3909556250564
"1791",-10.5921342242109,-55.4361012625218,-287.605800861016
"1792",0.630122181119191,13.2496447367098,120.524625078877
"1793",-7.97401004960648,-33.9790083196399,-165.248172921409
"1794",-5.69346627179959,-19.8230972010629,-60.5535966064035
"1795",-7.81079096199539,-44.6956447264429,-245.476662696938
"1796",-7.77980714683986,-28.782914663791,-95.3301347810848
"1797",-6.54445761557918,-29.5716309276272,-146.942136114101
"1798",-9.01931086355125,-51.2959173900531,-299.064022342562
"1799",-5.43138585814472,-20.1014130379367,-56.1699401622463
"1800",-9.7945963481543,-50.6937949044845,-256.932560912441
"1801",-9.85584711120009,-44.1371750446233,-196.126426250297
"1802",-8.2249002080207,-35.397580587814,-161.184671425714
"1803",-5.47200008963512,-30.0447614716923,-160.210590091854
"1804",-4.65732190348649,-21.513645963304,-113.712289602121
"1805",0.27623009857075,12.8156089769836,143.43177213353
"1806",-2.2809887251816,5.88747249286371,113.427426069786
"1807",-4.05438380662247,-4.01603899874135,89.6411981360216
"1808",-3.80555718532753,4.44942568809392,115.337182945221
"1809",-3.76513310564314,4.54856882452668,142.477853552889
"1810",-5.37214425122045,-12.9383944863771,9.36393638402478
"1811",2.67033850437429,26.2580230279973,214.817885525072
"1812",-2.14685165144419,13.9558513175075,194.815338791086
"1813",5.14372600235038,71.3794974725138,626.427769863718
"1814",-9.7167508637699,-49.162078833408,-270.061195557613
"1815",-5.87040705785648,-31.1991905563341,-186.889760171012
"1816",-5.41876262819824,-11.8526999293349,19.6217306228391
"1817",-3.38026312483407,-11.0324731349979,-26.1892296173228
"1818",0.589779745899364,16.4569708667686,151.874154874567
"1819",0.326435597184854,20.8036847909366,197.903022733466
"1820",-5.19405884746618,-9.52385810125725,15.0740730329635
"1821",-6.533025558394,-36.010877932506,-207.114571242144
"1822",-11.6416308595793,-65.3215211553102,-355.938046781972
"1823",-0.768351719087718,10.0371946357086,129.282144323666
"1824",1.62748048143021,36.6422511351902,330.413794738994
"1825",-6.96954694023111,-22.2590692677463,-60.1329152101789
"1826",-1.43084694697336,-7.70933423298266,-73.5897239540336
"1827",0.267444260720367,13.762450118465,119.009704293831
"1828",-3.18707956372168,-21.9165619558257,-139.112940080056
"1829",-3.37767111956862,-13.239362936607,-61.0011215834256
"1830",-9.33459962059885,-44.4821765982433,-216.003244297022
"1831",-7.53673912218062,-36.6612172819655,-193.160900155199
"1832",-9.70734433435234,-48.2569580629211,-260.56434558008
"1833",-3.98215473994162,-11.6180658697972,-17.4440868443035
"1834",-6.07601413154759,-28.7490211829258,-142.406067376476
"1835",-7.62081151644691,-34.703485380217,-158.07677212302
"1836",-5.97608810885561,-21.34947987943,-75.5833626996809
"1837",-10.50513751977,-54.5755638475564,-296.048530454571
"1838",-4.92988057872594,-25.2481674635196,-152.467371707977
"1839",-7.83417860109773,-23.023740992513,-53.2139423179269
"1840",-11.2300629790219,-58.3481737359741,-306.980393553307
"1841",-7.05199542388891,-28.5671574096391,-128.020213367512
"1842",-13.1459554386115,-72.5032582455501,-415.013890203518
"1843",-10.3855479116816,-58.6843796495896,-324.17309758289
"1844",-6.83121669656362,-34.0935079826122,-181.65099674345
"1845",-8.3591409093118,-39.9808570420605,-193.292729909172
"1846",-7.45648210000331,-30.7676961107586,-113.398769838679
"1847",-9.74479310247648,-47.4210947051456,-241.214457856075
"1848",-2.68366805081905,0.319182157913474,85.9365318107812
"1849",-6.45834974919967,-24.7762804046524,-89.0460291517666
"1850",-11.3480941851469,-65.0076635796836,-394.499909515824
"1851",-12.7884811359796,-70.5043015777665,-365.470063625946
"1852",-7.12633955493311,-43.2208987175795,-251.460970107533
"1853",-10.1586085154134,-48.1492356234789,-233.253268311584
"1854",-7.4362815942377,-20.9572365116924,-17.2308541295697
"1855",-8.46480127671566,-40.8930217135835,-196.830153019775
"1856",-2.07040196576395,-1.99728988021707,46.1760933819714
"1857",-0.628842282103051,11.3719396001397,144.813618258217
"1858",-9.10016499600727,-53.1364197664907,-327.957736996606
"1859",-6.98101182867083,-22.534751505827,-47.1234336876405
"1860",-4.36006591339799,-7.25893840997514,26.9733286814826
"1861",-7.28614465539636,-34.2137139880001,-155.390381526751
"1862",-8.05177899180183,-26.9112662714901,-69.6004344187422
"1863",-2.30438183023352,11.8725788735469,192.954365091169
"1864",-4.20590913116382,-19.5209421683794,-103.136071429462
"1865",-6.83605599432497,-17.4862494999702,16.0785456412141
"1866",-10.1657275600846,-62.2638897859611,-387.189598918476
"1867",-8.10503775319637,-42.1693921558585,-223.725783795102
"1868",-6.80921626265285,-35.6645764788946,-196.253727816351
"1869",-3.59226999924101,-22.6649490418617,-151.560433744107
"1870",-6.21750225104108,-23.2966706778707,-82.6920161856906
"1871",-4.86617624015537,-21.6397586242624,-94.5187567307166
"1872",-4.28496160516602,-22.2231747409337,-110.223538697808
"1873",-4.86601904821885,-19.8416485902212,-80.2399802092277
"1874",-4.55411230208915,-9.8882153961822,21.2127153176934
"1875",3.04585011875133,36.93107567381,293.338183108519
"1876",-7.89669538793839,-40.1780757546308,-186.515047112589
"1877",-8.32979827358758,-42.3565374999366,-191.169131234648
"1878",-7.66669083007412,-45.3803281166838,-280.043830407061
"1879",-1.17296974409658,5.27750751940039,95.6149349435454
"1880",-8.76514392887645,-50.7483027265885,-313.512405231675
"1881",-5.55741135615938,-14.261678197488,20.4627989985092
"1882",-7.7654281771695,-38.537856441159,-180.051072074599
"1883",-5.000685259443,-28.7525885648333,-162.359307792985
"1884",-5.65124286889829,-18.1493616762245,-49.4971923477369
"1885",-8.26198906996922,-45.8621081222232,-243.848089176514
"1886",-5.7452437690248,-23.6515286027839,-83.281551296559
"1887",-7.91860406305568,-39.6344031484959,-219.578335049264
"1888",3.18150061103836,44.0954671392265,394.112300835937
"1889",-7.74613791893501,-42.1227370348965,-248.401953676117
"1890",-4.05382007092771,-20.7328757117361,-107.749984350281
"1891",-2.76396414450528,2.53179183618658,89.1126062796284
"1892",-8.57592425400992,-34.3165894078038,-111.774768925296
"1893",-10.2166656455855,-50.8156915953286,-249.977871392128
"1894",-0.108263566762957,17.3116895773928,170.211131665115
"1895",-5.94593412821234,-6.20815741067008,60.668906167366
"1896",-3.10135745002231,-0.839953890413653,84.5775227053618
"1897",-4.74017639010231,-9.43596748530945,39.6636116029567
"1898",-9.66371600619448,-40.6650412492522,-149.960698344748
"1899",-0.288429673261362,8.89364379821973,96.2140453148859
"1900",0.301547110082538,15.9928570373677,155.596425789601
"1901",-8.64297059800663,-43.5765367435752,-214.077697319768
"1902",-4.40712668845288,-7.19138539650839,37.6858871382938
"1903",-5.36687574476457,-25.5879283541558,-119.153203573911
"1904",-15.4594303089229,-87.1223021267019,-504.122819168604
"1905",-13.4733092063087,-79.248159172924,-458.077186224908
"1906",-3.33988518362469,-13.1512083483808,-46.7320806136759
"1907",-0.477478368979405,26.1789832955565,281.615592391459
"1908",-5.87088070594541,-24.380723743639,-107.407042668743
"1909",-3.64092142249058,-8.63437353040354,8.70384965829908
"1910",-5.11489963202121,-18.5245689945746,-52.5261088142815
"1911",-6.81025944700787,-36.7829609705204,-204.837320654024
"1912",-7.49176770547911,-38.180098039446,-183.745143336617
"1913",-4.78654978633233,-15.4071114754693,-49.7230349480142
"1914",-8.88677655095091,-39.6360939413003,-159.046934139637
"1915",-14.4185946500329,-87.0512381637129,-517.363964885888
"1916",-6.17678254866382,-28.605867057563,-124.313279037686
"1917",-5.70404746711608,-25.5659595847856,-105.197435860091
"1918",-8.31117913919161,-39.9830784206338,-168.195670294113
"1919",-2.46926049687227,16.3223828545347,245.434174059119
"1920",-2.40131718789542,5.19245215024284,95.4938048884724
"1921",-7.07618710334111,-34.9072196955922,-182.513425589797
"1922",-5.33575471408778,-11.187459857234,46.3380267638586
"1923",-4.86019679500839,-6.23573944630607,69.0177777416357
"1924",-0.649794617391422,29.2041759247945,363.410195143337
"1925",-7.26688678869539,-27.731182082533,-108.322286336079
"1926",-12.9080386280771,-67.9904794628467,-349.740267582469
"1927",-9.80651348738172,-44.423673489775,-209.429811151256
"1928",-7.7713579075272,-28.3653778169355,-68.4908592665961
"1929",-4.35665892238535,-18.6704786934883,-79.5612506151156
"1930",-4.62789617743022,-6.2754988902916,47.720701048338
"1931",-8.81186521309291,-56.7418325612643,-359.350410007581
"1932",1.95226610952591,42.8102168788923,421.057010959274
"1933",-8.68460935409018,-46.2728948534245,-250.670088207526
"1934",-2.64125563936898,-2.70920886048862,46.6794324729217
"1935",3.33373636681824,50.5834099530143,440.440748267094
"1936",-3.6383903261833,-17.4042007588646,-72.8034829448225
"1937",-5.02088798474995,-5.17038790758215,102.551982311788
"1938",-13.2551662404591,-72.6963033605984,-391.179662197714
"1939",-4.85617616918819,-23.8817612839866,-121.928304632473
"1940",0.676956443716904,25.7915153498307,251.419609017335
"1941",-10.0237154521527,-58.3827121744669,-350.951856113907
"1942",-11.6849743934414,-65.1303426283725,-371.43884161126
"1943",-13.6184725321996,-76.8202564373867,-430.403684786608
"1944",-10.0909568501364,-58.1090219491982,-326.626509263198
"1945",-6.45559300664331,-31.7469173216446,-168.206754202558
"1946",1.55548531626334,38.9756299084261,369.410052912477
"1947",-16.8671952787378,-93.2905602129254,-524.169169793404
"1948",-0.243125091970569,7.2865170540249,56.0198952516221
"1949",1.33375981265192,37.1373678806708,345.573047763575
"1950",-0.78622495687614,16.1302092872293,197.186433874782
"1951",-1.51747507340349,8.78781481054421,128.475938286903
"1952",-8.15484197945284,-30.1021246693222,-83.5610516599099
"1953",-4.01600527586345,-4.40943693476447,79.2585958280342
"1954",-5.27477504091939,-21.4090862084308,-102.036712458656
"1955",-8.7231605783162,-45.3361590407171,-250.344423885366
"1956",-4.29192233958702,-17.5567427516253,-86.0281528370269
"1957",-4.51730666115088,-13.0412707125465,-16.729725692514
"1958",-3.78955997926437,-18.2195424359488,-94.3159955889842
"1959",-7.01592530962648,-33.1391607773803,-144.796209333745
"1960",-7.54197450169147,-29.0997498535803,-101.844357805503
"1961",-3.90250495422936,-11.083240442174,-6.28194673557846
"1962",-10.1443929067431,-45.7409568244734,-194.593613648623
"1963",-10.9867275465749,-66.0419652162025,-406.642456944299
"1964",-7.58487631799665,-31.1181489941246,-131.375472383324
"1965",-5.9165247558642,-27.7131375451668,-134.114798216737
"1966",-5.13687201956657,-7.52693708591642,55.2556986318832
"1967",-10.5380118479679,-65.6531806646537,-389.855721749769
"1968",-7.33474251380915,-32.0201863256552,-147.823566772537
"1969",-16.6803571886079,-94.953311730392,-518.777181810588
"1970",-4.72476795034493,-9.69353111719556,19.7877303397672
"1971",-13.2152393473095,-84.440490066278,-536.447508779165
"1972",-13.2064156290544,-78.7387405461859,-455.275467079049
"1973",-6.06476663981971,-22.642378178175,-82.8242949393061
"1974",-6.4151840310941,-20.8097440248762,-41.0069689641587
"1975",-4.64788570414635,-12.8258210951381,-35.328979152082
"1976",-7.02753422684646,-12.9789455901964,73.8111566025691
"1977",3.57568691208428,43.3549449399802,357.276293308243
"1978",-9.22531446244443,-44.9529587954148,-250.292478791778
"1979",-2.7616600356024,-11.2930355628259,-50.9196251320427
"1980",-4.05493151844644,2.63041787892325,105.05725927799
"1981",-2.03903723746009,-4.57696461258456,1.2633870901991
"1982",-1.62792129952027,14.4979129552398,164.327316508028
"1983",-4.57618723102462,-13.474290387393,-20.1446618208665
"1984",-5.31516515085787,-14.4522277788133,-3.78328346660055
"1985",-0.353806312740744,5.98177763556441,76.4630215899888
"1986",-2.95400322796104,3.28145820672444,119.404699517841
"1987",-2.66460700463699,-1.42786768726955,47.573824847741
"1988",-5.76378173269029,-16.2933854747616,-15.3843404351246
"1989",-6.41458694845903,-33.5063831754492,-193.003790168577
"1990",-8.24655233870828,-34.8764678514135,-140.076201789971
"1991",-4.99508318943072,-22.9299891917112,-91.9874360465037
"1992",-0.248360735942015,17.3119617361808,159.736220850242
"1993",-13.3332608835817,-72.257028665545,-416.738700712958
"1994",2.00301398515319,26.663714818942,209.823666920538
"1995",-6.31481795134232,-21.2541603829563,-43.4563680754054
"1996",-0.366704390269547,21.0524545119424,210.921343973745
"1997",-8.68466710190535,-49.7776270881045,-278.04228430699
"1998",-8.00674850150017,-43.3557483094314,-233.883365628641
"1999",2.72633028451401,35.3452479069615,287.239610577872
"2000",-5.71547642935036,-12.9369175823408,10.5068470143087
