"","G1","G2","G3"
"1",-2.41983403092502,-20.784250036053,-189.156950463459
"2",-5.18083076325809,-4.53370059498729,120.643289637566
"3",-14.5290644808007,-76.6330786775297,-438.336021987465
"4",-2.39439338241334,1.62817626385186,91.7047744503034
"5",-1.90758869993977,8.95168413899364,157.183087356681
"6",-7.76618346149678,-47.13071964446,-282.224784540011
"7",-6.71081829851414,-25.0757863194422,-57.3141906507353
"8",0.66881976991192,23.6923310972315,258.482799989459
"9",-12.8578321328783,-93.5083632833516,-655.913324379286
"10",2.49216015343404,69.8517850393573,733.885283535532
"11",-17.8641455104823,-116.854357662176,-764.550304539651
"12",-4.2476847123686,-6.65281934468567,54.733236239359
"13",-13.28425076243,-71.0895313016995,-374.210049759809
"14",-9.44066503694978,-54.2638355288341,-291.173865662246
"15",-11.7716063642135,-72.8278988102165,-474.684294702467
"16",1.30051332429116,47.1094130504243,501.405855585796
"17",-13.0793844635435,-85.8008876452614,-578.862664127413
"18",-3.48548058332904,-8.39862048969371,14.3860934600998
"19",-12.0539459552726,-65.3235060926322,-360.474047180731
"20",-9.50285223333742,-59.6314083175566,-350.574801755076
"21",-4.13413283642763,-3.95486002700545,92.5987383661904
"22",-6.71837137179466,-36.6928072791543,-194.52259539682
"23",-4.35294557045222,-10.7190774431856,30.2956889128309
"24",0.0891300237368569,30.438366725346,350.545903001035
"25",-9.32007446094372,-62.3923402045361,-458.423796951291
"26",-7.39246649456004,-44.5841134355856,-268.826215343566
"27",-10.922263587377,-62.8041271521201,-350.827079381143
"28",-14.3617176746393,-98.9447197961663,-672.033396683011
"29",0.145506959683075,22.9712699018019,242.824978275692
"30",-3.81718283203861,-1.34132034023696,121.480021356672
"31",3.60660226499544,52.3412632851278,489.649987001212
"32",-5.95863431501903,-21.1270966944817,-64.0305918568483
"33",-13.3553078071687,-79.3085597763152,-476.773299452656
"34",-4.26815609299763,2.01696210343425,146.312406385525
"35",-4.54315372110682,-7.91069685426464,41.7807751549171
"36",-12.130478375589,-69.120910311286,-378.954845007451
"37",-5.96984526604922,-33.7014229940255,-186.827913166668
"38",-2.63865385152098,19.2401312824741,329.465998039273
"39",-8.77276077049123,-43.6369024175078,-171.984639511786
"40",-8.77689713780296,-39.2728582672498,-168.281987582168
"41",-6.73694734741912,-28.00151866542,-113.935683764797
"42",-3.64083985000173,-6.28722374633162,57.3928424526039
"43",-5.6573673260292,-22.7780366860688,-78.0742808544819
"44",-2.66029316409231,-2.14116298552381,64.5671883455561
"45",-1.11075848642861,15.7980830092738,222.550258522673
"46",-5.53272293772454,-20.5656869250461,-88.2221439362384
"47",-19.076268098783,-138.411347171444,-976.38520110898
"48",-3.0534419704893,-8.55297770968855,4.5393887113496
"49",-8.91601759137973,-54.3695247654741,-368.720239907732
"50",-4.51173397654179,-21.5797125458757,-78.5495225070099
"51",2.57625747204145,35.5664122605936,319.527024950898
"52",-6.61450985077329,-27.8947384702046,-121.124845162087
"53",-17.1841979536352,-111.207732389837,-723.781364701825
"54",-10.3835190535223,-52.395201954133,-222.824424890767
"55",-8.64082707030821,-52.9137529200639,-354.414919358984
"56",-10.7379341550989,-68.6720814285031,-433.822338657787
"57",0.0935004791659821,35.7897142587749,408.651669252049
"58",-5.43804388358319,-42.5344541930417,-321.101779014773
"59",-9.66929415406616,-49.0615153029589,-280.459368878322
"60",-3.82518608500459,-4.73749330396276,71.8073835471077
"61",-9.59118329170019,-45.6982465232491,-187.482255263809
"62",-6.58520919934404,-19.4500373032065,10.8829219096879
"63",-10.2392937151401,-68.0394140160411,-450.788863555306
"64",-3.46580188001019,-2.70718870150313,95.254932031723
"65",2.13361527097345,42.7786030519896,410.720995557574
"66",-1.6862830707646,12.2237958613537,191.454822559823
"67",-8.14222913955166,-38.8190111248782,-170.163465345995
"68",-10.9196781804325,-55.4397860504446,-305.79687279875
"69",-8.864721578444,-58.4746821544472,-407.937721208591
"70",0.802657804299542,18.8239539305891,188.619321453867
"71",-5.71868242898756,-7.23946974994396,124.388480672063
"72",-1.48528587512101,9.938192366561,171.879822755418
"73",-7.83445183078595,-44.0003158634072,-246.16315569642
"74",-4.67317166530813,-19.9042361124357,-30.2303046790494
"75",-8.03913888751811,-37.455723638383,-178.244777190268
"76",-6.50327677851817,-23.7251743683319,-47.0906004183234
"77",-11.9053911392775,-65.572429760145,-346.349849742142
"78",-11.1503302193328,-55.8340582745141,-292.269863025533
"79",-12.319604741642,-78.2733860436633,-514.653446265442
"80",-7.70548658141433,-35.594632478148,-162.059323680984
"81",-6.8300024661346,-7.74376364896852,139.471745911183
"82",-2.29972680410526,-9.91193349633977,-49.8133625868504
"83",-2.64879880831938,-6.60202889060065,-1.23980258518714
"84",-11.518426295774,-71.7470585110655,-422.16252809756
"85",-8.31969564515168,-39.3372969150009,-191.262335002712
"86",-5.09832769869286,-2.59477294422959,146.817246352439
"87",-13.5149693412125,-85.7987272442297,-545.872346598624
"88",-8.7340240407741,-48.4372812473953,-258.998639991905
"89",-7.18360170924302,-37.6972144445076,-175.867286739789
"90",-2.94726514091849,12.4322108735805,261.447124619532
"91",-7.06123565465487,-25.9517358115663,-73.8169354199781
"92",-12.5470880032302,-95.0614059636641,-687.406779798861
"93",-4.27070307839892,-17.6318898552909,-66.5861321109169
"94",-8.8642135740904,-47.1227862446135,-282.187927946454
"95",-4.56665400624559,-8.74896234762082,63.0305416687825
"96",-3.44595339275759,-3.44565702268346,64.4028808173534
"97",-10.8522034199005,-62.1531753313329,-373.428030658497
"98",-5.41161337636038,-17.7156360876043,-40.0730980919307
"99",-5.11042380256981,-10.8664634666643,80.9579014630272
"100",-3.56621974727489,-12.9855228561905,-52.9951522950214
"101",-8.62464346648835,-43.996905617018,-180.76731760483
"102",-7.09266610366399,-30.4141621792492,-118.031308260342
"103",-6.72103146937809,-28.1571337994619,-83.5380708476223
"104",-3.09300273412271,19.7757586814478,362.538931372019
"105",-9.14212525688072,-55.9912862539477,-372.918970670891
"106",1.31205406035701,23.5436891909249,259.605999170863
"107",-15.3115350753611,-101.198308414763,-687.683833784937
"108",-2.87150701601774,8.26943987379536,165.189294887252
"109",-5.4572252756476,-26.5844818497085,-91.2899311063575
"110",-14.1024591372709,-95.7275583918049,-631.33423765766
"111",-6.97024560393027,-42.4191548052377,-252.779022168119
"112",-15.0689812563406,-82.2863429578028,-458.595598271198
"113",-4.35336132010866,-11.3749664567263,-9.49883368471274
"114",-6.21370012203613,-30.0251392102787,-105.208493598418
"115",-0.865046564521208,13.7342053176649,194.755722745784
"116",-2.51590527502151,9.94692744384747,184.696764668619
"117",-6.99448690111979,-30.4391434714098,-103.021720096598
"118",-8.32077896574117,-31.1121356481931,-38.8428657806817
"119",-6.98133755475988,-45.9861570562957,-327.477505593766
"120",-4.94994058249904,8.66160854911459,280.975310179187
"121",-4.81113773379138,-4.88158636076651,103.055012692314
"122",-5.45579821426702,-32.1288210007378,-241.641205072578
"123",-1.48194505345668,21.2403952186664,294.267473490752
"124",-12.447832172328,-77.3699057103636,-512.918293567862
"125",-11.1544127980119,-69.4648418579363,-423.465125943954
"126",0.925147370799095,45.1090052236414,494.375249014323
"127",-12.2972543291868,-93.0706246289683,-671.950902234406
"128",-7.13807305374553,-31.2781310267319,-116.3807335115
"129",-0.469326369496684,2.20437540642843,54.8266605401495
"130",-0.510672784315261,25.1601715434613,302.936129489986
"131",-7.76353291869589,-37.6254501246071,-174.26979640116
"132",-6.55983227614115,-38.6118299056848,-215.850191598371
"133",-2.32572262526742,0.48136627928443,96.251208056241
"134",-5.61508927616728,-20.9983872325424,-77.4334414937839
"135",-4.94918036289062,-29.0915869571286,-173.579510874217
"136",-3.70061563802494,5.46506241833413,189.524453822423
"137",-1.15600823746706,-0.293619138849408,35.5026454054641
"138",-2.55787852167498,12.4445805172404,218.241520842472
"139",-12.8768823581805,-84.259056227439,-539.877468011253
"140",-8.85015782528706,-42.7692548553446,-176.750643099178
"141",-7.13555225967389,-18.2122075580573,16.9597265144948
"142",-4.8353737349787,-16.0213122296141,-20.045898550421
"143",-2.41072470705569,-4.70537254050669,27.6980185757493
"144",-7.86453423992759,-43.7182544821144,-262.76464762387
"145",-4.50376549095529,-13.7516935585641,-15.1894322290282
"146",-9.23548037620571,-55.0303839128187,-347.367160772099
"147",-6.8599104394458,-29.2831194316373,-98.1470903054033
"148",-5.34410735971824,-19.0621874753474,-30.8558414972249
"149",-2.34517465445526,3.6654052512049,113.359538123552
"150",-3.91402271137349,-14.9619753450834,-42.5597698661859
"151",2.7733478689737,42.2287346975349,360.925853081131
"152",-6.75155759039455,-18.0285440585112,7.74789273222086
"153",-4.05354592690128,-13.3613176324052,-27.1435836907531
"154",-0.473834688121542,33.0641435669104,422.533997194114
"155",-3.52968657382974,-27.0016917208118,-207.550807144456
"156",0.289071407589631,27.2784400793025,330.567999539719
"157",-3.95426906070213,-0.523545307120003,157.424289836006
"158",-10.1763801224172,-51.560718759104,-268.778604306544
"159",-3.29943227962417,4.09048684737127,153.361473313227
"160",-1.44124445246166,2.90576189896728,108.0384545335
"161",-5.36373092559586,-28.9991101516284,-155.075960490514
"162",-17.7331150184381,-120.93160658744,-804.068325274186
"163",-1.28302768589072,14.9100743571348,217.150099703647
"164",-12.2136413530756,-77.6817012746333,-473.049965355929
"165",-8.16190170457674,-45.2313950068647,-254.852964220145
"166",-3.80524712777094,3.56446949930751,200.558525564615
"167",-9.25243963948685,-60.2617572712829,-412.917658350976
"168",-2.86511421323382,-14.9407292405349,-56.5834355130119
"169",-10.25039539737,-82.7986824129939,-631.55077119765
"170",-5.45175264444526,-22.8175322601796,-80.3361626689093
"171",-10.5195425133859,-44.8224408154106,-169.495498343589
"172",-6.0120081253076,-33.047075065399,-189.669848510712
"173",-10.8803125881983,-60.0782719197186,-350.926387835163
"174",-7.3060026013294,-44.8244087042226,-287.455494157883
"175",-5.45144874468406,-21.1926002422338,-101.523416304026
"176",-7.58399359140594,-23.7267714731884,-28.8163455581271
"177",-9.85481274905328,-56.6155467506478,-326.307824698813
"178",-5.10682283217682,-5.87961257841425,111.270121439722
"179",-5.56405045439737,-17.2453811225964,-21.3180484194909
"180",-4.2064435905952,-1.19266905968334,128.591533215153
"181",-10.6703576273997,-63.2929034922054,-378.00878921836
"182",-10.8492169131398,-65.5479152744824,-406.150208587367
"183",-4.56288007655462,-1.08558924338013,137.130291333746
"184",-3.90752301708051,-10.3549842771699,-3.53075318032825
"185",2.49138621037764,36.9867976557412,362.127023559984
"186",-2.59048966669604,0.965886308277277,78.863676560999
"187",-2.78158350592139,8.43897011157787,182.683474257332
"188",-2.57721718833682,2.99116844973696,124.791536813849
"189",-6.62458245120899,-37.3910976591314,-227.677116627985
"190",-8.72604012485738,-43.4198531273082,-215.516201224502
"191",-3.9238823810125,-1.32533857562248,121.536945619664
"192",-3.8275202022071,-7.06035517644295,34.478123478113
"193",-1.02978495394518,12.757529611114,171.631660571584
"194",-6.66568981141995,-32.2286494840864,-136.270615030602
"195",-4.54960736098178,-21.514465412029,-107.161015701449
"196",-9.19163804962193,-48.8309523836083,-254.356720073165
"197",-1.72952068789607,4.47411435235881,133.662314813886
"198",-2.05084563002652,-2.3908727397029,32.6632872377068
"199",-0.959276158951752,4.49589860460219,88.6149466028764
"200",-3.64615594082125,7.40017436764447,201.448310692756
"201",-3.11486666168719,26.8442137954466,427.999423654674
"202",-2.03863199682769,28.8547312097012,430.447929648857
"203",-13.0748581048414,-77.6801770781335,-486.653290265003
"204",-11.6171994404635,-80.921383345159,-555.610179097355
"205",-3.65888039550259,3.87712062503942,160.927032499052
"206",2.91949938072298,53.2115512108285,537.327631003693
"207",-4.09442058796105,-9.2056083649245,79.7952952754076
"208",-7.66661979612491,-21.8369627156658,0.681188157326687
"209",-4.90244985325319,-23.6494100083246,-103.280090538068
"210",-8.88936893901553,-40.0075220786021,-189.807612758585
"211",-6.50143153039471,-35.8750932911548,-235.010324966364
"212",-3.09731408596133,-8.88971973341404,9.02147118784706
"213",-10.2248050256566,-61.0013457658029,-350.159888457862
"214",-2.55575965308299,1.6222267156636,84.9487069219904
"215",-0.81771751702081,13.7865934538254,190.244897042405
"216",-1.71647606978843,16.0904805340529,200.482090177617
"217",-9.24091440531163,-48.6648617718965,-249.915588537266
"218",-9.76183672594004,-64.7442858659674,-436.965298167705
"219",-11.0737347911908,-60.9755014404191,-350.613150701936
"220",-4.60158140028318,-18.0508678402743,-71.4376172144584
"221",3.33206570828645,63.005317945554,631.490228304792
"222",-0.904459209660104,20.1677548602865,289.258696187357
"223",-14.4794635421822,-99.3827580690581,-667.513635369307
"224",-14.0017600066327,-79.4181946101457,-474.045465001276
"225",-7.15523814657968,-31.1813146617951,-91.7597378534902
"226",0.998017580868805,24.9129183494329,257.752644573768
"227",-3.73050748872106,-28.1992256280541,-212.61960481095
"228",0.26307481143624,33.859435231615,369.317101729921
"229",2.45323196954018,38.9944973046031,382.051736556561
"230",-2.79041508806074,9.74769169528554,217.05709967803
"231",-5.8614528728898,-30.3005955993012,-168.342683863959
"232",-3.92517544652594,8.81396437242211,232.413933134874
"233",-6.74212126402813,-22.0542247844242,-20.2615014972453
"234",-10.5782190399626,-64.353109670717,-371.056439947813
"235",-5.91417168668215,-24.983814141799,-124.429751346834
"236",-4.62526984052113,-32.0597823835146,-234.31044360327
"237",-2.244164048794,0.566082597826153,89.9762326627369
"238",-8.86927312949661,-62.8177945599909,-403.592985929216
"239",-2.49444223267199,8.72345480303056,198.602958934505
"240",-2.83837084052823,0.441456730518439,48.3410344450149
"241",-10.3221314797972,-45.6467879680922,-179.9340050928
"242",-9.20244873354227,-46.5040880819965,-203.781797501346
"243",-7.17879169137552,-17.876391409156,37.257860408854
"244",-3.35255910336423,-12.5304735613663,-31.9536039520754
"245",-12.675980319349,-79.2506777237891,-525.791163029047
"246",-11.9370170584325,-53.9945020551104,-231.184770343703
"247",-1.2182446636657,10.7429807442991,183.506705486807
"248",-2.29655786060903,7.02165786441128,186.849701377916
"249",-3.63276043341364,-11.2702002782389,-39.7272026698083
"250",-1.46194168957652,10.4092307236388,175.867838218493
"251",-11.1971352569417,-77.4978161443428,-590.192446965242
"252",-12.2650212860808,-81.9455714670698,-560.714009684649
"253",-2.11559418536626,9.65670401972966,208.352243332178
"254",-13.80344538828,-84.5685448596241,-498.443874755501
"255",1.52488091567727,50.2521709080929,547.621502133989
"256",-6.95234150961051,-30.5957648863478,-141.694671927578
"257",-3.7671196698077,-15.4158440709552,-44.7180821968614
"258",-3.50101674069754,-3.82587321157189,79.8152419344678
"259",6.83379862376614,95.2857884871373,902.084040034759
"260",-11.3581819087312,-69.4512744164458,-436.94674676976
"261",-2.85247227514128,11.941914692778,244.324829133737
"262",-2.3794112233777,4.7610991962656,151.337958015629
"263",-9.9687408731919,-60.5079011019097,-361.588313501148
"264",-10.2006751495114,-44.4683814982341,-149.385944722275
"265",-8.62760516139633,-39.2396130416,-161.147648858128
"266",-4.28780510512127,-28.7304678226651,-223.396138313996
"267",-15.466550660894,-103.098998231891,-697.390923792638
"268",-0.74375949564137,26.8178531546891,373.419734956471
"269",-4.99684593057657,-0.0850727789570556,206.464893258079
"270",0.446469109263035,45.1524593531126,540.023146811214
"271",-8.62412481368767,-45.9962193827578,-244.689818460914
"272",-8.57382711256037,-44.674740516019,-209.876706441251
"273",-5.02593751824088,-8.27192464425116,87.0406355134346
"274",-10.6186605933561,-52.8090080025759,-251.831649226038
"275",-0.953220049180231,4.43750045408251,91.4011114751993
"276",-14.0929153076244,-75.5256670873546,-422.822193522361
"277",-9.3471990683779,-62.4874709862902,-399.429351505718
"278",-11.2483954881626,-70.0201926479399,-434.263872291402
"279",-7.58747807336249,-19.9649043173476,57.692603038764
"280",-3.11264026803804,1.82398468245447,152.267809407289
"281",-5.44191268408713,-18.0970565473804,-32.0010102462638
"282",-0.747487203610945,27.3536079007431,325.01306879927
"283",-6.42636821077963,-18.3663434282148,7.94808923283563
"284",-8.34056928826976,-48.51028181326,-329.024719508488
"285",-8.35264858416406,-51.1261452883837,-322.735832407228
"286",-11.9013155024309,-69.7345182491722,-434.987562264785
"287",0.267409480563174,23.9388992085724,257.856291408332
"288",-1.60093384747177,16.1820627059137,254.314049763438
"289",-0.509480531458735,13.4206075771194,156.114246835232
"290",-6.30765774945337,-32.7612684011101,-149.038489573994
"291",0.590476367602605,26.5894706361228,297.066728665386
"292",-1.05342411177344,16.6030138176588,185.355801824637
"293",-10.6683050190138,-53.2781640133844,-248.230942648766
"294",0.920674913031803,35.4509800677156,366.62000020465
"295",-4.23064264458128,-21.0787129556979,-116.146572224732
"296",-5.39632881409671,-20.5125611138642,-77.2702047373823
"297",-9.05974761718903,-46.662533361477,-207.014675014505
"298",-8.91323781138306,-58.302419350603,-392.084155670973
"299",-7.40204531257177,-37.659683689566,-206.399854043702
"300",-9.6122103021986,-34.9625706510287,-96.6159059032998
"301",-3.29780086677499,8.31719689395777,230.25922629104
"302",0.295433618049515,35.2680363166064,424.117988735597
"303",-8.70854039539824,-37.7545629490432,-151.377017037063
"304",-3.68164606515131,-5.70270771165906,64.1844960577655
"305",-6.62388417927821,-30.8328048724352,-101.877249563408
"306",1.92279851448643,42.6824045800527,435.369718752892
"307",-12.7790164060839,-79.259130473893,-475.918735285999
"308",-1.46648419681026,11.3226343287201,186.446535907247
"309",-9.88707300411284,-62.2899592397312,-374.937799421765
"310",-1.6666115538485,19.6239981957087,320.519236303711
"311",-4.66690319709767,-24.1389429994083,-138.224469380953
"312",-7.05374860945972,-25.0186695853545,-41.703067081693
"313",-1.87743323183849,12.6907026736367,230.787923437179
"314",-21.880914608225,-144.366667999665,-941.17166863597
"315",-8.07338684072579,-45.8593982876223,-291.634850409922
"316",1.79098335539607,51.5432794298035,600.147233221374
"317",-9.70534684016684,-57.7040007512774,-335.889289762965
"318",-3.05324361543728,-2.54871418356879,102.836178118654
"319",-10.0582912068104,-54.5876269536766,-310.401864209271
"320",-1.68805213546307,25.254118617218,305.500459082457
"321",-13.6852765757892,-77.1756568552969,-437.240071743377
"322",1.30878019618433,32.50519740954,388.204789145417
"323",-8.7590595575665,-51.1626269928265,-269.872539262282
"324",-6.61636630791986,-13.7017591297713,89.1852987912098
"325",-4.28692112197336,-19.3351363098677,-47.8136563342268
"326",-6.70023838309658,-32.2812023670608,-190.978133641016
"327",3.03491364662932,69.7960179155912,742.046736979049
"328",-5.89397888709379,-44.9144056525838,-331.300446605297
"329",-9.94306012417076,-50.6383940560186,-268.750664476758
"330",-8.03685804886163,-47.9767602493994,-290.109834891497
"331",-5.5824126369896,-14.0810803585709,23.5748694790436
"332",-6.75483230423004,-27.9915018617121,-44.6020591537235
"333",-7.82965081977045,-38.9149875305516,-195.87813964976
"334",-13.6125469656585,-80.3957721406791,-443.990606575138
"335",-0.530926299686257,19.5218069023936,254.458970724543
"336",-4.56156736538981,-29.6367754594489,-189.838458510503
"337",1.12687435140992,39.6910700962844,446.865001500679
"338",-9.4019617511791,-56.34248046214,-320.720289669121
"339",-5.54802997451543,-35.3570647779466,-212.413647797526
"340",-7.43832588250496,-34.7206096084979,-118.407418090694
"341",-5.05760350727655,-1.71891890128973,164.040287962016
"342",-10.1203281649232,-57.3566768837604,-353.669921148181
"343",-7.03139460044031,-36.0746527933193,-179.283840808013
"344",-3.79337847491854,-14.0882223373269,-37.2324352692031
"345",-5.52167075435534,-3.83279402225617,141.409040764585
"346",-11.4478752828883,-72.1912634298819,-467.013421977797
"347",-10.8587709503273,-69.9259185117057,-448.381701452767
"348",-11.456900351696,-80.7012687978554,-585.79076007291
"349",-3.08328797301124,-12.1829403077763,-33.0782218645618
"350",-1.19566563197839,12.1603610165107,201.365924960168
"351",-4.76483652599006,7.8430194325374,239.166205914546
"352",-1.74989977999405,6.68406377211932,145.064725289736
"353",-10.7216812918684,-67.7647322525181,-427.455141316361
"354",-3.50620762160611,6.55664780522875,192.207316593336
"355",-5.96550309646125,-16.6815564906142,15.9768145546532
"356",-6.71074440744064,-30.4339873953213,-157.698874864027
"357",-0.277544200720058,15.963705146095,191.512329031615
"358",-5.38621860243086,-25.7367453083898,-148.495974249608
"359",-4.03130440296081,-19.6723041851092,-100.784732190974
"360",-1.85917212038271,18.5298036439967,266.216250414182
"361",2.75524320192687,30.9294831515954,271.052804744415
"362",-2.46708404145477,4.72485443071491,132.876195237384
"363",6.06558625707794,66.9997598468676,602.054912539876
"364",-3.96258547921639,-16.3730620862216,-66.3281077596694
"365",-2.418067789725,5.01918772918361,182.403445390884
"366",-4.82089515896234,-13.1977786065286,-24.2565611389218
"367",-6.43234683070864,-27.054429270559,-107.217206312556
"368",0.911651745772019,33.1752575332707,373.077145614388
"369",-6.18027649480234,-47.833602901947,-379.964932550225
"370",0.9643368546906,28.7752011506936,350.532186093838
"371",-3.94839373199807,-4.04289257938763,63.450055561776
"372",-11.5030042228701,-64.4501403111376,-388.552854094527
"373",-6.43407508696657,-36.9504379028544,-173.908461982137
"374",-10.5257874838314,-62.4832682104143,-386.409847358576
"375",-4.14301723404628,-9.44197349183742,-5.99108227669058
"376",-5.67854279393782,-26.0135453753801,-95.0160554876202
"377",-1.27682762510483,9.43996926176442,117.929757254038
"378",-9.02473929638484,-49.9791028449822,-305.616575519838
"379",-5.22148366787405,-29.8402745212561,-168.000375565398
"380",-12.4413691071592,-70.4068254842809,-435.605976516152
"381",0.288769925705878,34.1875629365018,369.916701267619
"382",3.09419058990193,57.3210831228007,601.175702269193
"383",3.20294142831517,57.6080036941307,560.672013883868
"384",-5.78733755375492,-30.9099112714248,-154.06667723717
"385",-6.26801954670964,-5.9190618745688,180.729198626728
"386",1.23396105617076,23.8524524010445,246.070473834856
"387",-11.8112079183113,-90.1131172794094,-678.494284773122
"388",-12.4443982756848,-62.008568954675,-290.232570233955
"389",-8.23788656969339,-29.746888836064,-71.8432950406877
"390",-12.2497038377488,-77.6877212151362,-493.497501812972
"391",-9.60351651406972,-43.3590517298453,-197.180995118386
"392",5.87618035521609,89.9477942731328,869.771222743908
"393",-1.45742551272417,10.8876204919125,135.052389527649
"394",-10.3976070207017,-52.047004867828,-281.138964526868
"395",-2.01980182192199,8.60580263168595,179.817819472619
"396",-0.243102880451147,30.7899972526275,325.071253107415
"397",-9.50381869759792,-51.0565721257681,-293.981515681517
"398",-7.91796554382597,-26.4407703152133,-79.6679033377968
"399",-0.451684281050916,13.4702731490779,192.083629379351
"400",-7.92839753512862,-49.0897210002368,-354.247179220232
"401",-5.67945226402981,-41.3535364272238,-321.829276111677
"402",-6.98463917035474,-37.7646183569323,-208.118988464219
"403",-7.32494135846036,-33.3874009251886,-154.866450111753
"404",-5.72194624042845,-19.462267844081,-45.8202252882238
"405",-3.91119532665698,-9.46029149976221,34.9051476977238
"406",-12.0609519488247,-72.9550071121198,-465.392394582039
"407",-7.43417011171334,-41.2846298029581,-257.135769403931
"408",-1.12180901531235,11.7300945710135,170.805404261037
"409",-4.47691945988072,-10.7716053877157,-10.1051321956566
"410",-10.3383570195589,-65.4347368757249,-416.565688886649
"411",-10.5607409893576,-67.9071835423533,-464.086968418724
"412",-9.38428321072172,-43.2658232728136,-181.266390623579
"413",-4.40979446577978,-5.8451811462478,67.6070439465548
"414",-3.88691658622429,-39.28677869995,-306.127563537655
"415",-2.49815192381106,8.23872556775768,218.189494079508
"416",-2.53809890736807,5.49751606924474,162.393949602852
"417",-11.7064959803794,-69.0928788204492,-418.527359659289
"418",-6.53472564054482,-27.0217034940738,-106.814340917832
"419",-1.80461980682867,12.4253412760554,240.748770542168
"420",-3.78391447551553,13.024412036676,290.622612405088
"421",-9.03660471081696,-67.6440420783915,-485.433837952647
"422",-5.29886170614748,0.361945169977844,188.587093317754
"423",-0.321713359925525,12.1030620881402,148.418420310896
"424",1.66639083995176,34.9232269368727,341.97965119533
"425",-2.41617401761857,4.36057133982104,132.201354487726
"426",-7.25944628322725,-49.3498415458257,-347.963637854953
"427",-3.38865246390196,-0.178210804368973,104.064196051109
"428",-3.29771719943631,-8.80056537779592,-4.52694449422961
"429",-7.13572126174472,-31.1681239324903,-119.209813585092
"430",-4.43829508056183,-2.58528995568213,154.885409624492
"431",0.263844784147864,25.8178919007646,315.144247247908
"432",-5.67576846806583,-35.0679916841787,-190.070902861857
"433",-8.62524683612662,-26.2405955524841,-8.062400863324
"434",-5.8177713256257,-20.971622318209,-63.9073795703207
"435",-4.40019291786325,16.9043900343013,355.163904572819
"436",-7.16388807847852,-30.0178337685352,-88.1944542293131
"437",-10.9312047982078,-77.7708703036678,-570.168250877803
"438",-8.51189375816148,-43.4664580391254,-216.507448396829
"439",-2.56606500740156,14.4289538341145,230.625919718206
"440",-8.31739212450111,-48.6580915611235,-286.314358626765
"441",-9.08941339665819,-67.2143370432805,-468.788439345515
"442",1.09363732368104,43.6525928402116,476.201204496982
"443",-6.30218600328715,-26.8748433430701,-131.96082688483
"444",-16.1740147882051,-95.6565912601027,-557.876812558306
"445",-7.83224227033702,-25.1296788613972,-52.677287926379
"446",-2.33944406291243,9.8163706924006,238.712366125548
"447",-8.09028532233935,-24.5159381189828,-16.1148618525203
"448",-6.96391021866089,-36.3057502962702,-169.816266582719
"449",-3.11387281101224,-10.90195614596,-29.2221486549934
"450",-7.57051668397025,-47.5669494734721,-321.026298758783
"451",-5.78420554810032,-21.7422105393266,-54.6416255189852
"452",-6.15770548494686,-10.439725725671,88.0322375017258
"453",-1.24604830660087,3.75071576218716,41.8677992576704
"454",-6.52149189451552,-16.887693450738,8.31349889222474
"455",-8.61679821930591,-42.9698123081275,-184.430089481937
"456",-6.1272256445526,-34.9374986263351,-187.524925738211
"457",-6.41963117723628,-26.0634409602853,-74.130834448064
"458",-3.36443573580425,1.44664197091879,155.187816636102
"459",-4.45985445627889,-15.3292103176145,-59.6335502937618
"460",-1.26610796632212,20.1750640419882,261.850375986507
"461",-4.531699512665,-26.067459733099,-152.94534769778
"462",-1.23772239962716,22.0674659164147,286.668819159388
"463",-7.96154578707274,-41.4617338199987,-222.380594789642
"464",-12.2287576368808,-71.7835441871093,-409.078149136973
"465",-4.72784148962126,12.2189733349551,312.954350913637
"466",2.85043702653093,51.3907068792614,506.729618713674
"467",-6.22277859098881,-29.3400740344459,-117.895575165638
"468",-0.356462925540313,23.6364256329671,289.657767916195
"469",-7.7325575076718,-47.8520413699503,-296.187406433961
"470",-5.47249464770653,-18.5159791034321,-45.7899630431912
"471",-2.00163377027422,-16.2452949356757,-144.66028085331
"472",-9.92705133955485,-59.367116271038,-323.254639304541
"473",-1.57236883406119,-7.85175913646117,-39.4606421791068
"474",-7.4798199107961,-27.7087872866045,-72.0164766823127
"475",-7.11606540519961,-26.4558090129985,-71.8355037053334
"476",-6.69709832714466,-29.7622817263587,-95.3486803597389
"477",-0.798538549909267,24.0924552724332,290.319872095435
"478",-7.25707861263993,-32.3609030494026,-153.937700999384
"479",-10.5322782115966,-65.5592743879879,-434.62533876071
"480",-2.3968120982147,-1.10449196666514,67.8014237686039
"481",-8.09371750057824,-42.3075649338571,-240.781516092991
"482",-3.02883417894793,2.77095739112701,141.980126491853
"483",-6.03505117746181,-24.0197172600629,-79.5309121826758
"484",-6.64962496034696,-41.3755638114367,-240.574175280137
"485",-6.0894280878498,-28.0998192536267,-154.102241308397
"486",3.65796533459729,60.3755070929055,568.293837061297
"487",-0.70455743473758,17.9737417087549,246.240797348677
"488",-4.53197067272322,-7.86449416257847,91.7872390038719
"489",-4.58265459991617,-9.01674214363356,1.72014801060322
"490",-1.41931554464247,12.7793022590927,200.352992834014
"491",-12.299833866671,-90.4111424894181,-643.750930685574
"492",-10.0712317095279,-69.0223987280219,-463.202667609019
"493",-6.37384022625099,-39.0546512739438,-250.640457398837
"494",-4.77008572823718,-6.73205116099916,42.1354134019657
"495",5.05851470998266,68.799454558975,607.435627336381
"496",-8.87991864519108,-50.235977426451,-280.949456697892
"497",-15.3134445792684,-105.337662810647,-719.493630939294
"498",-6.45439947396244,-14.6625573143442,75.4987540882066
"499",-9.36980569078582,-42.9650503980724,-169.57021332437
"500",-6.78181577179487,-41.7511992844916,-262.143918790638
"501",-14.3528275815538,-94.9985506037315,-608.534051456654
"502",-9.03233699952079,-47.5901389002429,-253.162238446475
"503",-16.6403036582725,-97.7699920035811,-598.560322643094
"504",-3.73589671183311,-2.06999168365337,136.808469776699
"505",-18.2983120637276,-115.547898566189,-698.948652943402
"506",-5.77193948724539,-32.0089217131363,-171.759482508187
"507",-7.22320893822075,-46.0971534547675,-319.214786122813
"508",4.07809962207841,67.5534080483731,645.212067178738
"509",-2.45731663873221,3.46421101720125,175.806250315542
"510",-4.35214503769657,-15.942686437108,-46.5820209134472
"511",-2.16707572741575,14.7946953342835,262.700895211579
"512",-4.65086877595968,-8.98247107493398,44.6384381768767
"513",2.29962941248618,53.0355653904926,542.539471567485
"514",-5.35286616631993,-6.92450058701206,96.0983465466943
"515",-8.29482016291752,-35.6593076748818,-132.199041061815
"516",-10.8008765980339,-62.7399280094364,-360.166093369276
"517",-13.4472963233455,-92.6049659237187,-652.580444227122
"518",-10.2526283068983,-61.7123714422737,-369.075617926401
"519",-11.1909512194791,-64.7108378829739,-432.02919121665
"520",0.257927738990361,13.5797690861937,160.092593202306
"521",-15.4278558220017,-124.837158677804,-947.36314997085
"522",-3.3773923940812,-11.9647413877778,-11.0607729100611
"523",-9.58195025378541,-57.1384421749131,-327.229685221719
"524",-11.8681341543521,-70.660122218093,-423.980464676275
"525",-9.47011812012056,-46.710582432218,-216.924448943941
"526",4.95973152191311,59.9889186722635,482.329959823241
"527",-2.42136404709856,10.1179779188046,189.447895211517
"528",-8.46685838993415,-35.7676627886972,-123.089057935742
"529",-2.97785186127419,-6.95767918164256,9.74142148986175
"530",-3.6003910064311,-7.86228743138417,28.7203924653386
"531",-8.86668977157933,-54.897242106299,-354.252306451817
"532",-7.48863337466798,-16.309116619082,69.6219353142915
"533",-11.0756362196987,-62.3343769381945,-370.292892356123
"534",-4.84702089017458,-19.961093256511,-43.9074997746393
"535",-10.748107536599,-60.8165821115358,-351.164355750579
"536",-5.8730261735185,-23.6105261736648,-74.6754125987718
"537",-4.20805351995978,-13.5185577112175,-29.8605320349725
"538",-2.43941188983979,15.9824846125521,239.162242822467
"539",-6.87886653429791,-28.8678067061337,-112.532203223576
"540",-9.24403503873953,-52.1098669866842,-269.556679247975
"541",-8.01889425786555,-44.7522993980806,-213.982609022069
"542",-10.0645379530843,-55.7106481755272,-325.311319149734
"543",-2.28357474126733,22.5472941591261,360.692103905269
"544",-5.07302005594897,-13.2409687747663,43.794107955051
"545",-6.71722760303362,-35.2348123161923,-176.894018340401
"546",-6.56069135816483,-30.0147520456817,-98.9702068106144
"547",-8.23282778674854,-47.1483089793692,-295.518471093474
"548",-8.6279404667041,-47.6638637242863,-242.778944028827
"549",-6.69124734452578,-31.3703919908812,-138.590905422863
"550",-15.3792013356215,-97.3965044426955,-626.548670004739
"551",-6.76705590721042,-28.3975089430533,-134.847490957782
"552",-10.1530686463979,-56.0671984830783,-321.979962960197
"553",-5.87392666087328,-35.4487884110695,-212.458445529321
"554",-1.70792159849282,-3.30520083429155,25.3170473958417
"555",0.434930103516649,44.1163748889844,472.86026019117
"556",-2.06173531062018,13.8955645598498,214.586825216436
"557",-0.895533719056175,18.1304433706923,267.39627763385
"558",-6.40865957208121,-31.9325217123251,-158.077779500647
"559",-9.93195429166713,-69.102367804463,-492.052360736328
"560",-11.5266536927742,-69.2554373046041,-443.419867685348
"561",-9.10074072843315,-50.3809094948874,-303.934042737485
"562",-8.42631605054009,-38.7538882513659,-169.470338130404
"563",-0.714545656090081,9.24216566686073,156.780053002678
"564",-9.5384196829657,-44.651705734449,-205.325114450519
"565",-5.11465339538984,-14.6902446122549,33.3994126704201
"566",-9.98642971076356,-53.945103617742,-243.033547908019
"567",-4.48227176711316,-25.3677925339616,-143.000272530469
"568",-7.1928167384076,-32.3691460882069,-116.828632731304
"569",-2.98163019944081,-11.8458964799534,-39.7732916401055
"570",-10.3722471321589,-56.2163867676013,-305.502344487757
"571",-4.59858777187378,-28.6598745218785,-217.97810516875
"572",-0.000420822566184142,24.8055704601888,333.446651039128
"573",-6.61119251178764,-37.816348334818,-249.298961428103
"574",-7.68946162142072,-24.1472684228165,38.3804367107914
"575",-15.8877461063778,-102.927185778033,-658.158302764583
"576",-17.7439656465722,-109.322644398855,-682.113898870677
"577",-14.6881440634795,-103.116923573907,-710.148189370537
"578",-2.86078217428292,-8.55198601011398,21.8094928970804
"579",-12.6516602788327,-92.0688453052708,-636.174227169175
"580",-12.4144380735768,-69.0223109027988,-401.075523530613
"581",-10.0930580962568,-53.2077201100356,-266.505793597567
"582",-12.1605233523063,-83.7451258353099,-542.725480082421
"583",-4.62373497503825,-0.304152266517121,180.265807626858
"584",-4.83459643591198,-27.1571597755897,-160.98856293429
"585",-1.11821160857255,17.3759065156969,257.457209567259
"586",-9.37382006050427,-50.405883209135,-277.879143050282
"587",-9.54671630882501,-56.05654768369,-321.716651660952
"588",-11.0680472830502,-67.2921703107727,-426.310736589319
"589",3.82972825700824,49.0257994579583,446.377344764132
"590",-6.99724180820965,-35.8272817154048,-176.101631995749
"591",-5.24939114581719,-33.5292931583504,-200.781184106436
"592",-8.73405194684688,-33.4680562581379,-59.744559593224
"593",-3.13628537849161,1.34782072086682,124.125634931304
"594",-3.23191218977854,-4.48350435419889,44.6604547974639
"595",-13.3061957639902,-84.7317005784889,-579.957723863223
"596",-2.61382899365117,-9.45365852367968,-0.442183937306254
"597",-7.85083661453052,-31.6858709941034,-85.6372393922011
"598",-2.3442203252431,5.74440932664584,136.2053881761
"599",-9.39872810125337,-58.2861056919937,-346.910088113227
"600",-5.43714915886846,-17.6886659681863,-31.5403184029128
"601",-5.42994220371872,-12.056193498931,32.3758872633298
"602",-6.84071040414915,-38.8696188586005,-237.569252051622
"603",-9.68842305147473,-53.5664016531832,-309.500616620999
"604",-0.728924422522027,28.393474102576,390.363873844817
"605",-7.61425801362668,-42.93592123607,-253.179299390866
"606",-10.5023896984025,-61.1086665953021,-357.846823998654
"607",-13.2316675815922,-90.1951878837558,-623.081305567559
"608",-9.24167568860162,-55.222667591117,-353.238782864652
"609",-3.32734988946765,-21.3629092065444,-118.894979469122
"610",-12.4272442175842,-89.3768957942689,-610.161236202845
"611",-6.31894169438965,-26.1229874030728,-80.3161124597773
"612",0.0275714943238654,18.2216561711998,224.065799370133
"613",-8.40085838923812,-48.6613085690897,-269.507845707551
"614",-0.174024432600504,21.5682586138032,253.184054875645
"615",-2.24474128945258,3.65081200740633,128.612828371881
"616",-6.22976101483653,-30.0635062206725,-135.493899830819
"617",-3.08214601334885,5.15908589767469,212.386496069974
"618",-9.28575580599909,-58.0962333662569,-381.747364809649
"619",-6.03738778390561,-6.98560893549848,118.829708103191
"620",-7.04665713723296,-38.8212232738347,-194.582748517614
"621",-7.71443097881445,-23.6448314366398,1.92634404588898
"622",-5.69673973509236,-10.205480824965,78.5796619495632
"623",-5.16151157067861,-22.2667720027252,-81.5774534614229
"624",-7.38059621353989,-27.4081867360042,-67.2698602425698
"625",-9.28924810677768,-47.6501708842325,-251.334339072415
"626",-6.03755644912258,-30.1008514004739,-170.451509723649
"627",-5.0146573649015,-22.0223359515981,-91.0301328851019
"628",-0.215177828657829,12.9505731079034,155.717695698548
"629",-5.18038257708588,-24.8148761556636,-117.076667693427
"630",-7.88890149743474,-45.4850041234013,-276.128686303809
"631",-4.17068164756506,-6.39581966286278,50.9505588717475
"632",-14.7728570716423,-104.126423266482,-740.72424658483
"633",4.37753076958757,72.3086816907662,734.867020526861
"634",-1.64016905782216,22.1569408075879,315.528691548172
"635",1.77851055614974,33.0522022889445,353.818225122679
"636",-11.5273908681902,-79.5932659731916,-574.28464799344
"637",0.685106928539199,40.4458553731879,499.559602450834
"638",-4.52716958256724,-13.9158991447403,-0.369073140269393
"639",3.06975341858526,64.0590048991535,711.530338971897
"640",-4.73202969698491,-22.2677996918924,-105.25349287027
"641",-1.19802293745158,40.6622481906215,533.260610917932
"642",-3.91807367451634,-12.3984879564573,-22.2008532531163
"643",3.74121715081969,57.4511473955263,544.332624741688
"644",-3.31739846939524,2.844122572586,142.617723178893
"645",-6.37870765974253,-29.3717559877173,-146.692008199016
"646",-1.91511579501366,16.2612106260844,289.028849713837
"647",-7.51483931522739,-51.0159541076628,-380.618248626057
"648",-14.9806404944072,-92.0488103190337,-581.89566843327
"649",-9.19282551824415,-56.5792350600741,-341.295600245247
"650",-7.36334813944586,-38.5210256463174,-199.993295400302
"651",-7.33815443442188,-35.1804656248391,-168.049395595634
"652",-11.5116059513031,-65.970991753064,-368.857456952386
"653",-0.456437711731269,18.4479381021065,205.456210138969
"654",-3.03978427354934,3.28857112779224,146.017280949744
"655",-14.2920088761963,-89.4341234675999,-553.97924422096
"656",-2.16598556841382,4.28798949789507,104.578786989036
"657",-8.7719666666228,-55.5614723854569,-338.226142556159
"658",-8.18436374234534,-46.6222544397574,-259.699869421989
"659",-4.1863437888876,1.50809648707309,156.896243161675
"660",-9.74448151303795,-47.2532963915437,-219.361953759118
"661",-3.20523799230659,6.09979501019598,202.03529593812
"662",-11.1021844840618,-62.7695268100551,-362.722923579837
"663",-13.8066282575738,-99.7320503330843,-724.61095656326
"664",-8.06786783253483,-43.2346445102107,-248.6134941049
"665",-10.5024627799726,-53.1809867852194,-275.354967278729
"666",-2.24627508991421,1.90756568550296,78.2821453575307
"667",-7.88822331254312,-44.1754912500928,-219.556562590584
"668",-9.45688614271705,-66.3465897603783,-463.44793590468
"669",-5.25442038500125,-29.6685468129258,-160.706808615059
"670",-1.23976964457597,11.7224233555826,188.537086787912
"671",-8.64012648607638,-48.8915062326737,-260.916437354475
"672",-10.4257842752487,-40.3644934724289,-91.9004229491966
"673",0.436923014714012,32.7556251401124,374.09759056602
"674",1.73090042254944,39.5112719390431,398.562713197018
"675",-10.1062170623102,-65.9398350955935,-441.808657124668
"676",-10.4647607382966,-65.4035800307411,-416.710231721607
"677",3.2434029967983,59.7849503346993,570.097275525812
"678",-11.4261730626279,-62.6500122802145,-346.254567460754
"679",-6.70465663080245,-25.7662661969212,-61.5149598843836
"680",-2.11692015039921,-3.16272633727385,49.9201386710865
"681",-0.00385781611760194,13.5058778108369,170.538202549878
"682",-4.41682759077253,3.61674467428747,248.276602072776
"683",-11.97814534318,-62.1454903365975,-352.156705397585
"684",-6.92925416078197,-43.9531715552512,-268.268839800652
"685",-15.3172776580614,-72.4071953591369,-284.523088461459
"686",-3.92551294599014,0.671914857532556,158.49975250742
"687",-0.306668596489658,26.9434522790834,308.705175790856
"688",0.087260281148474,23.381882861795,314.695738720748
"689",-6.74376265498438,-39.6700098985334,-261.9344855975
"690",-11.5416920571853,-48.3535522791317,-182.892460792085
"691",-7.38929015326107,-39.154543363099,-214.841842814705
"692",-1.04680262312536,-2.99912714106131,-6.79123206398617
"693",-7.5757459688316,-35.9620354678509,-126.671793955969
"694",-7.5285639117244,-28.7058956691476,-73.4171330240242
"695",-7.90758821655265,-42.8702816690575,-280.694386401077
"696",3.19432079620458,54.3778215980228,547.698860769353
"697",0.831208096265868,24.9715511047139,310.942136062387
"698",-3.37488752733509,4.77368273291449,188.729751002542
"699",0.0662366001920418,32.4393700469459,394.353223354465
"700",-5.58447109463407,-43.4779663504769,-340.231900962792
"701",-9.1872020817475,-48.6671459599665,-258.689288824695
"702",-11.6094156559609,-67.2952119491483,-417.764163270751
"703",-5.87943441973209,-43.3617850686778,-351.510233131296
"704",-11.7278124774989,-49.8972432893074,-158.548252360435
"705",-11.0702481085433,-66.4071002220066,-398.30110948595
"706",-6.95468723810995,-36.4438559634923,-221.145935941211
"707",-10.0302473473105,-43.0677840584153,-192.769532262335
"708",-5.42361533581652,-21.0531293414583,-89.2362148105658
"709",-16.6585775734668,-104.450742562496,-669.155073616199
"710",-3.43448725425969,5.59226600403463,198.65705481332
"711",-4.16340870086083,-10.7994642180511,0.2174987813396
"712",-13.0280407969012,-89.0432053955537,-604.887219257451
"713",-4.046892266133,3.58326070453722,181.588901845742
"714",-1.94053801323867,11.9201016771158,258.516791590539
"715",-4.89039150355472,-15.5102962492856,-3.0468163164187
"716",-6.28382294185747,-31.3487769604585,-176.390308978727
"717",0.170712083648141,27.5535414740143,347.184828768455
"718",-3.27494055999819,-2.6781975224726,59.3339809147128
"719",-3.13751629587034,-10.7032800945321,-23.5077799016581
"720",-9.96407060928345,-48.5849447536984,-263.973738478619
"721",-9.68841650346451,-48.4913975027871,-222.05301891857
"722",-11.263275348245,-59.8544929847872,-317.75298649067
"723",-10.554308857467,-60.7241104742402,-366.391554359579
"724",-8.75594498163696,-48.9408459231131,-284.216388562209
"725",-0.844060192988877,24.4422161026105,298.528179540654
"726",-9.32549485031382,-44.3561671217099,-174.866965315372
"727",-1.8268527230498,-4.3799377101127,-5.88780347944521
"728",-8.28428588580641,-21.5344289133809,30.9238575928903
"729",0.0766809803299111,29.3240606301624,343.308141112859
"730",-15.9475552013463,-107.057369979709,-742.141107603291
"731",-8.44414333520501,-45.3811240830328,-243.893718314666
"732",-4.43823498147879,2.12639325906412,165.331461127602
"733",1.97485294729483,39.3814919990045,366.603996394922
"734",0.412238839988845,34.3955843381755,408.733526664757
"735",-3.95298429927288,-24.5622879034854,-170.517899053457
"736",-9.68519026579429,-45.8014582421733,-226.896455125121
"737",-8.8499004611507,-60.2112873564797,-411.115677402955
"738",-4.23262321710115,-35.9676860064042,-301.367124557655
"739",-1.01456179722777,4.29291604296077,69.8618872997249
"740",-1.23239778832044,26.0257401013869,359.241089078863
"741",-8.34558835764415,-42.1839406972458,-213.927717262835
"742",-6.75964412483813,-21.4059678115909,-11.9614419599711
"743",-5.92157476472596,-24.3760261686862,-116.99312851447
"744",-8.69560325402688,-37.110928367108,-145.544943329631
"745",-5.34267390110313,-8.26878094867425,91.2828755801493
"746",-8.68419751505019,-44.0815269691116,-237.94260416358
"747",-6.48875360240231,-9.98413164051772,83.3922977669681
"748",-8.69867933062562,-52.6481432132919,-333.520791135652
"749",-6.27052039611146,-14.6550437330384,41.8137570832223
"750",8.00461036265403,82.715363957966,733.98674506518
"751",-9.39845561507855,-47.1680224412999,-237.042655130192
"752",-8.6418733727694,-48.0397877375995,-280.50509347379
"753",-6.68084586507973,-12.9457896273002,57.8341254872666
"754",-7.13625141940736,-44.9182933794477,-299.525877833175
"755",-8.01142680914086,-47.6416393150253,-307.508139081063
"756",-6.24968996513883,-28.4527803731362,-94.9037667499451
"757",-9.8407853467337,-44.7107395312605,-242.613058553481
"758",-2.66195709628732,14.1994728359737,290.598457402708
"759",-9.66982751253977,-49.5693500148632,-276.302082700253
"760",-5.21103724676698,-24.8176203696789,-109.559921447451
"761",-4.03865767319917,-1.32464274958147,129.830121284505
"762",-8.43497874143793,-38.4513781192009,-169.742479242383
"763",-10.070622100624,-46.8224100928855,-212.731414816297
"764",-9.62576703056936,-53.9964286907784,-302.99370375567
"765",-11.7632757564253,-57.3275900695903,-260.482505699771
"766",-12.4064799930617,-80.2196763289671,-546.838423537303
"767",-6.4669134478529,-41.2838439124075,-299.825335227599
"768",-7.80814312540804,-35.0398696790003,-125.344718085682
"769",-1.50210936509848,-7.33921759591567,-42.7965426798273
"770",-14.0852800735883,-84.5430607835933,-487.381313154014
"771",-2.77215873576438,-1.78783448163449,74.4340438908603
"772",-3.35704607752439,0.381517904128032,138.78522313794
"773",-2.55294166602437,10.9660812520801,216.617861059241
"774",-6.1839226509021,-22.128509914111,-55.0918831080107
"775",-3.26640114126508,3.64929431319842,145.678114018321
"776",-2.75372962167808,-12.5466825955918,-60.1081422421776
"777",-16.2924995202045,-102.674873399939,-630.12886480676
"778",-8.94144937377746,-63.1539777956241,-461.137658575559
"779",-1.90412732336813,3.40928980691342,98.0227420767606
"780",-5.1162643558838,-9.27871326570448,44.7217676902856
"781",-7.51958681795293,-28.9740173870214,-63.3259576846594
"782",-10.7802906689213,-56.2993767040944,-251.151893040285
"783",-6.11431993197891,-10.9059457652211,116.32272549986
"784",-11.9957565853068,-63.5143079097393,-366.461287419253
"785",-6.76444836888595,-32.8671927676455,-130.252480851152
"786",-5.68095026722119,-24.7496199486018,-103.306831109132
"787",-5.03545006163756,-24.6089864457986,-147.485824908767
"788",-3.02376932637787,-1.38318975088259,105.623874420085
"789",-4.77866612154367,-19.9482458463012,-60.6790253923264
"790",-7.26470274391488,-31.8951418667857,-132.213899093344
"791",-17.3363114186595,-96.1330547120961,-555.910346172794
"792",-5.23497519990406,-1.55920423914176,170.897390026754
"793",-0.621114986146949,12.300575853043,155.808360402742
"794",-3.3887339656394,-8.87329397523945,-36.6774115618155
"795",-4.84367479442699,-32.2732963799867,-222.268331339654
"796",2.13055383644587,36.8805764057383,360.876063939977
"797",-4.75754735363819,-29.7734678911929,-167.337228682754
"798",-3.74278840856812,-14.38635997548,-54.3601646957522
"799",-7.2811678830019,-34.0064628945247,-164.719747756859
"800",2.44998748477155,49.5367172833276,501.755060523996
"801",-8.24673221234548,-25.0239064029756,43.4210697023645
"802",-8.6950353810854,-64.2968195770259,-466.081534229297
"803",-11.7940260624251,-69.4535229232101,-398.198005059214
"804",-11.4101316837248,-72.43991134107,-462.624256747798
"805",-6.86783197134628,-27.4736836102406,-120.404221827072
"806",-7.81749815540627,-37.4940547249789,-176.991704363991
"807",-13.1364971820931,-91.1200888015182,-623.500173149074
"808",-9.34415493166171,-53.8401228472471,-348.621466373428
"809",-3.56754562070159,-21.3323880676144,-137.799753654785
"810",-8.14869557816223,-36.1195453727551,-116.631843073206
"811",-5.81337518013447,-25.6092283546991,-95.472842402216
"812",-0.420846196323737,25.4968776857818,307.168787052389
"813",-12.8955075489525,-76.4581219956021,-436.02584869905
"814",-2.63701111493299,1.10052602767792,48.4697177253729
"815",-13.6030750943693,-102.21549923636,-737.16332320222
"816",-6.84717438465168,-42.0505054259474,-257.919175555593
"817",-0.685731941422546,27.1914349405065,340.763087414167
"818",-0.0740318911803115,22.9350368342957,229.467861295487
"819",-2.91064270819606,10.1266545388453,265.761157029308
"820",-8.65829193059335,-54.3548525517745,-369.544826363583
"821",-5.11850465919906,-9.76055218818465,83.8569787650868
"822",-3.57734833837378,-10.8792129001604,-31.1365000495662
"823",-2.92145886502215,11.7880010311787,237.868848790669
"824",-4.77646978681025,-6.23754641912728,102.176247542611
"825",-3.98164338226763,-20.044141624759,-93.5525120159546
"826",-11.5842046186862,-58.3164580557186,-264.814766623629
"827",-15.6810234184185,-85.0697576804887,-473.076928946281
"828",-4.93042938157203,-23.2123487342037,-92.9014187743433
"829",-0.572118499294447,-3.42506678611198,-48.6599353839119
"830",-7.78600033007308,-36.6540981642115,-156.441580114026
"831",-4.98831588540861,-21.5904551764147,-122.010906679434
"832",-3.56684804711676,-19.4307564230876,-105.089143880958
"833",-9.511372245492,-58.1016172155769,-356.60793979709
"834",-13.8457126150603,-94.9884114380152,-633.944513057573
"835",-9.48422087921119,-57.0289467362518,-374.741232573901
"836",-0.0355820828325477,18.9689660188865,219.767757772192
"837",-3.27880980023588,-4.88527706534251,28.1486133904036
"838",-10.2402935395111,-47.6977503018961,-218.453765635893
"839",-7.48699984041866,-23.3217886726043,-19.0951479065843
"840",-8.33142597357312,-48.9586412095091,-325.910791669796
"841",-7.5218466943752,-34.131131075746,-149.312824197581
"842",-5.04813866065365,-36.1039619907256,-282.281897971097
"843",-4.71342686969081,-29.0836060334454,-175.423170629838
"844",-4.65241909159738,-15.6046162443672,-63.0894300815198
"845",-9.61824415623437,-70.489278878249,-501.788753981173
"846",-9.66644135694935,-58.2471578742479,-391.560271187314
"847",-15.8917192211337,-101.318427478732,-640.951680867442
"848",0.12478697568497,40.7210654146843,494.993021215007
"849",-13.6969188963697,-87.7885521996059,-573.438843830621
"850",-6.7183807343738,-28.7675697184022,-104.051863321023
"851",-12.7988237669932,-82.9878970941718,-582.976920968467
"852",-8.70919136398072,-48.1244448846187,-277.302014962805
"853",3.4584756038314,81.587180750425,878.526718050518
"854",-4.7648658183889,-6.57307662127732,80.8680623716136
"855",3.59673013315251,45.9408279612508,443.650335531212
"856",-14.6853772111122,-99.9364547952628,-665.223016724196
"857",-5.61873418364371,-16.0731453325275,-18.8700392899118
"858",-15.9622567812087,-112.46815584603,-778.187405698322
"859",-1.78794084019023,14.8179402070755,236.522590911727
"860",-10.0265906927633,-48.8696386339307,-241.790292590802
"861",-13.3692967369433,-81.6471256294371,-505.925174824843
"862",-9.18623763234064,-35.7056561133563,-76.7070315216897
"863",-11.4266608279083,-59.4974535465199,-282.235802860614
"864",2.46165011403264,51.2108043097596,530.216004828013
"865",-4.12197335292228,-3.04792297046242,128.594460195654
"866",-11.8308364467819,-97.3590592201222,-753.523747053097
"867",-13.5643925998197,-80.172994920727,-508.711073638935
"868",-16.2478015482541,-112.187363704395,-769.789312426514
"869",-9.49384148040292,-64.7305598600028,-439.400420822449
"870",-14.969559540647,-115.374950832178,-833.916672793344
"871",-20.7952622191876,-152.588779242828,-1072.90112025028
"872",-0.985013777309177,18.2112040572433,249.925193617288
"873",-9.91306844753865,-40.6931053779845,-120.684264163518
"874",-7.31447634076119,-28.0247839927033,-90.1336873831078
"875",-5.81989263284436,-30.8829236851202,-163.08036721827
"876",-7.21292854761737,-36.8989227172665,-176.146248482903
"877",-5.27977328210557,-11.9270560149844,28.4916584915718
"878",-1.16635871256722,5.26950219766741,128.464543045397
"879",-10.1301782101398,-49.3975864908803,-262.491897986991
"880",-8.13857464982084,-58.0347115969157,-428.173951118564
"881",-4.15407658483559,-3.00594301094088,90.5878182513134
"882",-14.7043764025213,-82.9314130777052,-488.300234838583
"883",-9.33539166607864,-46.8889913831263,-235.177391022078
"884",1.24796554765737,48.9567666742951,555.095610968321
"885",-3.61827922348709,-7.53493043185017,27.0607979768447
"886",-8.17917573698821,-51.1606851111228,-327.752809950422
"887",-12.4504429938517,-79.9441639227693,-525.539923583279
"888",-6.64238779714731,-21.8140932467245,-22.5357308043931
"889",-5.58502354806842,-20.9999474653027,-30.3789734917664
"890",-17.0920349473359,-106.715247144323,-649.862135359293
"891",-0.332911986428485,22.0755599946392,235.704842146426
"892",0.502278128378862,42.0837717205231,497.749145982452
"893",-3.03573191257055,-1.29422822915922,74.7754931117179
"894",-1.42653835952092,28.3356533645642,426.600183058184
"895",6.63360716125374,80.6249108168795,763.451340841773
"896",-8.70724957959419,-53.0674946555373,-374.986617817241
"897",3.605394036284,53.8528690030334,545.877984817453
"898",-9.1515205516024,-47.2937411636067,-231.406722994461
"899",0.866194790299915,39.022058889514,421.121399085005
"900",-2.98754169449433,13.9755464038908,245.352037120789
"901",-15.429174678191,-109.460874396989,-745.103739610364
"902",-8.57163131628317,-49.6183555883927,-288.802290301577
"903",-3.07755043463317,-3.38403786755362,68.6891656247499
"904",-10.4007760251729,-63.9511633233205,-391.793250762279
"905",-3.76051045832412,-9.82904841929167,-0.729070684092221
"906",-14.7051057180114,-95.9785171304597,-633.738337315892
"907",-3.45353422970288,-3.22103624317606,30.1685138688645
"908",-8.99020043974633,-43.1060836845159,-194.713006616324
"909",-15.5273547341383,-97.1624432813464,-596.691439953564
"910",-6.46814335128806,-21.3418382951718,-5.06114616734703
"911",-3.42579595523591,-2.15964950161879,71.5051998269828
"912",-11.9113234893068,-76.1929466180814,-492.373273283591
"913",2.61483459068086,48.1908005888754,485.090811121601
"914",-9.72716202500408,-54.0319310985224,-283.425614725465
"915",-11.1442622306324,-70.0031133343223,-436.050361824342
"916",0.556658883239947,28.4084095356038,281.034037514366
"917",-3.95950337093814,-1.10524564844945,112.403539209568
"918",1.36410520074287,53.830724951225,599.359109708388
"919",-10.7980587874365,-64.0067005763499,-406.906585283352
"920",-15.1596303544999,-93.0291900057068,-582.577870308043
"921",-9.24632243925521,-61.0273559439934,-387.045607440206
"922",-7.12222782598474,-40.2529884109299,-235.66889082257
"923",1.1033550485912,36.1925732427439,386.600870891907
"924",-11.9413326330028,-84.6490524892602,-597.997645610369
"925",-12.1458911016675,-85.1625228190619,-558.6277659364
"926",2.22926638422177,57.9899712076308,600.79844743873
"927",-1.9263085855406,13.1313687202323,179.658780654407
"928",-3.45742774924884,0.0842905125396101,117.356759041581
"929",-1.64909075865887,0.562434485324047,80.6346189626965
"930",-14.5540938968206,-87.4308095450601,-539.605322378937
"931",-5.21809845578491,-10.8112625349136,63.4707800514298
"932",-11.021833453624,-58.2923444185676,-330.054195682604
"933",-6.43499747288081,-23.4791050740487,-63.9375312324828
"934",-9.00009118367768,-53.9828000136749,-330.149233825157
"935",-4.9990186634501,-30.6431548615892,-155.140417631334
"936",4.31633768150732,59.9611477622689,570.784297687544
"937",-7.13632459034784,-19.4533142670198,39.3212881089948
"938",-7.55270996299089,-42.6119207440729,-250.689985711453
"939",-9.49716004857555,-49.0105813585524,-240.290700428204
"940",-6.98771403121327,-25.6756067679885,-83.6589591057218
"941",-6.88831530674736,-41.8278680613198,-246.355247616306
"942",-1.70832849908186,6.61834279429104,147.980444135537
"943",-13.9060798068915,-97.9880688624517,-689.705723927966
"944",-8.75927355693352,-49.6348498592638,-296.093505035115
"945",-6.01746280633108,-15.7313269712531,16.8713412539055
"946",-8.1734277896436,-48.746352931199,-327.376216683513
"947",-6.58836058476254,-34.5268769751697,-180.438864899119
"948",0.420049558599885,20.2267508140608,230.13791446938
"949",-1.4213854504776,6.97904279916656,109.490176912168
"950",-9.76772066229432,-56.137674281691,-320.892468056316
"951",-10.8305506646684,-67.5848496885992,-422.249119078435
"952",-7.09925430206124,-44.0890485487034,-292.353726212252
"953",-0.923132726478116,21.5751963979678,306.71641590306
"954",-4.80318095398991,-31.197312288693,-181.88452139463
"955",0.982707383382717,32.0081585322919,375.90318918807
"956",-5.11580316445213,-21.7704340285909,-58.8473255357294
"957",-9.44032312128491,-61.7592466688097,-403.266813090835
"958",-4.00998162215865,-18.8426044517278,-64.6994564941197
"959",-13.8650522515551,-103.280797919557,-715.832311791239
"960",-1.05840218971275,15.0697438467319,243.810217632334
"961",-5.6446088611292,-11.8904174778836,54.7655123568165
"962",-8.65824714836083,-29.7376103090269,-35.5733121760968
"963",-3.79455601118445,-10.9994208352796,-17.4535168551811
"964",-1.32573382947908,3.44887427320873,70.6000857322888
"965",-14.3091008821787,-73.5872742414967,-385.60357109355
"966",-11.4539970375387,-68.1060854049788,-453.599191901299
"967",5.6936010349574,70.0595939071468,609.038006359911
"968",-2.53597585717534,18.133980048171,310.356953407094
"969",-11.9814682920506,-74.6664914985031,-464.387350697942
"970",-1.96151886459018,-1.79067307183777,10.8596796754846
"971",-4.26963572721036,1.57047715546696,161.431522229639
"972",-13.4917870452368,-88.2640349232242,-594.215555223278
"973",-1.98053234844826,1.88702693790719,94.2894940926526
"974",-1.67996071207256,14.8241268904803,218.260395992096
"975",1.58736122107302,29.4072862273515,259.454396354886
"976",-9.93057599012764,-49.2814470955996,-255.419483692796
"977",-5.74784255735653,-11.3427224554853,100.276012832675
"978",-9.62151588120969,-62.4192896719883,-448.942666761099
"979",-15.1846316983953,-85.6471498877927,-501.366593270957
"980",-11.3494850141536,-58.157395035028,-315.980026606112
"981",-7.17075104899459,-47.6263031978287,-301.25933620582
"982",-2.38587884459992,5.31701450799801,121.167000450472
"983",-3.53338344261931,-6.38100365121318,14.3377561102861
"984",-10.2723581262449,-60.3847754716689,-351.438488999011
"985",-6.55999811709864,-24.7604762461688,-62.453811339823
"986",-0.0754795145015805,25.2186472453732,261.22071628557
"987",-0.773032837775077,39.2584985416088,478.768769292219
"988",-14.6117859767335,-79.9549934014171,-432.085107892157
"989",-6.99993012065113,-44.777214080631,-308.530967107608
"990",-10.7633320252535,-45.5862400608976,-175.757024898592
"991",2.63815195932307,42.0852977961958,416.211439528684
"992",-8.00322513201002,-38.1101046478361,-187.045093102211
"993",-9.06198201032225,-39.7734297499223,-174.476463447929
"994",1.68581763020632,43.1756716519449,480.570335095435
"995",-7.06655065025654,-24.4509413783499,-39.461709959478
"996",-1.70037169036459,6.91367566041572,146.892167527145
"997",-5.10836518882309,-24.6894803273935,-117.067416240923
"998",-4.15006355568073,-5.28910401890244,67.4920526297574
"999",-0.768685676377572,13.578746349735,198.448535353491
"1000",-4.52222155597633,-7.27716260074931,74.338246656509
"1001",-5.0448073877551,-8.53389184874186,94.4670271931373
"1002",-10.405867188709,-63.6493013151771,-397.412632612868
"1003",-0.421007575845692,22.5232911506869,295.89713096806
"1004",-1.01600412112998,11.1901579144355,127.433995516569
"1005",-17.6139437156398,-113.159083165743,-719.00052630537
"1006",-8.68048187243744,-41.3800255657075,-192.859456517297
"1007",-6.43518344596282,-24.783528858517,-99.2219735682902
"1008",-13.4422954862262,-78.3146644031845,-470.739674719152
"1009",0.00499067393513997,32.4361665187644,401.342426355688
"1010",-7.28604574927328,-32.6822935358018,-143.48263154676
"1011",0.868896854996137,27.4902486052579,287.083499146342
"1012",-6.41553492269043,-19.2064578325485,-27.683661689025
"1013",-6.59848212207646,-20.6536786895285,-9.14349995265547
"1014",-6.53948275295124,-45.4152171951077,-301.23045120383
"1015",0.632828321001057,28.4112946606174,265.584976048453
"1016",-6.46955582426301,-30.4578719339993,-145.674544083766
"1017",-7.50361304224111,-40.82260720874,-249.559788775108
"1018",-6.92058069822872,-26.2994648447038,-84.7927970135643
"1019",-4.26657201859655,-25.3037709502155,-135.468636387977
"1020",-7.85279270979015,-37.2009752507597,-162.339376454824
"1021",-13.36699494715,-103.686582015038,-777.609895918218
"1022",-4.61777897655588,-1.67846138096911,155.326771022175
"1023",-2.28687377892277,-3.47360897226235,33.8356272126348
"1024",-7.50170828167234,-40.7930789018351,-203.578426323742
"1025",-4.31223073508147,-17.7343540002225,-21.1001220328762
"1026",-3.60341356341871,-1.84831447934766,76.7891807049255
"1027",-2.07785967954885,7.29521716907129,151.744699252999
"1028",-2.91462915640398,-1.57189953535226,98.0838545870756
"1029",-5.52891526239284,-16.9965902483009,-24.188489534281
"1030",-2.97411264204584,11.7121294042231,231.726614304345
"1031",-0.227989611873795,21.9989915516826,311.947079696047
"1032",-3.86083653503556,4.48357416898307,181.018352461675
"1033",-3.8485884709163,-6.82225072019628,40.1821796954737
"1034",-7.40203400966368,-47.3358829123963,-316.242123155238
"1035",-7.66282229346086,-29.3837961396503,-72.0821461562118
"1036",0.845043027645374,45.8346200299529,487.741471781952
"1037",1.80230511461343,32.5410410830214,312.003417192627
"1038",-4.36431090159522,-16.3715852301566,-83.5426180041868
"1039",-7.11449215304606,-33.2290897855542,-141.534257304189
"1040",-9.56496610033491,-46.0218835423093,-215.939903168946
"1041",9.5799421201898,115.02368050766,1035.17929440176
"1042",-9.08758709423455,-48.1697127249927,-277.074676816843
"1043",-6.61623210215032,-23.3402871227281,-40.5569959973145
"1044",-13.6091663168743,-76.0465420132105,-437.45143862053
"1045",-1.91926852260167,7.80404339399183,147.280705220734
"1046",-11.4165699933905,-55.2937678992425,-281.945826583718
"1047",2.43494884277197,46.5019571689663,423.452887769785
"1048",-3.58673404080776,-13.2025473687304,-48.4227556657042
"1049",-1.01072439082247,27.9647575745198,372.794148685716
"1050",-9.76221120970456,-47.898800691265,-265.283750452092
"1051",-4.70837407179624,-22.2639577509099,-120.5914835684
"1052",-8.04114599132481,-39.6205429574761,-165.591156782948
"1053",-0.157476425313348,6.31375932783476,105.247596817755
"1054",-1.00879211186975,17.5564356921936,233.083630402214
"1055",-10.6310392561822,-62.8001822525289,-400.895138244419
"1056",3.68825435077747,46.0619384374672,351.717537614633
"1057",1.0573118428249,41.9684762824882,463.861337779676
"1058",-0.76813006672603,22.7090396194781,302.526940578829
"1059",-7.94521215351313,-39.8569897599059,-217.504825174254
"1060",-11.4930846446425,-68.0527083780835,-428.556009165297
"1061",-1.9562796801182,10.4760558028765,194.894651325963
"1062",-5.08754498919461,-16.2901205075445,5.19573212071191
"1063",-3.68377735715808,-15.2750457320099,-95.8173135804609
"1064",-5.84019550397625,-16.907567324361,27.7544517661463
"1065",-3.37673189388386,-12.016234613965,-35.1046163753599
"1066",-10.3464259068718,-76.8755843991776,-564.304195561628
"1067",-8.93003170400812,-54.663926193477,-359.688780061553
"1068",-8.49403393932869,-48.672533269103,-282.746734589595
"1069",-5.68669237822019,-29.4559717988623,-159.777828410228
"1070",-2.62981346316121,20.6981887904572,351.875764226614
"1071",-13.8860407868069,-93.7415408531283,-592.252346376246
"1072",-16.7161307202877,-125.498796517354,-882.436506639046
"1073",-13.651027472111,-87.3453412095978,-574.166232418955
"1074",-8.15851297865765,-35.189478539005,-172.295531422182
"1075",-3.38798888973167,1.32036982971249,132.276386178144
"1076",-1.29902873509423,6.23985349295845,138.520423495087
"1077",-9.06067054774712,-48.3862146720912,-267.765890381132
"1078",-1.21013822369059,3.77177585257004,40.5573399439018
"1079",-4.3160551730582,1.52967182679913,183.140428623883
"1080",-11.4985228169987,-80.4385119794888,-550.206883973897
"1081",-4.98718625269817,-22.8580014119098,-95.9447366628374
"1082",-5.8823450923727,-30.0525671938531,-163.032745558918
"1083",-5.48272307824573,-27.6334655638111,-161.013382539477
"1084",-6.62334217787782,-26.559844153574,-73.9962354506479
"1085",-4.03692571106455,-10.3494263779758,14.9234617200109
"1086",-6.25523101039551,-10.4218412326486,100.831203061294
"1087",-10.0493788781248,-43.7576287185552,-216.213181999501
"1088",-3.63473623835023,-9.7445592247941,0.322854253994592
"1089",-5.96322825733898,-18.704153104406,-12.1230167188314
"1090",1.78738770459495,25.5745700823986,235.202212408552
"1091",-12.1143242930517,-69.20643458326,-391.359104037649
"1092",-4.83809943701669,-23.8248744129055,-83.350810010932
"1093",-2.35263687731856,1.33831339969629,94.5024873997136
"1094",-5.90626312657298,-10.2000981258584,58.2454235884561
"1095",-9.50769506351969,-41.5651325957647,-162.891257428328
"1096",-10.8448909167365,-47.2756087751395,-152.09484071465
"1097",-8.64723606117684,-46.5915788597204,-264.255969324482
"1098",-3.41589372709518,9.2509448237106,239.712729098579
"1099",0.175375367503534,22.0472345754429,258.832617697723
"1100",-7.66887921362638,-38.6309346886615,-218.140395705204
"1101",-10.3504444426469,-66.0348206362278,-416.621798008284
"1102",-10.0277159038411,-49.0413717392944,-215.168674240689
"1103",-10.1332228194973,-55.9124891914648,-349.373475577209
"1104",-0.844867115027569,28.7256422068858,382.094295222614
"1105",-7.72220662314339,-41.2339403157125,-251.346192466506
"1106",-5.13179165608756,-21.3088040340976,-90.2546186867985
"1107",-8.17877773428791,-40.5058523651091,-184.389043172019
"1108",-12.5509805988445,-85.8396361519804,-622.966902468566
"1109",-13.1233610570099,-82.7673504015465,-543.674384028451
"1110",-5.52161510064127,-19.7431638508542,-76.7795622228332
"1111",-10.1253445592591,-47.2177542139402,-215.362445424591
"1112",1.24413591627911,36.3507290397879,385.551464846722
"1113",-3.495920944011,0.425000826911855,121.418192395917
"1114",-0.0163349203580765,24.102670268464,320.969105723361
"1115",-10.624031732386,-53.4158131186682,-247.797473550901
"1116",-2.15127038658432,7.67282445598585,191.293875248915
"1117",0.384955214079127,32.7032700923364,363.074483106244
"1118",-10.4111236895178,-63.5861121833473,-350.145712982796
"1119",-5.00364323658209,-12.3922263973227,7.2888612893712
"1120",-6.79185416909377,-36.7647354578557,-215.127515385209
"1121",-7.55424281504145,-38.9593385811822,-226.508674188108
"1122",-8.53082891626457,-47.8506149031305,-297.658478751704
"1123",-9.08209436445054,-39.8391318349168,-152.010134649827
"1124",-10.0956960136663,-42.3449838145593,-165.40876264325
"1125",-3.64475385959429,-13.6605283312438,-29.8674088200769
"1126",-9.66466194518239,-61.9197368140158,-342.05454885056
"1127",0.283707722885879,-2.52597124000386,-38.9357234207746
"1128",-9.17039382045505,-44.9877366041069,-198.489797284446
"1129",-6.14111283635884,-29.300131176341,-177.899836038054
"1130",-12.635330930263,-79.2010172360683,-504.182933859782
"1131",-13.9933178150889,-82.2548109041036,-502.306492005904
"1132",0.316753826803392,27.7381408888527,344.929878935869
"1133",1.3123563996387,28.3820634097692,286.988726793077
"1134",-6.10527024856412,-19.7582091690274,-37.2143248920111
"1135",-10.0526269262516,-66.0278107670815,-412.880199779795
"1136",-12.0931610793602,-77.4050640195869,-507.359059447819
"1137",-10.8388426843181,-71.2824407702992,-449.288723372205
"1138",3.43958896537754,53.2659661334974,537.72409709659
"1139",-7.48766369014049,-47.7924056178849,-325.871547424524
"1140",-0.100001673685028,27.5706005466991,335.304424402899
"1141",-11.537355016716,-59.2374847086107,-298.932117016484
"1142",-2.10105102555258,-6.52696866551742,16.6072904901121
"1143",-9.1307156879185,-60.2344380028617,-362.521243345462
"1144",-0.410788014131299,39.5621043294186,505.800602489504
"1145",-4.30056031430206,-6.64775916789267,63.1130401888149
"1146",-5.70312271034857,-19.601835712248,-35.6691949882352
"1147",0.317357374184326,29.1220900476087,346.050515799128
"1148",-7.54359669402299,-45.4482796249708,-264.96845694954
"1149",-0.0719519090775975,22.8416211861404,291.047619811972
"1150",1.74897624471555,46.1588365164448,519.597918913205
"1151",-1.1072537891348,15.5823602923133,213.88702533652
"1152",-8.51752331161958,-44.3523660627175,-245.491861566177
"1153",-10.1889246713598,-77.8661475692588,-568.985688871466
"1154",-2.21374350110136,11.1986691990583,198.120755281492
"1155",-9.7197721231953,-61.6084228006539,-346.637500679215
"1156",4.50516591567509,65.1956086204932,641.572630008817
"1157",-13.1554629713436,-92.6079122169272,-678.165896555141
"1158",-2.90921539951034,6.70114667141388,165.137376341851
"1159",7.06081141882623,77.6442935581799,684.878097239332
"1160",-6.24481732029335,-20.6692267860071,-61.9666803584987
"1161",-16.0782194650245,-99.9200253599643,-655.754703260762
"1162",-12.66466908464,-83.8313496298538,-579.094997422817
"1163",-1.94056649201207,0.910440640831894,84.4661622982931
"1164",-5.82394257937131,-39.0535736586171,-300.220126223039
"1165",-8.02187442235811,-35.2111039770539,-139.279334006333
"1166",-10.8762338678288,-71.9221401897862,-466.658563032101
"1167",-16.4332111795195,-104.269309149135,-686.136849986166
"1168",-8.05915055073422,-24.6285119608706,-41.5633666556641
"1169",-1.34201255721268,14.5956008535613,199.25633181561
"1170",-4.72073140021951,1.3177248968791,191.745559903553
"1171",-9.76622080382742,-65.2625019060342,-436.95903058608
"1172",-12.2694458491396,-75.7617613402635,-506.847661821763
"1173",-12.4131940152507,-74.1864596416804,-494.597975870212
"1174",-2.56483959244849,-1.05096560064294,77.3312329906439
"1175",-11.6073469202693,-70.5148198465849,-443.985789800014
"1176",-5.33315336538874,-15.4706220558123,-22.1547814216829
"1177",2.98719629785387,45.9539306097781,458.814597474116
"1178",-9.16753596646413,-49.820818318969,-277.084916828193
"1179",-0.494264184094277,24.6435832811999,303.017732292552
"1180",-11.7627089914621,-67.413352112937,-367.142363130337
"1181",-11.8021731922327,-70.4018776489484,-430.404703118387
"1182",-1.08263360776743,18.8587235059881,269.275383095792
"1183",2.36467744142897,46.0531899193807,464.075665582935
"1184",-9.20293954461692,-38.1481635012133,-120.423621348787
"1185",-11.1853925339356,-62.7548999552114,-339.996550345197
"1186",-1.18848880810538,13.8940882154848,216.402613535005
"1187",-14.2636369673647,-97.3976108045972,-701.359363357329
"1188",0.450421781869977,37.9718739196592,460.937439342226
"1189",-5.85449537221018,-17.9530851600066,-11.9038940589926
"1190",-6.27340482129944,-17.3668416303003,49.5359653840351
"1191",-4.32569413034912,-26.7142736796468,-193.455453737253
"1192",-2.82590620215785,3.49039777150301,146.204029221437
"1193",-7.45935881633807,-53.490384176429,-351.443232659514
"1194",-7.39541914032736,-37.7825413042733,-209.091931925832
"1195",-5.00954188911396,-10.0043400889531,55.5997645502885
"1196",-4.8411025518817,-5.28512547563514,97.8568011542739
"1197",-6.66090634614056,-28.7374271827721,-94.3827961328698
"1198",-4.22364526037063,-17.394328889658,-48.8224210808439
"1199",-3.59610907745957,0.940617167319942,143.607027870166
"1200",-13.9597806399441,-76.8951201452337,-420.780693721044
"1201",0.216426023382496,21.3576952384619,246.765752944015
"1202",-6.32032699557192,-27.5070932037097,-158.044885935627
"1203",-9.26781818377333,-62.4892662234079,-416.981223567172
"1204",-15.4330918213745,-76.8527018875961,-382.17253808731
"1205",-7.31383991142354,-36.3616802192423,-175.521808758042
"1206",-0.984119640721929,17.6649231149863,226.708855391873
"1207",-12.8018612642493,-79.1180676771619,-457.269775071087
"1208",2.72481941471983,60.1990480619847,619.034618449805
"1209",-10.9490574981825,-60.2382265412261,-344.883010069438
"1210",-4.04697066652852,-10.5687259161491,42.8511078221654
"1211",2.44116429998928,41.242133963493,363.516292371991
"1212",-10.8174426854388,-49.5630974171363,-228.930352896665
"1213",-5.1428344603213,-7.3464472581677,71.6317198230226
"1214",-3.8630923741531,-2.76454231889602,46.9755391898088
"1215",-4.6873938928112,-24.818300558758,-137.046343947692
"1216",-7.49701543976073,-45.0811543135342,-295.36207339244
"1217",-0.675869830837541,10.9166195019275,114.41946194037
"1218",-8.47271405232323,-36.8259305357437,-115.269824079614
"1219",3.6290910417091,63.7504210292796,656.546230824984
"1220",-9.44908388713691,-61.5856008114183,-376.860506075627
"1221",-7.86778525556065,-27.2749740058634,-51.7733639618691
"1222",-7.18869933365511,-52.1092932862343,-391.333548688872
"1223",-3.00026123573628,-0.864059061457738,100.39005009366
"1224",-7.12556163023078,-52.7503290974646,-374.580923613197
"1225",-5.71959811485738,-24.833355635446,-57.510102640832
"1226",-8.43779202084477,-38.3697701372203,-134.882153195147
"1227",-8.93577318833889,-63.9259358736613,-447.063944752061
"1228",-9.09276709856033,-38.2953568134003,-117.163364576076
"1229",-9.45758199089289,-47.0637325403818,-214.222177036547
"1230",-4.70492879277435,-30.9077106388563,-172.991044118344
"1231",-9.17699052187743,-46.1699893149616,-237.222863693467
"1232",-4.62913536975066,-8.60745686190967,64.3306852178885
"1233",-5.61227590793487,-21.7323044769259,-90.6122933562219
"1234",-5.04290750629934,-18.9072409630835,-63.8260727632805
"1235",-6.36988154664016,-25.3092026039476,-92.6636132294007
"1236",0.993853825428914,24.4467278903317,231.992840515984
"1237",-5.741423280807,-19.1554161333156,-49.8899289365963
"1238",-2.2376248351103,0.0413232952814724,68.9012462487481
"1239",-5.6939438677465,-25.6411563081215,-117.400715051988
"1240",-6.05014240151638,-22.1052812901389,-30.5255540492126
"1241",-5.63258611148513,-28.9047981012995,-159.224166812493
"1242",-4.61569778497289,-8.20052537233369,24.4856172156324
"1243",4.7364561190517,56.0281305642548,517.54176824059
"1244",-6.88818253819966,-34.1036613045585,-153.084909838273
"1245",-9.13272528586515,-43.1577025707852,-183.157086948047
"1246",-8.72375394240817,-46.8878481509478,-241.623484642572
"1247",-6.60275897612439,-21.6241240431245,-28.6448430720957
"1248",-12.5402274922178,-72.2750032657523,-415.241220526466
"1249",-6.57462821336219,-35.7095094914716,-177.450105555428
"1250",-1.39018569544544,7.80179618213606,135.872723538469
"1251",-14.7905823065984,-92.7520172887462,-595.362856895124
"1252",-8.6782609965752,-51.7229007740566,-310.155161833887
"1253",-4.28582978881172,-9.31438941532997,54.2374720266089
"1254",-2.06532251090846,15.0361512437107,214.520861327383
"1255",-11.0357692369375,-58.4503631271537,-336.7150208189
"1256",-10.5496477775569,-53.0234376301883,-291.960224511255
"1257",0.410941595433655,31.4005638387298,349.701098056714
"1258",-4.23115826931507,-4.3512213741169,84.9791801367573
"1259",-11.3078020994592,-41.6837878971046,-101.684541786812
"1260",-3.84704823219397,2.33761350356917,176.861643202537
"1261",-7.57651535329921,-33.2916581717313,-134.781362179916
"1262",-5.99505941957693,-25.5843160172303,-89.7883222312666
"1263",-2.37423736128312,12.564169446578,239.3354285965
"1264",-8.52261595584912,-61.5357093566645,-431.017328535656
"1265",-14.4208540221111,-93.6442096358833,-619.571744123581
"1266",-5.1904029848555,-0.719998577485057,177.495807818706
"1267",-6.60176388232048,-25.2246048579536,-103.069263027068
"1268",-1.22446108965028,28.5253059166898,364.041205178077
"1269",-4.31109988588969,-7.69333879493979,32.0765218283013
"1270",-11.715122867028,-80.3717971325541,-528.638080736
"1271",0.669111090352203,19.7744957611662,229.310933791603
"1272",-1.66730351154695,13.7627350109328,227.517241601732
"1273",-13.719137009777,-92.4121547177024,-619.754741891702
"1274",-13.9207485263438,-87.0357761126452,-591.583208754382
"1275",-7.20640702754179,-35.140932581081,-172.636411264153
"1276",-2.7191779125958,-5.51925415313553,4.09757836686731
"1277",-7.00508886384659,-36.6475402605975,-217.345031560986
"1278",-8.78125354579367,-44.8463501253173,-244.766650349449
"1279",-1.23898013392625,11.8445174939343,162.806732110055
"1280",-15.2606835701653,-106.157392279019,-715.82154093922
"1281",-10.8469024174584,-80.623593876734,-595.677198985011
"1282",-4.33007039858808,-20.8139949659694,-89.7518879185554
"1283",-5.18036163934198,-27.0660409341167,-129.983885673733
"1284",-1.67029687740524,20.0253178738731,307.762329649922
"1285",-5.28523585911921,-14.8356544360486,-46.0402640021057
"1286",-7.97134947228733,-38.2637212615332,-204.926789081472
"1287",-0.330561658685724,15.7181480342615,207.353213392504
"1288",-12.1089471486835,-77.0619579075756,-516.526505999955
"1289",-12.0051056225983,-94.5219375702704,-713.627688310627
"1290",-1.88648914454313,11.8400905110088,202.913319874118
"1291",-10.2448470853836,-46.8180301172238,-184.780997544205
"1292",-0.895529111265091,14.3341203497225,198.666527599977
"1293",-10.3082899789844,-54.0953454367013,-305.854016481786
"1294",-7.05067503270254,-24.561724804742,-13.7231039758899
"1295",-5.16935283573639,-28.0662436960615,-173.510816122704
"1296",-2.83764510847413,-2.10269911529622,37.6270204563643
"1297",-5.15146897358045,-12.9012622773871,39.4286574525959
"1298",-4.99788509512814,-2.43192747748026,155.078275958245
"1299",-8.94670302874829,-44.809610532091,-239.947228922667
"1300",-8.40180486531563,-47.3276917120079,-292.33774228491
"1301",-14.4263127695152,-87.5213408728273,-549.754010501993
"1302",-11.7962257112354,-57.1997815323452,-266.211587843103
"1303",-17.3208708334806,-128.453545484045,-902.099759977395
"1304",2.44682127289013,35.1665195773921,346.386415172372
"1305",-6.38936567071778,-14.5189785999974,35.0397355898949
"1306",-6.54941686349287,-32.9203398132881,-181.281161652996
"1307",-2.94014561402844,-10.2571889206847,-35.069721139258
"1308",-13.2277498684412,-80.553898465188,-457.085054166355
"1309",-2.36000591934169,-3.04780105834197,59.9787170885684
"1310",-5.33765992005726,-30.7457209187683,-204.349002597755
"1311",-7.9949542582782,-52.2491056922454,-366.561114006887
"1312",-4.37298586078066,-14.4345450736682,13.189069304135
"1313",-7.00534956800198,-30.556640953947,-115.250707011703
"1314",-5.18207204710438,-10.0140111848095,31.6119941395591
"1315",0.331691637508243,26.1366283062725,291.744900315769
"1316",1.96048403700138,54.5272047323638,593.617177405187
"1317",-15.8359071593302,-108.848106247011,-740.4591253093
"1318",-5.70879903267905,-32.4721458204226,-175.754439074162
"1319",-5.14898050748332,-16.4092831310804,18.7268592871424
"1320",1.01165265813847,31.7526805243619,339.668438593211
"1321",-9.23360104769745,-59.0115439257802,-379.708988721581
"1322",-11.6799909445542,-54.0406244107885,-244.475627348233
"1323",0.586154246305,31.000748087019,304.485416895917
"1324",-9.39927068929399,-52.8350283662089,-243.01394293741
"1325",-9.07855137138176,-52.5007155815879,-294.237340376219
"1326",-2.67625311959807,2.69904093478181,117.644509975857
"1327",-17.4644010176437,-111.864069332894,-737.797440961145
"1328",-9.91762979706402,-60.0529570213193,-411.234287835134
"1329",-6.63996933235615,-13.3254309358285,54.5474442573195
"1330",-14.1670686974777,-87.2739497964485,-516.42246989926
"1331",-2.68711030262659,4.56722823572318,134.484949296455
"1332",-4.70121125886999,-12.1075288349125,28.808219494671
"1333",-7.75118573727832,-47.8175624960209,-291.323428750531
"1334",-7.95231920012554,-36.7824534106671,-152.975497069969
"1335",1.27200801110985,53.4538019543397,610.137768468252
"1336",-5.29164758286174,-15.3335229640165,-33.4433633549834
"1337",-8.62278105474832,-49.4141199252099,-318.961067058473
"1338",-2.56098875754083,17.2582168815838,312.333971636252
"1339",-12.2667778606168,-76.2012643554363,-480.935313063714
"1340",-1.01544948457115,8.24962302454105,147.857910286497
"1341",-6.31003088243995,-32.4998569304839,-155.875891539547
"1342",-7.01621435758625,-40.7291920138064,-235.599486411156
"1343",-11.4893925773926,-79.8410931163648,-571.293035211003
"1344",-7.26383746525016,-41.7964626997509,-281.536766235895
"1345",-5.85848218759088,-22.5086894894384,-71.0043448256783
"1346",-8.74828831157959,-41.8543854900736,-204.009555749288
"1347",-9.11569239405617,-56.697105918538,-343.07718767714
"1348",-12.7248589618554,-75.90351459676,-451.004081542653
"1349",-18.5137931983857,-122.551407933121,-799.686546508776
"1350",-4.49219851601515,3.89808835241729,185.190581711417
"1351",-0.94272221889787,30.0284973706202,367.641443073036
"1352",-7.40412513983063,-34.8761123472605,-161.225813600235
"1353",-1.68939772605518,22.5934548159616,324.711670237399
"1354",-4.70887609252884,-26.4508190998413,-171.242343652808
"1355",-5.24240717542989,-15.3480343458932,-60.6446973747461
"1356",-6.21396343700917,-32.2609457680178,-141.523570474099
"1357",-11.7219652067892,-85.4346248421921,-605.616055369712
"1358",-10.5836736000304,-73.6407029284928,-499.143322229749
"1359",-5.60617677312268,-26.0158259044979,-119.528067782274
"1360",-11.6962000396702,-68.0494701892953,-388.794687972266
"1361",4.00456492462126,49.6373946172744,437.646498225713
"1362",-4.69653595467446,-17.5370055018448,-77.5164625475991
"1363",-12.1812447359258,-85.9231374490751,-610.748092604574
"1364",0.354975973604041,18.8658720464337,180.457434634776
"1365",-7.22023885116198,-35.0374150117377,-156.539206479209
"1366",-16.1851714846199,-124.450166736138,-914.006876496107
"1367",-1.49579298302626,10.1865425452088,166.039002311498
"1368",-8.96871308907328,-54.9125754077645,-360.162058191874
"1369",-2.86152032051825,4.66888149421038,175.769813833047
"1370",-13.2989067435511,-82.6305095967232,-502.864568137065
"1371",-3.34136703955051,-14.8170749438245,-58.7179811838359
"1372",-7.86708948202556,-33.0669767433333,-94.6543121443701
"1373",-6.21310296852005,-33.4587917415379,-209.978202454764
"1374",-10.4784394268578,-67.1965212672685,-428.379786222917
"1375",2.58643776146505,49.2308125244986,533.025168901997
"1376",-2.61905299254352,6.45450121563726,181.603872515532
"1377",-2.99872563740428,-0.99127461079479,87.0758542703352
"1378",4.72140017819277,64.1039164775771,574.479279112897
"1379",-10.344750520605,-54.7373786282205,-253.651906123063
"1380",-4.49443425791401,-14.8587126518696,6.99787656035733
"1381",-7.59975879572175,-61.9156462522446,-486.737207152497
"1382",4.07474999150656,68.9433783620211,670.189052492377
"1383",-12.1492221814639,-67.5808729329788,-363.42261825756
"1384",-14.2000324989101,-92.2493646214411,-599.527464340155
"1385",-1.61230737320705,10.0324465427229,142.754108988081
"1386",-10.3894989392186,-56.7427311365705,-273.357626052952
"1387",-12.8305481704995,-74.0327299619685,-438.197272755118
"1388",-3.92445452284664,-12.5658206979747,-27.6304200376744
"1389",-0.535296938611395,26.0174309785416,352.53841605442
"1390",-1.03552674107789,3.68806584962431,99.0038925957469
"1391",-10.7725683984081,-68.0717946743916,-444.63608254511
"1392",2.92019314048093,55.119197004025,591.563560822808
"1393",-1.56914116850146,12.7831664488685,242.748005550171
"1394",-2.45520963780086,-2.58435127928033,99.7188502512126
"1395",-0.262833628135013,23.8536437792977,283.613343841278
"1396",-9.27644237166078,-63.8476843586432,-448.528713535639
"1397",-3.76399322815246,-6.08586203203549,52.6991596287371
"1398",1.95685103102653,35.3877699183058,325.251745932273
"1399",-11.6654556423935,-79.6532603674223,-565.916794648894
"1400",-10.6251420395657,-52.4884691431539,-238.237436401454
"1401",-12.6656394034821,-89.6994323563035,-640.983808371282
"1402",-16.0749329190219,-98.1308096869293,-628.277917795056
"1403",-9.75761546802505,-55.7330388896621,-321.789585540817
"1404",-6.41865370648156,-17.3083006076304,77.713303297096
"1405",-4.20130108834883,-15.5430994745407,-67.5477098913834
"1406",-4.48969106085724,-9.44737309264019,10.6220295749736
"1407",-5.59928816885974,-11.2421131066631,53.5779776787676
"1408",-10.9986914439306,-85.1997623532616,-634.399524352191
"1409",-8.35466194330183,-36.3597865489733,-139.057233840038
"1410",4.46553055209051,65.1210758487996,592.764526769301
"1411",-10.5052902919494,-55.7491588357943,-307.840068107071
"1412",-1.7686611762083,10.3246780866243,173.473204284659
"1413",-2.07533519717708,9.97181906180413,189.998374412555
"1414",-12.8450342723421,-66.4864671289779,-312.153040623751
"1415",-21.0490826300288,-147.351000164696,-1000.92478361823
"1416",1.31168722773941,39.9376866024613,436.624814035931
"1417",-9.64639494348694,-54.6830627690119,-334.580883533601
"1418",-2.33412580765776,-1.63828369081693,85.336788401064
"1419",-14.1263096471649,-99.8971735571104,-695.258168701876
"1420",-1.54283442113683,9.1079179028302,116.44808525563
"1421",-3.96427333537383,-7.97668335039953,44.2872229216573
"1422",-18.5645071845202,-113.419729305102,-689.186223002187
"1423",-4.93872360142086,-15.4704439231632,7.93177388379627
"1424",-8.69850163731371,-50.8773017621475,-329.184370958923
"1425",-9.84045647785058,-61.0104764780181,-368.586918734816
"1426",-10.8340373968957,-65.7206015592269,-407.914396219892
"1427",-8.92147895323956,-52.3942441490994,-268.382414626572
"1428",-3.38634715601302,-5.34668736507365,61.8053116603696
"1429",-7.44010527807109,-34.2634520719525,-128.369857268339
"1430",-7.76412231123243,-33.1819068127875,-144.333238093112
"1431",-8.57774190403234,-26.3954848412836,-11.9037423746922
"1432",3.10570063063506,38.4144043514189,349.616898910434
"1433",-14.8796549320954,-94.0956379628628,-604.051510752197
"1434",-10.5921674772513,-47.4434809612608,-200.507867172977
"1435",0.29230369201764,26.4372675594318,331.647772044216
"1436",-6.76513933332399,-32.9367010100141,-196.571724752439
"1437",-12.6167036064692,-88.7266445783985,-644.279373101263
"1438",-5.52253808855676,-34.0680133476421,-219.776154193705
"1439",-5.76110559692086,-25.9558266934278,-115.874907829255
"1440",-3.58149431780578,-8.16501431520555,-19.1205476235646
"1441",-4.74814263576036,-14.9974264349066,1.62713271627945
"1442",-8.60695394315587,-45.0108896534516,-235.234063288432
"1443",-0.918520030553964,9.68586432904704,134.8995242619
"1444",2.28542576205905,32.451839542211,289.458131354775
"1445",-12.2555671015344,-64.318591747588,-336.217909626801
"1446",-7.7143301362795,-35.4837656120958,-152.754530443948
"1447",-0.569506857671968,4.03048315602473,107.193504765648
"1448",-2.37711953955875,0.383369352916816,112.185280300613
"1449",-10.1855062660389,-58.4062343033879,-358.79220248847
"1450",-10.5886787566886,-52.013629327379,-277.3331046968
"1451",-9.06321889467142,-47.1574634510148,-260.151365698994
"1452",-19.7614728364978,-137.167590995298,-919.526804730047
"1453",-4.5926494816581,-24.6161909918633,-123.306678019697
"1454",-0.616884808249324,0.694104125387184,15.6705431110622
"1455",-2.30684738904995,17.7533792252848,275.48993409576
"1456",-5.42726997253271,-16.3597676768927,69.455877343773
"1457",-11.9230966753752,-78.3904841055983,-527.881234162507
"1458",-2.90925115744233,-6.56054057634992,12.2290093418251
"1459",-4.73232988291579,-14.4740450573991,-41.3530587314581
"1460",-11.3248669859918,-67.5000868358802,-403.768125123494
"1461",-13.2786942432235,-88.9199633756657,-605.010978445689
"1462",-1.15619367632735,17.8136460989731,245.309412217912
"1463",-9.23987761088381,-64.4417794185297,-449.901108448514
"1464",-7.0546762157436,-30.3373775119271,-97.4192544859015
"1465",-8.30402622121937,-49.5337599895888,-313.575930138686
"1466",-13.617183392945,-89.0356153776165,-571.249388803313
"1467",-3.40547003310871,-2.07174652206913,80.8901786464648
"1468",-12.4156960359314,-74.2899646416136,-470.498150416732
"1469",-19.5514035733347,-136.104915500985,-917.850354953323
"1470",1.48710870283162,20.4207003780425,181.096807986491
"1471",-16.2975963425097,-80.2787930597819,-403.260783922797
"1472",-4.9110376747999,-24.6071211431795,-154.7852770927
"1473",1.58095503348966,35.0757396692716,332.885835528947
"1474",-10.3200953802035,-59.4033116686287,-344.813279700204
"1475",-3.18137737720201,3.68104547664552,148.449690053474
"1476",-11.7503727139093,-76.2941636779124,-505.157144890904
"1477",-11.4098315293377,-71.0951983671898,-445.088269580228
"1478",-15.7572753107473,-109.083870189158,-732.508040644158
"1479",-9.25082134890522,-46.3735643309856,-227.827189661348
"1480",-8.3410571188366,-27.949917100621,-0.650099588527155
"1481",-7.62337782894679,-36.694638066177,-170.530279117193
"1482",2.84695488135787,40.9993105949011,352.458528227788
"1483",-2.29293815665676,2.95720774834354,110.684883045695
"1484",-7.19116183312508,-38.8656523692498,-226.634488299196
"1485",-1.2520224822282,16.2029097626009,233.807172990197
"1486",-4.79104787669201,-35.6202509951395,-240.77188090068
"1487",-2.99782711336684,-1.91216784466496,73.6154562558168
"1488",-3.50819462484333,-1.70222461512321,88.8610020952146
"1489",-7.05572333749683,-36.1891667889181,-221.675427395645
"1490",-3.59665390253554,-10.2857651602003,-0.840915195014531
"1491",-10.2356368563057,-68.9674720403577,-451.701619149311
"1492",-0.616700313146225,11.6157153078166,164.561465894898
"1493",-1.89903219028315,26.2597194658983,374.273429625653
"1494",-7.688481108882,-41.1697312170477,-248.681257837114
"1495",-3.36784942803365,-6.51364250460074,60.8133688088055
"1496",-7.32279751651993,-43.4643463038751,-266.195740632224
"1497",-0.274277414843368,14.6670982299934,202.272069197708
"1498",-10.5705936062679,-66.1084101432907,-454.820839196234
"1499",-5.96909239008721,-25.4933195156095,-112.294534623312
"1500",-0.508878464596364,11.322688657151,147.081814833553
"1501",-6.87377432238941,-30.7592880558614,-149.941561278023
"1502",-6.98324775063065,-40.7159585710788,-269.700039838963
"1503",-15.5191844453058,-103.329609019503,-696.233183206992
"1504",-16.8839648828972,-100.497113431868,-605.938779671644
"1505",-15.5023901628197,-99.3797238629863,-612.24191508285
"1506",-7.95512431381997,-40.328662981754,-229.154619848397
"1507",-1.99002526535253,5.65092593871213,96.4314767055166
"1508",-1.85008037157343,29.518928207111,419.334734442611
"1509",-9.3721111063935,-49.7230607509418,-306.198527555023
"1510",2.32484775261116,56.7475950185549,608.82869608976
"1511",-8.92758861134644,-58.1280681336552,-394.342257102431
"1512",-6.81825442425259,-28.7352592900306,-79.3863262021696
"1513",-9.83420035479674,-49.184654355945,-232.592819463543
"1514",-8.68596901224669,-31.375777136449,-73.1398263805968
"1515",-5.41532332184545,-15.8400469682606,7.07244317552977
"1516",-5.52182787230015,-20.9928175652362,-56.1595300353947
"1517",-16.8325990359635,-106.551410617281,-679.778442341767
"1518",-2.26387885816291,10.0170258549065,223.464281099328
"1519",-5.06157464294711,-13.1577368614335,3.70284110010653
"1520",-6.90321415012318,-19.9249676955105,-35.0611603464349
"1521",-1.68579068443614,16.3540650837185,274.574797959747
"1522",-6.85022840714794,-37.1909515728903,-191.917603155596
"1523",-8.92146227778903,-58.990067799934,-418.373318549367
"1524",4.86575341214734,50.9284854462708,430.620916019554
"1525",-8.68365009545448,-50.3565741264965,-285.559195556907
"1526",-14.6559949710775,-90.8447138303573,-551.384671146085
"1527",-7.62890533055452,-45.8320457383543,-322.867598488001
"1528",-4.06444185326927,-22.3933909122193,-140.321620288254
"1529",-6.2350576950904,-19.6463309122078,-71.1760336663574
"1530",-2.77886682985945,10.5861489906229,180.63065637908
"1531",-7.59324711420163,-31.2942422389933,-121.673437940783
"1532",-8.67037336366423,-52.8376256364049,-283.219080885072
"1533",-11.946591762079,-78.8330601950465,-536.56276006587
"1534",-8.34537427366922,-39.9188985315586,-201.688614643943
"1535",-0.309304400564429,18.3590834454039,253.925833695421
"1536",2.22691154996028,36.9286323585602,393.865041070199
"1537",-11.2001301513563,-66.517368461049,-422.690066098343
"1538",-9.58561846053112,-45.5535754845282,-221.079477876607
"1539",-4.03742486206318,-4.11952556026472,111.507875882106
"1540",-5.08438329241051,-17.5584727828968,-55.888401198903
"1541",-7.4828511348386,-38.2195496437703,-194.576170278166
"1542",-4.18649017566008,-7.96257755176293,52.0547713289488
"1543",-10.8856508129587,-58.9441536566978,-291.506442688034
"1544",-10.0204256910874,-66.3339437869417,-428.863645061319
"1545",-11.2066791168255,-72.051065442557,-501.927115957793
"1546",-6.55894743446652,-33.0628773594126,-172.719425425339
"1547",-5.74838991498746,-26.8038697268798,-78.4544319810884
"1548",-0.134823627072933,20.8063311661431,295.676772251134
"1549",-10.4565034313266,-51.1329001997801,-239.248264822794
"1550",-8.89664573967752,-32.6143769968226,-50.5229331924875
"1551",-7.56356655575291,-37.8789930899434,-189.250209147507
"1552",-13.5708742891854,-92.4557996806925,-627.403479455948
"1553",-5.81807508509075,-29.095275351739,-106.218040515332
"1554",-10.0377494509383,-43.3093443513371,-135.386084602691
"1555",3.06655608870471,52.9515865600056,486.792446710704
"1556",-7.69977894474084,-37.0059042024914,-172.575860305782
"1557",-8.76322115827213,-53.3871177981837,-346.1920600265
"1558",-6.99386547473159,-50.2475446891222,-373.165862621656
"1559",-11.3094715751683,-65.5538539218787,-419.211373319371
"1560",-22.5701951377165,-160.834627946037,-1106.66137972163
"1561",-15.3200893441497,-102.715620459349,-687.600755465473
"1562",-4.45571726135108,-19.2876477100504,-102.769485517518
"1563",-10.5885715944775,-76.4795386352598,-547.688800089882
"1564",-4.68643556501092,-9.73922210045566,25.7312104583143
"1565",-3.7587379220239,-3.09100689040997,49.7945274447011
"1566",-6.66355881856407,-27.6306077807244,-75.5043354102636
"1567",-17.6005033975857,-112.038344373955,-714.833799914832
"1568",-4.03836943744579,-6.72427381926627,3.27286147083578
"1569",-7.68241321982157,-37.6821675649862,-211.841376013164
"1570",-9.19532127600826,-64.9777883474958,-483.444339734397
"1571",-3.23774404323262,10.9941046274939,221.703032829348
"1572",-9.18830643680474,-53.5930200609841,-325.077529319911
"1573",-2.40838993473278,15.2660660586803,299.842568211005
"1574",-8.42259984819873,-35.2536984961462,-130.753718164389
"1575",-10.6305146673252,-52.8907939112905,-270.06849998446
"1576",-8.072918306102,-53.8586647365837,-359.285353114319
"1577",-6.72471652989668,-46.5272413635594,-344.729557802111
"1578",-2.48414943746059,-8.81997329782553,2.46430267818869
"1579",-10.3950779161073,-40.0989774839077,-107.999170761623
"1580",-9.35383947357298,-50.6175100963815,-282.122674590833
"1581",-8.31442991856102,-43.1039111902733,-193.811006793887
"1582",-5.20023063556971,-5.44818620524575,116.87152431436
"1583",-11.2689328121515,-59.6267464836078,-326.34899759204
"1584",-8.24070067881837,-44.892630521847,-259.231105517123
"1585",-7.06448918949252,-32.219988062041,-117.793428865401
"1586",-3.6315401458836,-8.48875172943553,33.6634323281378
"1587",-13.9817138197938,-81.8601974931958,-501.490135589958
"1588",-7.3975314310137,-32.2167322385653,-141.126951831171
"1589",-12.570383490538,-60.2944418908387,-258.209458798772
"1590",-10.3421383297756,-69.9150971697513,-469.1020138326
"1591",0.65020697256989,20.8104372858033,208.933875227647
"1592",-0.969960597907743,8.88666082353575,152.858317028975
"1593",-5.62013069979321,-23.6222980097959,-110.483172051367
"1594",-4.4790884790998,-8.21027946915046,77.307764791236
"1595",-6.24002413711241,-25.6097264665664,-81.3812645964244
"1596",-5.18329843663184,-16.6702111051186,-40.9545332489652
"1597",4.7142615148158,59.1871003802798,574.196312527612
"1598",2.44702870183596,39.8880302577663,357.015964451613
"1599",-6.72259659612405,-41.864538466788,-271.462780164227
"1600",-9.37343023128437,-57.9732191679732,-371.347126004599
"1601",-9.71307594090501,-50.5824718473109,-287.863773936944
"1602",-11.7549075468401,-71.1188773406998,-443.231345485687
"1603",-8.37664847236908,-45.5576918338152,-230.088631076718
"1604",-6.82172854632915,-37.2135315228843,-217.502885704547
"1605",-10.7285519213785,-61.9301882041796,-365.787569764194
"1606",-3.08346655543085,-15.064048429897,-38.418921284212
"1607",-2.3541071127944,1.78954504478907,79.2287188758291
"1608",3.35031340960234,43.5778150866072,346.356105370149
"1609",-1.4789366632923,35.0355596477862,448.908585359641
"1610",-11.763052013358,-54.3003769673187,-216.545183827038
"1611",-13.0191092288961,-79.0263718437391,-456.927490777223
"1612",-8.30650827694012,-49.0732031158755,-255.763355186442
"1613",-4.99840057367305,-5.77778642031717,124.251638640681
"1614",-12.3975500394788,-74.3652611871944,-453.697021425507
"1615",-6.27339490654549,-31.7665482671605,-173.260149897491
"1616",-14.2037132790471,-112.165672917854,-850.472323382975
"1617",-0.601122138848609,7.17553545729106,114.644433121237
"1618",-8.6859034122557,-42.7860063216831,-172.829183912716
"1619",-2.57237023462926,14.8125227603432,269.394497946854
"1620",-10.2193782178666,-52.7092643080418,-261.233938639585
"1621",-2.7719596759689,2.25941393430367,123.103740064847
"1622",-7.72104185557521,-50.8661786921507,-301.297863128548
"1623",-11.8262884769152,-70.3493439030103,-398.064586785635
"1624",-9.98200603394605,-62.2864042261845,-406.139300991001
"1625",-6.26757084624342,-32.3335014768577,-183.778185720175
"1626",-2.81161963876082,-8.90491573711597,-37.2164244565738
"1627",-13.3998256564627,-95.4475447425657,-671.49142076458
"1628",1.93201578241019,22.9115052482334,204.286880188723
"1629",-5.5154872558461,-31.0052191236841,-190.29624354159
"1630",-4.32662194161958,-29.106379948691,-189.66462247936
"1631",-9.21786311860683,-49.4921077920999,-288.437474125512
"1632",-5.44745639721725,-18.7703303116791,-20.2271653579901
"1633",-7.69714557044608,-31.2911447696497,-119.374889850113
"1634",-3.88153765081654,-12.4089359021318,3.07288744723155
"1635",-9.28270497364133,-54.2167106688089,-307.181352638578
"1636",-8.86152534264772,-43.5053358793157,-197.958516850409
"1637",-8.74105319168643,-32.801565977803,-55.7640045259941
"1638",-0.607517534054068,29.5849266739606,390.455982806241
"1639",-3.08873915357537,-0.245815520236647,110.288298617485
"1640",-1.46621366736031,11.983344391745,159.344515188819
"1641",-7.19874218985501,-45.7307135283236,-289.337423210894
"1642",-0.421942125020564,4.51639054811722,45.558506909274
"1643",-10.3337211229485,-67.2122776738497,-447.975982645132
"1644",-6.69951871798889,-27.6108286199956,-114.701861164664
"1645",-1.82566380850608,30.2654469813974,411.235270600504
"1646",2.50399070928108,18.7308213558899,116.617825407408
"1647",5.35457550962496,72.0669625509377,681.728734602581
"1648",-5.97459532121502,-11.8652074426882,67.0417400960578
"1649",1.09544730306823,11.0347592856688,99.3638806840245
"1650",-7.5308632902254,-39.7651363307914,-231.506756992045
"1651",4.3879290423173,67.7189816141722,619.090775998229
"1652",-2.74808756669904,4.46193443331958,165.870708652266
"1653",-5.48165240450714,-18.0470626718152,-46.6207565098175
"1654",0.874841308406758,13.9365931077241,133.491571260764
"1655",-1.86885505110638,13.6925388347045,238.830654569403
"1656",3.72224290199495,49.8320260501891,458.753686849919
"1657",-2.97389922585307,-1.15741212335888,119.061502084611
"1658",-0.152242570060139,21.2565622764664,263.955599207247
"1659",-0.0935049819927372,25.4885287464022,301.403900042553
"1660",-9.11448422770309,-49.9776660579023,-261.639052143106
"1661",-11.1393100819849,-59.2513506920218,-329.184078353814
"1662",2.55790169465797,54.6892861542678,554.087925287378
"1663",-7.02400554249152,-57.1135730899241,-449.153978529936
"1664",-9.83064131848766,-60.0158786405495,-367.414360192912
"1665",-5.1399347487602,-10.3329357746588,61.7359361773179
"1666",-1.77131315316467,5.23632577553599,128.68787032233
"1667",-4.88937621005948,-13.6210412039159,-9.63477780216999
"1668",-7.37140912794393,-35.4143636520471,-202.173816401624
"1669",-13.3011230990109,-80.4992388237506,-506.165390783168
"1670",-6.4085521644713,-14.3611374830593,41.9167399529888
"1671",-1.78126767749552,16.8627787305923,230.409414775502
"1672",-6.72373723604301,-34.7748964815364,-197.035492327153
"1673",-3.30479869893509,1.39341459670823,139.776499844309
"1674",-8.87519941595826,-49.0785899804537,-278.880094048265
"1675",-10.3179466588407,-58.6026504652782,-318.540161907256
"1676",-4.27330902499557,-19.64743008306,-63.7576935761263
"1677",-15.6204623389546,-109.655250613127,-730.273015606937
"1678",-2.77177749318605,-7.43750491084029,8.99951851945661
"1679",-3.76389638443334,-13.5925831631935,-25.9455484115733
"1680",-1.45878644863615,6.81150738966471,114.972105542955
"1681",-7.95243760645246,-34.593581434146,-125.332494111886
"1682",-6.63567153783333,-31.9344289948717,-187.303985451485
"1683",-5.6505302912891,-10.1910146458481,60.2108767452628
"1684",-8.30150015916092,-41.8939408898073,-197.357195875289
"1685",0.342578397075727,23.9612479255079,255.304432473098
"1686",-5.56606893070716,-5.90649481527544,100.395453869869
"1687",-11.1281463130291,-74.9606134583346,-524.302904604476
"1688",-7.542229295629,-41.4226809033394,-224.130319191119
"1689",-5.08589928453273,-16.4648765250358,-13.0548343690407
"1690",-16.5762521552206,-99.5865833857388,-591.985150612045
"1691",-6.18655844501313,-22.5152340921495,-14.3719387063647
"1692",4.1699322149035,56.6012564306711,521.110872799207
"1693",-7.85062262415636,-24.4893050501223,-17.0476052893537
"1694",-4.59321298811017,-5.68114192032499,67.577812714253
"1695",-1.69959002060409,5.31076420370709,117.21120927505
"1696",-6.01426632394282,-26.7666568831951,-155.742886739772
"1697",-8.58113682329554,-43.5048816039821,-214.885793940899
"1698",-2.68065169995975,-8.3048966913766,-10.6614992834529
"1699",0.0138658657582482,10.983416743481,141.483504146872
"1700",-1.62806209257189,14.957992967783,217.404967703311
"1701",-0.855291379441724,23.6881358039545,333.491912104717
"1702",-5.6854239146121,-9.94501097225793,93.2022284732702
"1703",-9.42087725335489,-49.4683182235176,-270.140234015116
"1704",-10.8453467322693,-58.2716453147423,-295.014227751415
"1705",-20.4190849067411,-145.201798625324,-1023.44667458323
"1706",-4.17133071830699,-14.4801994371192,-45.6683817766207
"1707",1.51588719728466,43.4152357189928,459.324686453754
"1708",-5.11033316513931,-18.1905127975756,-36.7277942711407
"1709",-5.50597124888452,-20.0431253289826,-34.697648615278
"1710",-0.203807076046928,19.1658880778587,215.376640537082
"1711",-6.59680767391205,-32.4972822058089,-146.827972341986
"1712",0.805537907805842,18.0478451651884,165.243978297733
"1713",0.276006822373347,17.5616157301934,194.973210292388
"1714",-9.01026833441972,-52.2157836996871,-274.263506246669
"1715",-6.86868436280679,-35.5162475344223,-204.208279352079
"1716",-6.36888451096547,-39.2025098527174,-260.302463316291
"1717",-9.2536599034305,-39.0555546924634,-159.073575763608
"1718",-4.55846187875102,-35.2430400452909,-272.383506683251
"1719",-16.520570786102,-120.090312225963,-871.416078796587
"1720",-5.38692683670888,-18.4952711458113,-62.0935750448971
"1721",-3.73675589964091,-7.01599414863995,72.8497502649097
"1722",-8.54117703621762,-44.4736784440233,-262.972390647163
"1723",-5.03315567863547,-11.639866199931,38.2183450502052
"1724",-5.18113831469168,-27.9828426532549,-153.158617659989
"1725",-15.6342860138426,-103.063050563821,-681.349424018996
"1726",-7.87869182133693,-43.7820796798178,-231.494804893344
"1727",-8.47137022940956,-43.7751171826962,-252.821376363523
"1728",-5.26460964075613,-22.7544134151558,-115.967247909241
"1729",-4.58421289206638,-24.4502648615257,-128.262490130905
"1730",2.47364838368173,55.9411117755117,594.970465550301
"1731",-0.66561914207864,18.3352181912592,243.777618806251
"1732",0.0571629446476436,31.9360599127763,368.239841893974
"1733",-5.00118617572207,-23.0726824651151,-94.5210551772288
"1734",-10.636244627755,-63.7940099674934,-417.214691890529
"1735",-8.73843504577644,-46.1235221451625,-284.054566649871
"1736",-7.83818554219215,-28.2858841598909,-70.3162389457702
"1737",-17.7972754640519,-113.258079258453,-736.847717124436
"1738",-9.7687624942422,-69.6634231846106,-480.068370179109
"1739",-4.86336471813229,6.09460997105634,239.695142848284
"1740",-1.99629354429555,2.95533578656705,139.211169323722
"1741",-7.85142698333198,-34.030691805031,-138.736748506857
"1742",-9.62115297352523,-46.3608156503005,-191.963978205458
"1743",-15.02014216637,-101.672210829918,-672.410686167743
"1744",-3.07751961702331,-5.03460499663288,36.1060534615153
"1745",-5.91302468971344,-12.3917529545338,60.7940393809004
"1746",-12.3342992626443,-76.9580411242518,-497.765747192727
"1747",-7.91767401367747,-39.0558174769612,-229.823311689075
"1748",-4.76222368091362,-17.9867480663693,-53.2952973279516
"1749",-1.18969700771572,15.6362550457634,241.538590077285
"1750",-9.06794892525613,-53.6428418544265,-315.474287807443
"1751",0.0883354478967249,32.9981994304499,370.552777774741
"1752",-5.68398957528279,-23.9455919377342,-90.6397496534573
"1753",-3.54931466703977,-29.047308039037,-202.95456926555
"1754",5.57038145792501,67.529579747415,646.411873840327
"1755",-11.8955608838602,-64.5178739642461,-352.64062159055
"1756",6.71490454729474,90.235614194452,795.339931093658
"1757",-9.99672834942839,-55.602997775964,-339.274223281651
"1758",-6.29805504456488,-23.5408055920811,-39.8570366911463
"1759",-9.3813811523645,-69.7301093762308,-510.439097202443
"1760",-6.53231571305537,-16.5296243260846,37.6032516445939
"1761",-3.60079793429668,1.55246656958616,125.564014759802
"1762",-2.68720349032571,11.8840368654992,256.28654287945
"1763",-4.66117611585298,-18.0405997927328,-36.5180984732633
"1764",-2.91438236671581,10.9476896743795,226.853752363017
"1765",-9.70428519856455,-33.7212028998842,-52.5716614675966
"1766",-2.81979134966741,9.80748545199731,189.672446195074
"1767",-13.2543365003232,-80.2732822655389,-485.710157877531
"1768",0.477993268444948,26.3478039035322,314.82858580115
"1769",-10.5851356501573,-72.5975141145414,-469.897749503192
"1770",-4.31777061400373,-14.1006904881629,8.24411690017951
"1771",4.09373078902877,60.8302896230853,572.886517039198
"1772",-3.52621197213614,12.0689372581292,324.904168020321
"1773",7.84909773281538,80.4188005183823,677.024739680921
"1774",-3.68415591482687,0.719002621748132,138.351995319215
"1775",-4.95153390482176,-26.92034940452,-181.230967052647
"1776",-13.5379818685835,-103.894265637846,-758.252846944111
"1777",2.38847364628077,44.4944404240291,430.750217411562
"1778",-10.3155173133604,-69.6915281154193,-469.346666244281
"1779",-2.91501670171726,-0.428244895629177,105.267807253338
"1780",-7.02040490869854,-34.2000495209163,-142.622391083905
"1781",-4.04228778304991,-2.90537582492243,117.092283816051
"1782",2.79918667082973,30.6728848582184,260.882238058091
"1783",-9.07080729197116,-42.3183170876073,-225.343307328307
"1784",-10.5124361167292,-59.7131302885432,-310.179998015918
"1785",2.61795458292499,48.9011797079897,504.411039742561
"1786",-10.8686937292285,-73.5016639004721,-478.616743190532
"1787",-4.02630501842964,-9.40823195751773,36.6836187988411
"1788",-3.29788099461132,-0.891023865785428,82.7198629754348
"1789",-6.98107030550557,-48.7866271712992,-325.656832641002
"1790",-4.1070131390652,-15.3388331916217,-77.9801872921125
"1791",-12.8942461135575,-89.3634477355808,-563.370390217544
"1792",-5.42781819742106,-27.3353786746075,-109.79571874461
"1793",-4.32544483844151,-0.92012285868168,138.536087112605
"1794",-2.51825221866386,4.7275606620301,149.165903058381
"1795",-5.52139218404477,-11.9377047075459,72.711033366817
"1796",1.8955524154369,31.2345644195057,301.312599120891
"1797",-5.86459532072001,-28.7382096962187,-134.69346628689
"1798",1.11969566836206,35.0839126264464,372.12435438162
"1799",-6.86508113018851,-43.4635397093184,-266.210323188197
"1800",-2.87190185982104,10.1341925350384,211.529619730105
"1801",-15.7002217762434,-102.187561729658,-652.232018693814
"1802",-6.90006881609088,-34.4535950191398,-179.310934140909
"1803",3.22286165282731,63.5455404142717,652.138027486853
"1804",2.26053621948779,54.2032089493441,581.867547356385
"1805",-2.00783130119214,9.91206452244433,167.091580145252
"1806",-8.86528166470669,-55.3693265956804,-351.075499764585
"1807",-2.00123162694194,-1.22889935392323,15.5733052331743
"1808",-10.4768345155522,-55.040735187325,-286.936953563527
"1809",-4.45104778033942,-1.36743665730955,146.658431579521
"1810",-10.829506806868,-65.1127327415129,-399.339146038827
"1811",-3.95328704095789,4.80693269315998,217.951392861391
"1812",-12.4458857885431,-65.6211894808807,-336.01608307873
"1813",-3.95126611354453,0.340917848752724,121.637861638335
"1814",-9.05008609157903,-45.8559710259046,-221.723666311575
"1815",-12.5976124253394,-74.2379261907631,-424.326765151091
"1816",-11.3274341164974,-59.5130186469078,-292.330417129271
"1817",5.5882137672246,66.9775068759241,579.42066005581
"1818",-2.9886457256431,-0.0296131943146065,125.771726938372
"1819",-6.32908537749734,-25.6921610451286,-63.060587176109
"1820",-2.51685949046669,6.47424488099477,199.097620534263
"1821",-13.8395353917823,-84.7155552557101,-512.415778953986
"1822",-10.5138381942469,-22.1018940967701,129.647421260543
"1823",-6.19321535607287,-31.6699466580408,-180.184380958113
"1824",-2.88496714950543,-3.93355224026482,38.9609670610025
"1825",-3.01760757715431,7.44004244305233,183.38340034911
"1826",-7.62219347519544,-40.2035005570801,-190.118892984432
"1827",-12.5181670969248,-84.1379111241467,-561.34020791261
"1828",0.150996421444802,22.9824049692129,256.520914183262
"1829",-12.2531415793042,-86.8920275442561,-593.228499392328
"1830",-4.21400392984708,-15.8157083045471,-26.8705287269368
"1831",-2.49061465343709,6.31577310092825,151.415175170237
"1832",-4.70874768511362,-11.7770866231003,21.6790248314501
"1833",-6.65498113654087,9.17270859498694,341.766973460393
"1834",-3.26328044009927,-9.38769364659447,-15.2183509325896
"1835",-12.5303352757289,-80.761243714589,-528.990574314752
"1836",-0.112853084828885,18.419443390223,247.030141982588
"1837",-3.52700208566534,-14.3562523970891,-50.7711178173358
"1838",-1.93104959290076,-5.18572386799133,-26.6927117686118
"1839",-9.84699583103009,-59.6155762013282,-359.435606748575
"1840",-8.12605552337948,-44.958305001529,-195.788604564848
"1841",-9.5440547491138,-55.138478733847,-349.209380045148
"1842",7.71481094109367,92.7096894281681,847.771797565703
"1843",-14.5867110796211,-92.4262521411765,-588.989477462657
"1844",1.25527549970548,26.4754014377877,275.760760244475
"1845",-5.17415074350913,-13.3972470417193,40.9997124192432
"1846",-8.44248646653818,-55.8145881151818,-350.917025529101
"1847",-9.04847848365989,-51.5545894202314,-285.2136773209
"1848",0.537304864630983,37.0485681738278,406.437135050535
"1849",5.67216937449041,70.8503416084673,629.810815671834
"1850",-5.95892096766352,-33.6789896139207,-219.689754812223
"1851",-3.17714465184588,-1.60506040251903,85.0622424491248
"1852",-7.02021734893424,-34.8734225756525,-191.733645577957
"1853",-10.4737153654199,-57.9225964550697,-321.359394112882
"1854",-1.21657737272437,19.9281389296243,263.546733404288
"1855",-5.20203463681867,-23.255744754701,-126.675486766197
"1856",-6.88215442626642,-26.2909310548607,-41.7919563624819
"1857",-2.57742317439636,4.93160925309121,121.480502676603
"1858",-3.18357064340307,-1.73250509943819,75.1667684040767
"1859",-7.95225822948146,-36.5970689313353,-127.615558479392
"1860",-1.84509171550621,9.99282124740694,201.193520878702
"1861",-4.0718333220575,-14.7889839981281,-34.2833613323219
"1862",0.909416078668983,42.1242381104271,457.90654795392
"1863",-3.08476955833817,18.2360864940915,343.538062159361
"1864",-1.2059704981707,22.7982954972108,343.330105578661
"1865",-0.900912299826473,6.04016505649315,82.8059420889258
"1866",-16.8323984400237,-108.22290737438,-709.574384822312
"1867",-3.24855547605091,-12.7196675098944,-48.9027224235506
"1868",-11.7747477304436,-71.8640944537642,-452.353035448383
"1869",-5.90958056666898,-29.5560385370868,-140.669067426868
"1870",1.49333386784224,38.8233782328862,432.669538819042
"1871",-8.68890991140688,-39.5752141869389,-183.377681415659
"1872",-1.98682963104125,15.8064249693748,298.939161066388
"1873",-1.76823130975424,-7.60490690413417,-58.3756609625198
"1874",-9.0175214602225,-52.4641601064118,-259.699144957362
"1875",-11.5164943868369,-62.7540122593255,-356.973138266263
"1876",-9.54430879101608,-56.6190492504074,-338.761880962644
"1877",-12.1471952360338,-79.2324625580536,-531.104569746327
"1878",-3.81087574327796,-7.4713929409827,48.6575399550293
"1879",-0.428277701956631,21.1862011532503,276.316454610314
"1880",-4.78501399824904,-17.3547597116963,-18.0272575947238
"1881",-0.211129517088807,46.597619595238,547.119786837127
"1882",-10.1777472068839,-71.1766537367002,-468.756802648002
"1883",-13.4489227929568,-89.8114484245675,-606.274998562734
"1884",-3.858120897194,-3.75536777323441,99.8496976393562
"1885",-14.397465326502,-90.3139367466943,-598.7235997728
"1886",-6.94269927981577,-35.4368714165657,-187.944934504336
"1887",-1.19111967342678,23.2701820752882,342.103081207415
"1888",-9.52618726847129,-53.7467022540941,-301.900574755324
"1889",-12.0911222879191,-63.7959644060193,-358.117877997107
"1890",0.369821766965515,26.3957939037482,325.721015150599
"1891",-4.84677737825007,-24.5134668455185,-142.229447853664
"1892",-15.5761711601622,-91.7230408279843,-565.872006690872
"1893",-3.28256492323806,1.66325718215421,111.476247642731
"1894",-3.26386163441123,8.35755456937432,250.877969048512
"1895",-3.99409116443985,-14.9860859947667,-59.5251283345933
"1896",-7.55934777634297,-37.7369118767265,-181.199099033538
"1897",-6.76704735329429,-36.0636968511612,-204.105945093455
"1898",1.01048501030527,40.0908420383198,442.097891604397
"1899",-7.05824131812039,-35.5714972916085,-191.042947523667
"1900",-3.84256649972747,-14.2168992065608,-32.1518802750597
"1901",-2.18358771388841,-3.6559149981008,40.7116342364279
"1902",-13.2282241453081,-69.1554018050097,-349.043284637408
"1903",-2.23455998338295,11.256094900858,206.328084284462
"1904",-5.56072508637521,-16.8893463128838,-46.3128082909607
"1905",-12.1348705374074,-72.5075914296403,-432.764847776878
"1906",-16.0047625572039,-84.5221263190419,-434.92932334927
"1907",-13.5936282903601,-78.1804621595807,-487.362575073776
"1908",-10.814797637278,-30.4466011968188,51.0414197163791
"1909",-11.5980955951509,-76.4040191121253,-505.558676915283
"1910",-14.8468689453894,-108.922976315407,-780.126530935098
"1911",-5.57175918926373,-25.5511201604982,-88.2538356761397
"1912",-13.4084969252563,-86.1878295181623,-540.362194231928
"1913",-8.76747849069557,-60.44096157278,-428.758198873742
"1914",-12.077068475643,-65.1959545240898,-345.251873301973
"1915",-8.08490214819301,-38.7070163692078,-195.787289195167
"1916",-10.0295738670316,-62.6232841711421,-406.35850447289
"1917",-6.79951713858577,-34.395312007056,-211.943247654586
"1918",-3.62697854941746,-16.0517631117727,-67.8250553432827
"1919",3.60394351062314,63.6957003294929,600.434385481447
"1920",-5.31778621799856,-16.1193561851542,-11.8528839702194
"1921",-3.20761835292456,4.2842114113223,170.810887222277
"1922",-5.28296298754776,-20.9382982829643,-33.3392130609554
"1923",-11.2847797404755,-82.7713979972846,-577.613927671337
"1924",-13.6142311640448,-73.6420398767955,-384.31107188802
"1925",-2.77481716468094,-7.5662247838859,29.9089291855489
"1926",-8.08378089093037,-38.4032285620792,-167.418223774193
"1927",-1.55767521150699,-1.84713008590325,43.9689888205539
"1928",5.77071814462636,81.3639095871213,781.613679843918
"1929",-9.57359475314979,-59.8861574568664,-413.270565088327
"1930",-15.4561997593589,-89.7521239681655,-538.623766869719
"1931",-5.03074341946569,-7.25342173595209,109.967029056248
"1932",-4.62338005596587,-16.4664454923677,-16.2119746618664
"1933",-9.33885652639924,-54.6796694617879,-343.285126985213
"1934",-10.4894237095411,-63.8938539571791,-411.152166913476
"1935",-4.80736296062366,-27.093387252793,-159.979814668803
"1936",-12.5881753804518,-73.566606478149,-451.868788222037
"1937",-5.55755863280024,-20.2533364708356,-20.890727262753
"1938",-7.59479460901389,-27.5587513904852,-78.3376363878997
"1939",-11.1168784371154,-70.8563965781182,-453.792564762103
"1940",-11.043739468765,-63.5882518884746,-383.187715682601
"1941",-13.6839162923535,-87.7371075058695,-537.324143651284
"1942",-0.236814977569907,17.8784382687431,225.210286080846
"1943",-19.5358576949563,-128.131248071829,-814.708849625329
"1944",-11.7017851576795,-54.3450236905132,-233.879011297524
"1945",-1.65331193443387,8.32238496495984,158.382830655364
"1946",-10.4622636163067,-56.7780356990429,-313.35819239145
"1947",-11.0500863602111,-75.170228978865,-507.975062790467
"1948",-12.4694932343129,-68.2549771689469,-410.804949124011
"1949",-10.2900551601219,-72.0515849469357,-507.437119040555
"1950",-10.9704616731216,-73.9628121831479,-499.286456528551
"1951",-0.345223337357538,29.1957546950375,355.249623840256
"1952",-12.8626458707719,-71.5037979976414,-442.500895614221
"1953",-15.8841284295537,-89.2212918622781,-487.905681988459
"1954",-5.23126261248296,-31.8625274867172,-206.220942267719
"1955",-5.47141181583208,-24.0954728886295,-64.6620764201925
"1956",-2.44296098015411,4.79193782239918,123.985351495849
"1957",-10.5081673264594,-58.7074466189974,-310.400097537686
"1958",-10.8597521887406,-60.7520727979627,-312.917916037954
"1959",-6.19063746318966,-37.0958016969466,-224.191103472238
"1960",-11.4099199200745,-51.4147521321711,-211.841142619716
"1961",-3.07625944210065,0.622001198075395,114.05804729452
"1962",-5.83403545494662,-19.5400188497001,-44.0760208614938
"1963",-7.91549428956171,-44.7400302099063,-276.530219709673
"1964",-3.62790374805286,3.97727134166371,175.971940870357
"1965",-3.48726767838855,5.50237156860521,181.095452084217
"1966",-2.81609489694699,-11.6623940453965,-53.5800747377507
"1967",-4.30453961155752,-6.47929223411847,40.5905287952301
"1968",1.17640610678632,17.2148891275165,152.288680067595
"1969",-11.4819591540706,-71.1631771288071,-469.415851779791
"1970",-11.5515623248083,-82.485478769072,-569.271440173681
"1971",-0.0565318095792691,45.0500902604035,555.664812798754
"1972",-7.43826282622308,-43.998119813029,-263.275946907686
"1973",-3.57618170096669,-1.09158818153082,135.018026834894
"1974",-6.52938589274004,-35.3594504507141,-199.861619456102
"1975",0.435650069805433,32.8733246463084,359.502230118349
"1976",-6.66269498152542,-26.2675044688872,-74.4249682845439
"1977",-0.484329897148086,8.27153731793942,104.138062352054
"1978",-2.21758872728742,16.0980982491228,293.08801151899
"1979",-6.56299590515141,-26.9350111813105,-109.851324928075
"1980",-4.90010751246427,-14.6180907782336,-12.5813504887101
"1981",-6.03899218726826,-25.7528522879693,-64.3441410533887
"1982",-1.22879545911724,1.03718050489033,18.4757183974871
"1983",-1.36286009854541,15.3101692885111,244.064816210741
"1984",-2.63409170553143,10.0061126803726,212.890968877713
"1985",-0.910120443895266,5.42853319798269,104.778198720618
"1986",6.56502567125892,68.4905368628429,598.589092795111
"1987",-3.02848149542683,-0.1276145075567,94.3371796241208
"1988",0.23000185905471,26.0193502055781,287.420713380969
"1989",-2.22351103742517,-5.62494159573407,38.8835227218824
"1990",0.908141248231914,38.5202123260137,426.947292901019
"1991",-11.2055619760149,-80.987379395458,-581.281976766428
"1992",-7.98288209462874,-53.2709359093456,-340.968991718875
"1993",-2.34206908414785,1.29144779106855,60.8109110736204
"1994",-10.1789899235221,-67.1865438961718,-457.614050353814
"1995",-6.36518445277875,-22.1307030189382,-33.9044731914728
"1996",-1.60311461611161,-2.39662690417072,16.6788436009701
"1997",-9.22496508474512,-52.629751955853,-304.180580001836
"1998",-3.70037661713036,1.51344791250085,132.943756584345
"1999",-4.48798408914308,-28.1184582468577,-195.514746024244
"2000",-8.32763170281953,-40.0143517764313,-186.839055178922
