"","G1","G2","G3"
"1",-0.390412160903509,-0.545537857673366,2.1234484119459
"2",-3.08515140166901,-8.14781244706649,-23.3595421698196
"3",-1.38256683152468,-4.04235558465757,-16.6128362130246
"4",0.0195877287683857,4.05295084138538,25.1760456971433
"5",-1.18506581673773,-1.76538930197648,-4.74498320685802
"6",-0.714670966497238,2.36748333999685,16.8682226787432
"7",-0.217484166834424,2.54200786277386,15.2730089753265
"8",-2.07984803175702,-5.65905611224969,-12.8955081263696
"9",-0.666206761912349,1.3050165229813,11.3353701877516
"10",-2.59238889121025,-5.52076861784712,-13.4616799130536
"11",-4.50568146215755,-13.8722624693198,-46.3923277123388
"12",-2.37751473557239,-6.04492795278929,-15.5859406349261
"13",-1.97336398723451,-3.04989977541277,1.60956740452593
"14",-4.1223548950436,-13.4079609564534,-45.4919283621327
"15",-3.1436900850461,-10.2009872492335,-34.2264219450917
"16",1.01700986798949,7.3588539675543,36.6416625635968
"17",-2.90991181278633,-8.32649073293237,-28.6188469093695
"18",-0.579524873306013,0.22541031536673,7.78326296895762
"19",0.833089635522128,3.70993814013457,12.2547368084324
"20",-0.548339687233749,4.14254925746468,27.6161495918302
"21",-4.67947630826694,-16.2145665043234,-55.3891222719178
"22",-4.25491889453247,-14.0140185041765,-44.7613770672333
"23",0.20573673027468,6.39343428897348,38.9740865443289
"24",-2.10665909941218,-5.13132627266145,-13.4795485178297
"25",-2.63653334250239,-5.93186458369905,-12.8723489142421
"26",-3.08885055910002,-6.78107906747266,-18.4481039122209
"27",-1.34383909332024,0.772584815525533,17.5509882222982
"28",-3.41979097151534,-9.5635280232043,-28.8114679062942
"29",-2.2102676670678,-1.72214396563174,12.8177423035529
"30",-2.44455677080106,-5.78516132829054,-14.4804475091148
"31",-1.53143297990988,-2.71843131433832,-1.43392407721035
"32",-4.52444725910919,-14.4873357077596,-42.6373436880035
"33",-1.07720517577502,-2.33899142569578,-6.87217386471002
"34",0.675271773638144,4.40130843613611,18.4434994856476
"35",-3.81514614849414,-13.6547371259563,-44.8036384358454
"36",-2.3094765256173,-3.72648886137108,-3.84868667105388
"37",-4.37609447747377,-16.2761278231466,-59.1625961438713
"38",1.65668076851358,9.08616812063667,39.0970486904112
"39",0.214911612989795,2.94642044529223,20.2447521588972
"40",-1.30073385257117,-0.647907120806849,8.42813402392994
"41",-3.57232965591885,-12.3029772990767,-43.1629815890101
"42",-1.90534419690692,-5.10487410451958,-12.3755274736855
"43",-1.8289080187896,-3.91716397037624,-11.4986736183653
"44",0.159354767469836,6.40247277094647,35.4626074596911
"45",-4.38509610044565,-10.8206631304523,-24.5396034921321
"46",-1.20432614011759,-5.85068956246937,-26.1510197135547
"47",-5.74183984674266,-19.3806098933671,-66.7297496777987
"48",-2.12259875621328,-6.84712905830042,-23.842356435857
"49",-1.77495654191461,-0.478679575984643,11.2873139728449
"50",-1.38441326225933,-1.05920402316633,6.49722029458849
"51",-2.31813682761589,-5.2726789100833,-15.2384949396408
"52",0.279200697938847,2.15640706173224,8.0754553616498
"53",0.284151809371679,6.32703679444739,33.0443779729956
"54",-0.924680128201146,0.4022342415509,8.63069906583132
"55",-2.56291248555658,-14.1432976938293,-60.3749191672712
"56",1.3363014646892,7.88040449826201,34.3178665294595
"57",2.34856059702634,13.1269238922092,54.1696919304998
"58",-3.4308700470761,-9.33999171743812,-25.8667425396836
"59",-0.85609182971524,0.19350090756177,5.94806829325285
"60",-4.77792264704527,-18.4023077949648,-71.3636391371767
"61",-0.370413237302159,3.77286195377314,25.0979970079206
"62",-1.40575080388402,-1.92729240296921,4.73610156291534
"63",-3.01084420432625,-8.86578906291277,-21.9112248529643
"64",-2.17745934243317,-2.13777225969216,5.10381591217083
"65",-1.44936528621383,0.549868893949565,14.1769533230415
"66",-0.0141896930335292,2.7520177943137,16.5500836961476
"67",-1.05150823980756,0.907717056934644,11.7105708227687
"68",-4.46006767045992,-14.3696965805459,-46.4862919758896
"69",-4.24972718311045,-12.2930118700712,-36.5992518985727
"70",0.453261003892237,1.25119871447271,2.7622231265525
"71",-1.38461826454062,-0.288349122032514,13.2876090628017
"72",-1.91762068909009,-3.16292150635741,-2.70625465177977
"73",-4.28870998479812,-11.5696224097697,-28.2124608094105
"74",-1.58045686982302,-0.851631829594794,6.93858375857485
"75",-0.667421876993672,5.44452123240694,41.9156184688206
"76",-3.28976852042473,-9.48328036254247,-26.6605915318748
"77",-3.45997663194112,-10.7863201823988,-32.3186463689676
"78",-2.26217562309586,-3.16812623596377,-0.158253784689805
"79",0.1826302908363,4.96750745146392,26.2669386925306
"80",-0.0540396849319791,5.65734459932685,38.9958520871726
"81",0.765530615766579,9.76475147123688,53.4757754716768
"82",0.477110683006401,3.98857830682789,17.3353406089366
"83",-1.92223895342431,-0.307800720145337,16.1786360241101
"84",-1.99506542902168,-4.87258247064426,-11.4147384170271
"85",-3.36370714808942,-8.13682856115634,-18.5658195037925
"86",-0.218776218923551,4.51952645890219,25.2860911753075
"87",0.44305569193358,8.36043214324991,41.6610460282152
"88",-5.84854244711335,-16.4732349004217,-41.4267814015916
"89",-4.61145669665501,-14.9068902625394,-52.1718974105891
"90",-4.47299959685927,-11.1897500895744,-25.3447366549963
"91",-2.92637246504995,-5.26819519951982,-6.34021195462378
"92",-3.65149757376355,-9.3486636307988,-28.3876451152539
"93",-5.73490116804828,-15.4096858425382,-44.164237579957
"94",1.55808552178377,10.8952028802693,46.1017772167831
"95",-3.5634922057036,-10.6154607577403,-30.8490748943641
"96",-1.75779539267586,-4.1027259196394,-12.0765802203489
"97",-10.24924203396,-35.4049630007656,-122.30272949927
"98",-2.11233292393416,-5.49667439971495,-20.4271057249023
"99",0.927406201691838,5.42028273246717,22.9709526752574
"100",-3.62642621920236,-10.5256468666066,-33.6378145367221
"101",-1.99517227483091,-4.88958307815858,-15.3662236766986
"102",-3.84842747875467,-9.30351163115677,-22.9680232946141
"103",-2.02550442827442,-5.82363445071667,-20.1543405881796
"104",-4.34895895957959,-13.5272624338921,-42.8778880152743
"105",-0.151719798771239,-2.48003694932288,-15.5503427373837
"106",-1.91647065641075,1.37912207718068,26.8929273277456
"107",-1.03822901473916,-0.468298851507825,-0.341124845256672
"108",-3.24330500877977,-11.0518416104833,-37.8843750309213
"109",-5.7121576848707,-18.7418699037639,-62.1254730892456
"110",-3.5796519503063,-6.26463867820348,-3.79208491879763
"111",-3.1764365969363,-5.76504070069586,-11.1811923894086
"112",-1.02143529593729,-0.798951200357465,4.72636440834026
"113",-2.51271699218512,-6.6533898380618,-19.7052327521822
"114",-3.14600373444483,-8.45764382484958,-28.1912203550594
"115",-4.87894372671792,-18.8866962287054,-73.5028069435355
"116",-1.15242409802215,-1.89585564453103,-2.98895760514483
"117",-4.31682090566318,-14.6543466943541,-47.318308875082
"118",-2.87245716992561,-7.60277516313113,-20.5355285962746
"119",-1.22083363672209,-3.22393171908618,-5.64062390843446
"120",-2.16170369061047,-4.6841070680764,-13.5267158232298
"121",-1.30180042803215,-3.52850736544747,-8.68278236672995
"122",-2.43023780088714,-0.675768155481251,15.4020655428183
"123",-1.46819458689401,-3.13039334702603,-8.63414527920622
"124",-1.33347653826388,-1.9354037927352,2.07790144246405
"125",-2.47323130671612,-10.1041784841477,-38.5651528645062
"126",-2.07239428635131,-3.69894017504441,-1.28950903703162
"127",0.0738651120353779,7.69236139169664,45.6114211284082
"128",-1.88591902169145,-1.84699812725466,5.80884383865896
"129",-4.78149146357032,-17.2378968000104,-60.8571156275937
"130",-1.55300073898968,-4.20173221158632,-11.5385921625927
"131",-4.83934099443599,-14.3611347124807,-42.2822246185362
"132",-0.0113753990147529,1.6828266294043,10.0901405303853
"133",-4.98365166387447,-18.1173522990697,-64.4145107967227
"134",-2.83774273358711,-7.54243542436916,-19.419049943047
"135",-2.68143393476271,-7.26671879120215,-22.2171905450925
"136",-5.68289329808488,-17.0951434573317,-54.6956155215846
"137",0.595902167398265,5.80534588564603,29.0994884359911
"138",-5.36057156647496,-17.1644604181903,-50.7524188281836
"139",-1.84952853833903,-3.96987181914699,-6.9902317331107
"140",-2.64235153521429,-5.29750006574091,-8.33425208396716
"141",-1.75890242045324,0.207721803855748,18.5371883367095
"142",-1.72267992731707,-4.3942211966754,-14.642991763315
"143",-4.64758247206169,-18.2342791485024,-65.751485458251
"144",-5.25171490490203,-16.5504413695166,-53.4618001657552
"145",-2.08192845094965,-1.72872204164628,1.39121520298954
"146",-0.3686064643897,2.53904922585753,16.2936967834246
"147",-4.47760567542934,-13.775287226423,-39.6710204229876
"148",-3.89622057903352,-4.63710986021215,8.42621585681945
"149",-2.18649592026924,-5.75072739443033,-18.1074498768423
"150",-2.59673964963162,-10.347494743367,-43.2466413081256
"151",-3.98202813791653,-13.6601761125337,-43.7736791944963
"152",-2.93894097472264,-8.63278367280714,-32.9859661752771
"153",0.0390416111040963,1.29169819565846,4.62999706703658
"154",-2.92142786036857,-8.73435842036383,-24.7873326435608
"155",1.80512406641571,11.7023506344196,54.4523324781019
"156",-3.6586948075971,-11.5736255481804,-39.9861399652018
"157",-0.579843614565277,2.12642796862042,12.6947303203813
"158",-1.48018665359979,-2.33897884633586,-1.54990193965295
"159",-5.18341031866493,-17.5681348774204,-61.7816843791306
"160",-4.50989127180821,-14.3474792625383,-46.4760490733797
"161",-0.717687147010452,0.630325572698098,6.43688306894683
"162",1.07724963345197,8.99461646880025,42.7115989730753
"163",-3.45573019322183,-6.86680347140805,-3.89478663292107
"164",-2.34957512800128,-2.53509634028103,2.66002590788844
"165",-3.02285125874107,-7.04659058760285,-12.0665018600132
"166",2.34460967320422,17.6897961792232,84.5863565071811
"167",1.76428020254843,10.8240294068368,48.823527295039
"168",-0.937717415518932,0.112487383787197,3.55397969881642
"169",-0.439931894479969,3.58013279896545,20.7606191907037
"170",0.259574687097938,4.07244615290233,19.6608859527832
"171",-0.773464639354358,2.15536161988439,17.726964771811
"172",-0.523596361468378,-2.37170129783613,-11.46271949571
"173",-4.61944459358091,-13.3685842180545,-40.7629756658619
"174",-0.631277210572023,-3.38986388818967,-14.69509507776
"175",-3.93874539811571,-12.0991576793856,-36.6467140478258
"176",-1.60889596531524,-2.92593446561432,-2.21280765462529
"177",-5.34080795307642,-18.8619560350816,-63.8859786190822
"178",0.71482254161009,8.36562460693131,44.3327926351087
"179",-3.78146437934089,-10.7388229925374,-32.3291207888822
"180",1.13685763144667,7.82501436290181,33.3959047712929
"181",-3.69600772632003,-10.7177678542502,-32.9277999670153
"182",-3.44535488363255,-7.35066501568645,-12.6025039078127
"183",-1.06145211510642,-0.453404716226373,3.00196462954773
"184",-3.55012703793886,-10.3872249720665,-30.9730325180637
"185",-0.622868595424904,2.63282512496914,19.9722971616325
"186",-3.63212196614586,-12.2061650073833,-42.425736099251
"187",1.74062394794009,13.8844146714233,67.5015937137712
"188",-2.96231044563405,-6.47845132484531,-7.64441466344306
"189",-0.816555111441687,0.161660902063318,8.43292676533451
"190",-2.23907678577694,-5.20682684291796,-10.8155803111829
"191",-5.44660103614439,-17.589293813896,-59.0754305194866
"192",-1.49211509932206,-4.73646973384382,-20.4298056013224
"193",-1.95180851332123,-3.32235385417903,-1.97682611393066
"194",0.717089572277757,7.84201511170443,38.5420754271054
"195",-3.49725741319173,-11.3229177562163,-37.5532051639927
"196",-1.26558539694838,-1.92412647158108,1.01518609747041
"197",-2.77844928607055,-8.63089738704139,-27.4470770973542
"198",-3.44760926551498,-12.0045647995478,-42.2978765504465
"199",-0.10210575403795,3.21016063911247,19.7934192521075
"200",-1.79276117991827,-5.15387514253837,-14.7748108875737
"201",-5.11959566923605,-16.4862544865025,-54.9149864006527
"202",-4.53996095677115,-11.9037638439106,-32.1096110392707
"203",-2.65946614813538,-9.0107485086412,-28.4341822727579
"204",-3.23486984279873,-8.39544280303221,-24.1282161622089
"205",-2.98237433066788,-8.31084941252436,-18.6134068761828
"206",-1.42531346281521,-0.0409603087116466,9.63459948345235
"207",-0.499100428629049,1.79794502972027,14.8662230206014
"208",0.234356108094062,2.55371814156285,12.3698060982385
"209",-1.22292020575168,-0.167001710345971,9.72702063914721
"210",-6.03333998993423,-18.3830906168528,-55.9818154146583
"211",-4.38821921335403,-12.8406727423547,-34.674263454355
"212",3.69916175947264,20.6453580939602,93.952225437092
"213",2.45060815302008,13.0478692686416,56.5807104703165
"214",-3.24593655803204,-9.24723482459183,-27.2418394656358
"215",-1.99006292885127,-3.53954688642261,-4.37738648677509
"216",-0.587964324149937,2.17157149405955,15.3650933232493
"217",-9.092424821208,-34.2431398084948,-120.331922498555
"218",-2.40854910777256,-8.80415948974064,-32.399114112475
"219",2.86901256923323,13.3768842501227,51.4712068811398
"220",-0.178005044121733,3.94026960379119,25.4450655177493
"221",-3.67977638763722,-11.4160941374373,-35.5405806167369
"222",-0.986444133922589,2.7697112667953,26.5588500988658
"223",-1.82214917073952,-7.22592535178774,-30.3069057585014
"224",-0.358006137971529,2.55837175502108,18.2845362239666
"225",-1.64461627062423,0.724031067149781,20.0342105430814
"226",-1.79881995090847,-1.66328313392489,2.73580077312749
"227",-3.9418060942271,-12.2307751242195,-40.267078313922
"228",-2.10589998479094,-5.37960920557543,-16.6525565885913
"229",-3.72478336317329,-13.3557349872306,-43.1100960956351
"230",-0.621761257169283,1.59997019727359,11.8224783102839
"231",-0.573466709870331,4.43432819424265,30.6111336121694
"232",-5.33220011070478,-21.1889966593329,-80.0482202255901
"233",0.731050611388355,9.25738662440017,46.0001327933112
"234",-1.45689611814896,-3.01176957030748,-6.24483660049123
"235",-0.292664439168448,5.05176909906652,33.7512418400238
"236",2.64824079196933,14.860622602247,67.1523823046816
"237",-5.02379095152895,-17.2046217190051,-56.2544118918297
"238",-2.94262672366983,-8.47312282005691,-21.1123317817207
"239",-3.42014358268926,-9.88323708591031,-30.5675552846828
"240",-6.14466078290815,-19.606516450768,-60.9667003865579
"241",-4.25095850772169,-15.6917464318265,-52.4412594978414
"242",2.81585755891695,15.3892104946755,65.828570647285
"243",-5.46446522605248,-20.2749585467237,-74.2585960732315
"244",-1.7153185184585,-6.03093255242584,-20.8320733542141
"245",-0.999249696643062,-3.29008715920816,-10.7755443835115
"246",-2.37448867983284,-3.96990764929069,-1.42338128901292
"247",-2.29597070010709,-2.00394969110994,6.27586320782643
"248",-2.19751155314935,-1.81542699112049,10.0646578694352
"249",-2.28046432059955,-3.38172197817278,-3.30666027727807
"250",-1.50272453843434,-7.47487254038674,-30.8515978838227
"251",1.71819126101411,10.7714633061531,53.4652166121816
"252",-5.28916130093597,-18.8454638893204,-62.7685213577374
"253",0.931226529605397,9.92175609056699,52.7995909500939
"254",-0.589818859039724,0.085205979715397,3.73643651677935
"255",0.213955334754246,2.16233937691038,9.11279752965697
"256",1.0882315825005,11.1815349004723,56.3991708525311
"257",-0.974665360600511,-1.5451656941741,-0.525470827903291
"258",-4.43133901258608,-13.9048362734165,-42.2157843862428
"259",-1.43726164209778,-4.11445670733019,-13.5157764121466
"260",-2.07276035682037,-0.359231429104511,15.3181773125252
"261",-1.13361161054581,0.913803625490914,17.4853933831541
"262",-2.78335554454327,-9.02750619899359,-30.7963095479724
"263",-2.15442878486778,-4.65268459524395,-14.1728675121622
"264",-1.46567915004101,-1.71249072753949,-0.70757003462495
"265",-3.55627534062154,-11.026986378433,-38.9291175714375
"266",1.24542777025619,9.44517603131737,43.5940227569383
"267",-3.69372058958703,-10.3656059750107,-29.5225348380227
"268",-0.846230106940538,1.4431583766102,15.501102160523
"269",-2.30132628184424,-5.16333052978518,-10.5334232697601
"270",-1.90115389765856,-0.0214533600296818,12.4038677803128
"271",0.861419471385432,7.6411007341402,38.5869717695359
"272",-6.27818371484989,-22.7500988249412,-80.6743379793595
"273",-2.08454548061661,-0.458840109319567,14.8807041698687
"274",-3.32586972256183,-7.89633377484176,-20.3888889582502
"275",-4.73288759762568,-13.0161608344027,-34.964492926842
"276",-1.85480121456396,-5.77492934673421,-19.9920300165743
"277",-3.4666121732144,-8.82578492771324,-26.8124270173689
"278",1.0752841929023,8.54768499323211,40.1472270022157
"279",-4.16604423185316,-11.0110116933425,-28.8745293326563
"280",-3.64984460969691,-11.9184428966877,-39.75301190507
"281",0.639888980717387,6.2917985711365,33.3643543854919
"282",-4.98327200938644,-18.4690496984099,-68.2192320092079
"283",-4.87670251931428,-14.1666139319556,-40.954047138621
"284",-1.87091471998662,-3.09245697775646,-1.89898326342723
"285",-2.34952001312445,-6.80553490876571,-17.4371191682333
"286",-2.57557723416119,-7.81457306636764,-25.1933682431422
"287",-2.60058768003,-8.56922338667823,-28.390990630387
"288",-3.66718937843189,-11.5689099114926,-39.8870849122511
"289",-3.27996121197543,-10.3928900787774,-32.5978997077652
"290",-2.22974318118884,-4.67751163897333,-8.66642391227128
"291",-4.16102270769102,-8.49921601443225,-11.6094709241945
"292",-7.34486877873707,-26.0686259829386,-89.8410673031335
"293",-0.891773567856546,-4.11049811006887,-10.2854086541465
"294",-1.45354903369486,-1.96743026425293,-1.82649967901511
"295",-2.92516975528474,-6.54226706957047,-18.1332221741629
"296",-5.60726428803497,-20.4279206816279,-72.7621247267487
"297",-1.92681054250124,-6.52031888310717,-25.1033861578312
"298",-4.43911997649002,-11.8695690096421,-33.9354907876655
"299",-2.44149149107511,-4.14666242628482,-2.70065191089907
"300",0.400589213493447,2.85370480134407,13.6546073414306
"301",-2.52652017062144,-5.34412926942275,-11.6544178525205
"302",-2.13649610125248,-4.53823608760968,-6.86674962134794
"303",-0.897263526087045,-1.49727898175331,1.21420891180173
"304",-1.54791202705422,-6.84003340925153,-29.0218767693852
"305",-2.28155157607006,-4.02583009265516,-9.13147794509564
"306",-3.8330722690576,-8.23347273111608,-15.3921648128801
"307",-1.13902229231934,1.8834920809918,18.7293001043458
"308",-4.27093577153119,-14.1053190785711,-49.4322229293784
"309",-1.76679373948065,-4.45030405755108,-11.0388080672722
"310",2.48842907490319,12.6475365804315,54.2177066343731
"311",-2.9014063491918,-7.19675661939004,-17.7851212319567
"312",-4.66595523038274,-15.4850517632315,-52.8637865777321
"313",-2.58397581007779,-7.64782366651536,-21.7533137558769
"314",-2.53753194288009,-6.26830374595363,-17.8029887977123
"315",-2.04685143207615,-0.195697985021184,18.4873314845572
"316",0.51712387830753,7.07458607041713,34.8208564504287
"317",-4.6812270623646,-11.648875216341,-26.7482888539546
"318",-2.79551276000984,-5.87044046550261,-11.0701959890432
"319",-0.450284297941096,1.21077712889814,10.8057839493865
"320",0.495794917929118,7.57743598304637,42.058248031329
"321",-2.7822117092793,-6.98612107352096,-12.3498702709103
"322",-2.81518539785327,-7.83152907171745,-20.9731603302259
"323",-2.26663382053675,-3.32166165373565,-3.54624520578727
"324",-2.01068708143617,-7.44230570455136,-27.2217706673835
"325",-2.51368463117797,-7.40653435936565,-20.7420901286694
"326",0.407585378942599,6.77496974590304,35.9201826471071
"327",-1.48378436291131,-2.16027768834397,-1.57693246633335
"328",-0.854928408703358,-0.289546226470748,3.4108494017155
"329",2.0864703806804,15.0020893367986,68.4328897425246
"330",0.154257973726658,2.8492217587775,16.2254015462506
"331",-1.37185877137125,0.143697974214888,11.3774555879204
"332",-4.00589526500659,-14.9775218702346,-57.4450877098518
"333",0.25799283308038,7.36475849673548,37.7598816121117
"334",-4.02173658373249,-12.9151835778525,-43.0445597487953
"335",-5.06128582878779,-16.6493326600099,-53.7241155347183
"336",-0.427395540962607,5.44902963447976,34.4894917484098
"337",-4.05858071374104,-12.6726777451174,-37.8365045687115
"338",-0.678514286699169,0.536401097682074,7.07346352402783
"339",-1.84082852722821,-2.79961858491436,-1.11487092585344
"340",-0.84308384151069,1.70336895044034,18.9999741182755
"341",-2.69166803714756,-4.75218568463526,-10.8913137713885
"342",0.462151632542771,6.0472535386632,36.3747994432447
"343",-2.11176293275338,-2.1172498141932,9.28719132596643
"344",-4.09715385416757,-15.2728521272406,-54.0084174855797
"345",-3.60709722376401,-12.0093134645573,-39.5359770962386
"346",-4.2195415747799,-10.8788246519908,-31.0277378566973
"347",-1.38353403309446,-0.232940901452025,8.87873224102259
"348",-1.34376288659462,-1.75924469787208,-0.0235757068537623
"349",-3.72349199772054,-14.8391953451895,-59.1591060610267
"350",-1.87292238173274,-6.10009288779872,-26.2829605279062
"351",-4.55752617827466,-13.8506541363267,-41.3060360911682
"352",-3.69111804303373,-10.5380989285019,-30.9032888308959
"353",-2.52771301351385,-6.98147719886549,-20.0107025191212
"354",-1.9417205665186,-4.59585619271797,-11.7950311933134
"355",-3.53230906774263,-8.41563704129646,-19.4243538915835
"356",-3.32579257665049,-11.677957740269,-43.3311607747551
"357",-3.3842528016724,-11.6998520778212,-37.7989060889765
"358",0.933504722351358,6.22971359996734,30.6286667255029
"359",-3.6197002583458,-13.9912910686958,-53.3806593799084
"360",-0.946156576704254,0.769708175760798,14.2677657122065
"361",-1.61852349850807,-2.43445423455228,0.121890048034402
"362",-5.39083706114059,-17.0949604018032,-55.3856001820657
"363",-2.23519178309709,-6.39233925824965,-16.7637997524148
"364",-2.71575663046144,-10.0053260192623,-36.5309605222299
"365",-3.0766336637077,-7.3076927616886,-16.8044333495641
"366",-1.5687077596229,0.371006729536361,18.0144992574917
"367",-3.50316972035301,-10.1746322346042,-30.1038056492923
"368",-1.90766402330541,-5.56201406796822,-18.5167412391561
"369",-1.41535499137012,1.15072880755565,18.4432698258959
"370",-1.94847565897243,-6.68853056999285,-26.2895616851879
"371",0.108263687802491,4.43458221627589,19.9994006082168
"372",-5.31154039593292,-17.5972931517367,-60.8962791757019
"373",-2.27510486668507,-3.65067981884681,-3.95048349033686
"374",-0.516107711670656,4.90917976183664,34.0432700946249
"375",-0.570632519213007,2.29904556802751,15.7795654338313
"376",-3.46133684980771,-11.609430520941,-41.5608601915224
"377",-1.5401211541768,-4.42104790491373,-16.0026961563599
"378",-4.69576094135357,-13.1498969514096,-38.2878125138034
"379",-4.77182171098383,-12.853135805925,-35.815385782746
"380",-2.24020393227369,-6.48994886631465,-19.6902036511642
"381",-4.40959069506044,-16.1538946059105,-58.4528460443519
"382",0.509598152765136,4.59117452969713,22.8851241087839
"383",-1.16313143876221,-2.596606971592,-5.44813782294591
"384",-2.25038896205689,-5.8203692032165,-13.4879173573936
"385",0.217031658072472,2.41859772703049,15.3391351311222
"386",-2.5163488007617,-6.62646566857347,-11.5713802753849
"387",-3.04187980287128,-10.8556168423366,-37.3802813563304
"388",-0.542832600095437,4.86199318470915,36.6840034360357
"389",-3.25390721920633,-10.0150973999539,-33.6365230534775
"390",0.811003170856793,11.4229813689923,62.2939850858809
"391",-2.92327730117785,-4.37688251437896,-2.61446079258462
"392",-1.07988388619481,2.62323251468149,22.877791047252
"393",-0.0638934394966668,5.30681729348441,32.7694299777922
"394",-2.26322895707472,-7.7846714570602,-25.1868784121048
"395",-2.89885906713528,-7.13270354766246,-20.8448856602511
"396",-5.86395081092041,-19.1939862984549,-64.1909617864476
"397",-4.49021657417268,-14.3201800042227,-49.0594053773589
"398",-4.02592156385077,-9.00946907209368,-16.5313845959265
"399",-0.314555296478318,0.403811023236244,3.01742809034499
"400",-1.41415143206751,-4.10139951762255,-9.78249173970266
"401",-4.58854395532774,-15.1089056645695,-51.3937328264299
"402",-3.63334959545006,-14.3587340385178,-54.1459098975524
"403",-1.22247967961999,-2.92106913130976,-9.79436292569903
"404",-0.310513059955838,8.52678673423816,52.3073035921905
"405",-0.242093246927141,4.61764992269423,24.3188395339032
"406",-1.63881469700601,-1.80210218490163,1.51112371567888
"407",-1.37235980644266,-0.370048822211288,3.87816346891145
"408",-4.48141970897495,-14.237860188038,-53.191187081012
"409",-0.839523866655156,2.29597834806168,23.0312614324869
"410",-3.5777456802868,-7.93883836903558,-14.7845923319471
"411",-2.77367298458699,-8.64065688753567,-26.8144246324841
"412",-1.3880073432166,-4.6330377215121,-16.7020873295362
"413",-1.00913582965626,-2.51135495112089,-5.25538110037269
"414",-0.260828410713771,2.91547044924789,21.4520516963878
"415",-0.79187258051769,0.828901580352181,12.7473979829622
"416",-4.2320600496372,-12.8596895087993,-43.7672990363324
"417",-1.17214477439904,1.55145940639363,17.4375703737171
"418",-1.47995548103614,-0.635305805520943,4.14103431646231
"419",4.17275052266092,23.6747280052996,106.534236172864
"420",-1.1901228249107,1.81231327828345,26.8573201240479
"421",4.09296631637932,17.7148811750176,67.2141880226543
"422",0.380682112650106,3.38044808245695,15.3169448149401
"423",-0.856277878408207,-1.71050835851065,-6.87430128926371
"424",-2.9362145242996,-8.34486954701219,-25.2781873515996
"425",-6.77903955795284,-24.990814737955,-88.8296789218355
"426",-3.93505481797649,-13.5533722136854,-45.8134020427706
"427",-2.48278567839651,-2.2758969307497,9.60029306629849
"428",-1.84924417057954,-4.07724698718096,-7.58410004712891
"429",-3.88947785093649,-9.56637784363488,-22.4155101447382
"430",-2.88030332002552,-11.2547606946723,-44.4351859035266
"431",-4.48475651007527,-15.17150776042,-52.683443044572
"432",0.461315904072706,5.91543418384151,28.9836426546756
"433",-3.7758877968875,-8.92940600237114,-22.6286196412655
"434",-4.84246225697439,-13.7596372319489,-40.6359755713781
"435",-3.41360149415408,-6.39689470592668,-2.90019101629355
"436",-5.66342394795481,-18.3041508488608,-60.1597221070872
"437",-1.5276120993496,-1.33157724687339,7.99232010367996
"438",-0.205025502497676,-2.60053322573253,-17.2158186296019
"439",-3.41927683326429,-8.61366366498078,-21.9218330446736
"440",-1.3646049161141,3.04293287859332,33.4268058503844
"441",-0.271497452317249,2.90586522875572,17.4021035734195
"442",-1.99196543779357,-4.03402728891137,-10.4373116912382
"443",-2.90422129566446,-3.97282822407021,5.30938583746388
"444",1.2947309408425,8.33851351726571,38.4384779993577
"445",-7.35763287154424,-25.6564488024355,-86.0130025679377
"446",-0.682975234415267,0.370056554769576,9.79128499386934
"447",-1.41969621033297,-0.727392415835311,5.03617909028526
"448",-2.46971791376205,-5.4306759877993,-10.4647585458929
"449",-1.86759980886052,-1.96118472725323,2.68545325855575
"450",-3.180413524534,-12.768877675695,-45.1123734353571
"451",-1.64962719376115,-3.67360561833505,-6.39630109793757
"452",-0.872792826393095,-1.78711816717782,-3.69646265576307
"453",-1.0879090966896,-1.75109435585659,-5.04400015126112
"454",1.03595256999785,8.27534356494664,39.5996548554051
"455",0.136874967741051,4.248298296602,24.8391970664979
"456",-0.0953510474221844,1.25927297030944,15.5780875264602
"457",0.580155219093967,3.8052164146751,23.2239044453841
"458",-3.44141659212227,-9.07938873136243,-25.0893927022498
"459",-3.07392140669089,-9.07715738232855,-31.8285349563939
"460",-5.80332336905514,-20.6036940574627,-71.2834497867825
"461",-2.38667474540244,-7.83721545941432,-24.2301132067175
"462",-1.52164926369295,1.46996687705507,26.6118836824123
"463",0.16287845101715,7.10192434220551,38.075344514298
"464",-4.75723832584606,-13.8271576514395,-41.2236017447772
"465",-0.391890190045444,5.4726096637819,33.3877973624949
"466",-0.179209420058669,2.85765879495534,14.3354521043634
"467",-3.83370967803899,-8.85028518867546,-15.8240141015549
"468",-1.83239578323651,-1.85286807542172,0.0757985571674453
"469",-0.550328818472678,2.03038476026802,16.6714511412783
"470",-2.32445314430072,-8.65185135436957,-30.7489297163531
"471",1.67956205848816,10.2077734728243,45.2809188136878
"472",-2.31296560834556,-3.68700444886281,-1.02687835412416
"473",-1.363098656734,-2.35361252111318,-4.30010735567157
"474",-1.51037937230535,-4.6591818572266,-14.9803945902509
"475",-3.95187291115809,-15.363428979215,-55.8771400849216
"476",-1.5452782971509,-1.34703678424728,1.53406992261876
"477",-0.511832705093241,3.63111434293853,30.0989811139978
"478",-6.95969980997018,-25.1788362966691,-89.7682653343129
"479",-1.24917151286002,-1.94324778930832,-4.61368019095607
"480",1.38063405731378,6.19015149233269,26.7367728964591
"481",0.0361946193998506,3.7306651605868,16.4721789877531
"482",-3.36137102596916,-6.61950573508557,-7.38705041463277
"483",-2.37703993627093,-6.16730234124384,-16.7269094534743
"484",-2.48782056360471,-4.28101465198324,-1.94946121088378
"485",-1.10833307270678,-0.926782126857347,3.52513452971493
"486",-1.02721144161262,-4.3488166355213,-20.1155081167069
"487",-1.18411346286103,-0.535060490008618,6.65785614985475
"488",-0.0717884616037736,0.865809311382236,3.56854159621207
"489",-2.69905332082232,-5.52394693322333,-11.954494035569
"490",-1.4810273602767,0.755601637105883,18.4890549620013
"491",-2.22470688768357,-4.71059309307998,-7.77714045396715
"492",-2.0177809347125,-2.11913903390064,5.86649589404078
"493",0.0273917522104625,1.08940629788015,8.47501809644973
"494",-3.79388214896585,-15.4844700412472,-56.9287138555867
"495",-3.16031528995853,-3.52917662834545,4.99775066744814
"496",-2.58066809637512,-7.05746432730211,-18.3849975887333
"497",-0.638316054455572,-0.174196124598097,9.21839149019775
"498",-2.80710534578623,-7.33938024929239,-20.6440929630155
"499",-0.765757320660157,1.70912800958388,11.1915678758658
"500",-3.24857005549501,-11.1970297594589,-37.7389745836626
"501",-3.94200148739321,-11.599896447165,-36.6087121326746
"502",-0.307234978232657,0.385504437267969,3.70401906420261
"503",-4.89377046845595,-16.9776333666538,-53.5207500080598
"504",0.276319703613126,2.29065574821789,9.48719920676604
"505",0.337233084239585,8.44169472911699,44.4826646671447
"506",0.0276327116437756,3.90077583561686,22.3170656171383
"507",-2.09790733432578,-2.10512419839768,1.0730145966013
"508",0.207570599701569,2.25255587088384,11.4233101700543
"509",-6.11478854789613,-15.5762347757457,-40.7177557090652
"510",-2.1555138508366,-3.86881475608743,-5.95438908692222
"511",-1.39292397656982,-0.0589229623830079,15.9661938349532
"512",-2.22902602922602,-5.72604742077067,-15.0465928317274
"513",-3.43952400664182,-13.2206569434347,-49.3036760583982
"514",-0.760563547731067,-1.10475044167504,-4.73318548001635
"515",-1.928001134098,1.06768899476731,25.7189163951732
"516",1.3725637064893,5.55929923552708,18.9116731028162
"517",-4.0617413407976,-13.1658523231436,-42.0324624726109
"518",-3.6383676912385,-8.46919637224357,-18.5143709918868
"519",-0.108124562830824,3.56498793026071,22.8235924292042
"520",-3.09481537310899,-9.69785465577229,-33.1842542696472
"521",-1.09490376628946,0.222457889801944,11.6178588482028
"522",-1.40881477388479,0.893548389619468,17.5440000321687
"523",-1.88906051173177,-7.23475061690544,-27.5977449274178
"524",-2.79527403000856,-8.3862197330111,-21.9972314162908
"525",-3.3155163954047,-6.66217545996562,-11.7374902353779
"526",-2.98787370505386,-9.38474718804832,-34.997996525082
"527",-5.70301507336347,-20.3992480176763,-70.3319808832
"528",-1.3090088364271,-1.15625621095921,2.25278537600502
"529",-0.206809375798855,5.79063861234545,29.1521335887815
"530",-2.28560090907672,-5.65099793380398,-10.0668994471787
"531",-0.782220228096378,1.78293797146682,14.1353856291041
"532",-2.58329983327081,-4.83009994428846,-2.86694900427983
"533",0.757224421040746,2.19077037297927,6.3190234587189
"534",-2.83307608447592,-7.5030366885785,-19.538769656589
"535",-2.96810506249392,-9.30540858976383,-32.5694595374364
"536",-2.5054073691565,-7.6818839153151,-23.9958161028019
"537",-2.35342737409127,-1.71409460599341,11.8997924931382
"538",2.53997981593847,11.1520950530767,45.8223907458876
"539",-3.14242894405334,-7.55797752062267,-18.4140485484554
"540",0.331304372347404,7.22630198664513,39.5515136814563
"541",-2.03676906756783,-1.21901363594122,9.89362665688918
"542",-2.19881439060237,-3.01251493530367,-2.33331002116051
"543",-1.76730261328385,-3.79157846234091,-8.79311998904222
"544",-2.06834519636061,-5.38697453175212,-16.1109365521363
"545",-3.30476349903415,-7.97284530027673,-15.9697355009866
"546",-1.49322100054866,-2.60587808833782,-3.88420447801309
"547",-3.93112216408838,-15.2819560526099,-57.8234442843573
"548",-2.44550783832079,-4.26188213622277,-3.74535593963742
"549",-0.498504815378737,5.05750279611846,33.9275472425215
"550",-1.07516412382688,-4.03577781231263,-10.1287112155503
"551",-3.57517437319297,-10.5205659453709,-34.2725283559421
"552",-0.923087485523752,1.45708964481457,14.432086069449
"553",-1.75299691850341,-2.25408330808671,-0.267323611200709
"554",0.454131513946265,6.58688146754287,28.4125172251647
"555",-2.22194122429244,-4.64641351675664,-5.45466238723156
"556",-1.0059502512492,1.12509333905825,15.189883120828
"557",-4.95420685664732,-13.3217464673349,-35.6023646527187
"558",-3.79813028295257,-16.8468590932694,-66.3809065285825
"559",-1.96211438887701,-6.70754329648184,-28.1301942001087
"560",-3.99660493850956,-12.1096235679585,-36.0299205816934
"561",-1.6585423356384,0.0347517214266873,11.4676539106404
"562",-0.0946926945814539,2.63411597562379,13.6411933749519
"563",-1.50479551293978,-3.21305285444612,-6.76586208948902
"564",3.8712372185143,19.0902818070459,81.7992656255908
"565",-2.56965170293199,-9.04283220028128,-29.3646531177737
"566",-2.27860107504125,-7.79332363853632,-27.0665744214666
"567",-5.29687069880924,-16.9689655158584,-56.6722708954042
"568",1.58355104761722,8.02475494569126,26.6848742351197
"569",-0.180783573230372,2.03636933839186,16.0984115202577
"570",-2.24548384208384,-2.77885743786521,3.52687683550698
"571",-2.63735672633248,-7.52233950812285,-20.68179258386
"572",-1.84086682339756,-3.0233620745247,-3.56441318686302
"573",-2.27257110646565,-6.35769731057235,-19.7363497425172
"574",-5.24309559015086,-19.3762215954223,-70.9880568231149
"575",-3.50245234890997,-14.424330995298,-52.4202958184767
"576",1.725726942969,10.8404265356199,47.0897302111036
"577",-2.06223354260209,-6.28694763434601,-19.0363078547211
"578",-4.93240958331126,-15.7593110546807,-53.3848056699871
"579",-1.14783173665933,-4.63034824447391,-18.9796403783905
"580",-0.372989813768811,5.42426530510454,35.2355591084572
"581",-3.00005202334677,-5.11954028868229,-8.44873593251168
"582",-7.50167558521406,-26.9669575569093,-90.1713108903482
"583",-1.16551550978448,-1.1161246512853,6.25807001312683
"584",-2.74939336774514,-6.23921575593113,-9.86810665408802
"585",-0.850977293268215,0.760827252316744,11.939195688622
"586",-3.25648366024512,-8.99728248083147,-27.1453284181323
"587",-4.9110737950719,-16.3903093169421,-53.177589684735
"588",-3.33479162745959,-11.7355978100104,-44.7952908826794
"589",-1.25360911811265,-4.89299239978709,-21.1777962254348
"590",-3.57076932724721,-10.5741617206554,-32.9667067434989
"591",-3.59540596015557,-10.2021813746022,-29.3531227154867
"592",-2.46129518743243,-9.42206005402522,-37.9087121610778
"593",-4.48234191119064,-12.7491246944124,-38.6686627304598
"594",-2.22610537047257,-4.71220827057846,-3.75509635313983
"595",-1.97890744051483,-1.86684473527737,3.96172807540779
"596",-4.80428607019377,-15.2494397506958,-53.0739142191949
"597",-3.41478115275078,-10.9305089747179,-34.1102297675973
"598",-3.87231918446668,-13.241074548463,-39.7658666227351
"599",-3.59678936109049,-11.1729165081865,-37.2709778015867
"600",-1.55357257884634,-5.17238678705178,-15.8032249551613
"601",-2.44495918824623,-2.06823125903634,8.16922374887076
"602",-6.21269327797415,-18.9569414812752,-54.924123563954
"603",-4.29760913511814,-14.3082099111872,-49.7352390961635
"604",-3.35653313471175,-6.90762951697207,-13.566325944025
"605",-3.31510099163074,-8.43518495171452,-19.3227887427888
"606",-1.07991724305828,-0.336030956925356,4.97322370117354
"607",-2.5911100143307,-6.22594544331878,-15.7477203097994
"608",-3.33624944426032,-10.666532095954,-33.9786785549727
"609",-3.27644953701412,-7.95230413793809,-23.6786047503274
"610",-2.7646882700231,-4.9123862574254,-3.79357328233596
"611",-2.45217630989634,-1.72460513420731,10.4540288642252
"612",-6.08820499768831,-19.7016333048701,-64.2269676304097
"613",-1.76321493423865,-5.07729153106231,-14.320075279024
"614",-2.21281051151391,-3.58719868644312,-3.67748125105913
"615",-2.43168359507234,-7.39069517135522,-22.31436291463
"616",-1.7141086834722,-4.68455578014255,-13.2893984045872
"617",-2.96953298135838,-8.16034602340198,-23.4420119748827
"618",-5.30401829197933,-17.6154442782678,-57.288934274078
"619",0.590287532556033,5.70508062482918,27.923801369637
"620",-5.07499974659316,-17.6347182588363,-64.6102570962501
"621",-0.412461203812086,4.8787782135571,32.0203668913407
"622",-2.1559627296499,-0.487131249202093,15.3935526853629
"623",-4.64149817916694,-14.5139668019526,-47.8734107944047
"624",-3.35971078536414,-10.7143231096662,-35.8448295473781
"625",-3.06429461584452,-11.6810301591349,-40.9520827279564
"626",-4.11590881551365,-12.2839682777227,-36.6414616517229
"627",0.085368551813076,2.97306183261776,14.7037568641538
"628",-1.42828173588248,-0.496173669956079,9.93144596751085
"629",-3.39415645045659,-7.32073846089929,-16.6153056952553
"630",-5.05986485971852,-17.6377479328768,-62.3477295872156
"631",-4.3492198119572,-13.0675093331057,-43.0551148719569
"632",-5.76883473577936,-16.8922069149006,-49.8263987930377
"633",-3.84965143449574,-12.2017002450383,-37.2850446533439
"634",-2.23011034888799,-4.13345608598922,-4.21479562179411
"635",-0.951827761273023,0.953238366198661,8.78776148556585
"636",-2.67834291031545,-9.92873825658808,-32.7164123989705
"637",-4.0010862357301,-16.1995963901229,-61.6074381480075
"638",-3.60054387445865,-12.9221759527895,-43.2041041705029
"639",-2.4119493755,-4.54658040055756,-5.40378914483404
"640",-0.586526426924877,-2.55915976992276,-11.936574177829
"641",1.87559067280694,10.4280638036383,44.8381543254347
"642",-3.85990987614787,-9.97127342570445,-24.3879999165545
"643",1.35816580091665,4.72044964854115,19.4305008574756
"644",0.59991733754913,3.8059082294958,14.6886363907897
"645",-2.02572623827564,-3.52497353701597,-7.2910406706203
"646",-0.475828529221872,1.15280306866441,8.86330690392424
"647",-2.15312850156732,-5.91372331335344,-18.7908809481705
"648",-0.77446072576231,0.480274380841706,7.27735342726623
"649",-2.64590974832339,-10.289734119494,-37.7287090963189
"650",0.117288289293583,4.32225663694521,26.6696701845212
"651",-2.34007249253142,-8.43148145217299,-31.4935092188794
"652",1.21080481238806,8.13495776984757,38.1412270984445
"653",-1.98098492533637,-5.18762372843514,-18.6873178641415
"654",-2.44369199013181,-2.85710176306338,1.62460132341857
"655",-5.47579596712887,-19.7721175315182,-69.8778827541769
"656",-0.560038023610844,3.62567105970584,27.7397844476147
"657",-1.88468529368248,-4.34579583465381,-12.9009317827188
"658",-3.01905936472662,-10.8722011552749,-35.2076521553784
"659",-0.321837511061517,1.45513645946744,8.78516565214659
"660",-0.0670541725933731,1.50493596829176,10.2027758393608
"661",-3.01856210812826,-9.28982269743392,-31.7057369930451
"662",-1.60484761674803,-4.27710471219211,-11.3843075407744
"663",-1.00356029772206,-0.401859871783017,2.7395104847451
"664",-5.21955280727065,-17.1420674451007,-55.3315936886288
"665",-3.09850154903643,-11.565812886786,-41.0060939930979
"666",-2.75780498808689,-8.96974824137578,-29.4782981678513
"667",-2.03791081124416,-4.37408253605247,-9.95983526970076
"668",-2.56818916661331,-3.38483410594552,0.857498765426044
"669",-1.55790287644777,-3.09492995499716,-8.02253906023134
"670",-1.50202632579709,0.51034556811419,15.3810866847425
"671",-1.93920526997886,-2.87335402984479,2.12608913300187
"672",-1.07299495276425,-2.78338350337185,-3.37443955642743
"673",-6.32111886167502,-19.4602925181892,-60.2272185495649
"674",-1.84596404494619,-2.27919729897212,1.83656774674137
"675",-5.13094226736558,-14.5739596896343,-43.0950114802577
"676",-0.255790295677571,-0.255579819010336,2.12273219595045
"677",-0.0064654647661655,1.33012368008963,9.77140819778242
"678",-3.58408927813394,-11.1092751977435,-32.9935097131486
"679",-3.56627413406653,-9.89142647108577,-27.1795717808202
"680",-1.01864088543869,0.67113262774717,12.2727716134209
"681",-2.45713253415255,-8.20294740273243,-26.7806660555636
"682",-5.5919063453274,-15.2464354899497,-43.2885850226401
"683",-4.087386814338,-12.4750072879297,-40.720907773516
"684",-0.990917984226712,1.90237721717233,17.5182224539506
"685",-1.94429459066009,-0.232296881774687,11.5220091152516
"686",0.137013227820319,4.76506602929953,25.1501879786117
"687",-3.47745183621083,-12.2636703854375,-41.9378096028413
"688",-1.22690975114892,-0.560871277275282,6.96331389904799
"689",-3.57349033813125,-8.48677976567808,-20.1205345870198
"690",1.17426412527709,7.09767025641179,32.0732071821901
"691",-1.54162136348026,-1.45586180693601,1.5394259141508
"692",-0.465167002833425,3.3740838195265,21.5829306817711
"693",-3.49444744844152,-9.80483304868483,-32.5990422941049
"694",-3.51639774322149,-8.3215572454327,-22.6871720199067
"695",-0.502574172362017,1.55729536096169,14.720488741649
"696",-1.30335798161821,1.53077665840567,21.618720690858
"697",-3.3744333985403,-7.32871944445799,-13.8962179215955
"698",-1.5260293948042,1.30605277372922,24.5055288576195
"699",0.705867234338257,2.50864047992707,4.20080604867371
"700",-3.51275261089347,-11.1875884253395,-32.5412545228967
"701",-1.28116973055285,-2.43880774183788,-2.89601813728859
"702",-1.87383732045402,-4.08208240418878,-7.31820583587705
"703",-1.37621039624833,1.47942543806948,20.3955830174734
"704",1.3532538312856,11.7202346257293,57.1408848993772
"705",0.760081550262043,7.31338953096213,36.0357312436533
"706",-2.75545856233578,-7.95724775526526,-23.5139258545692
"707",0.878809464927826,7.33856905567382,36.6207920169659
"708",-0.440515927704553,-2.52958905663741,-6.32308290180799
"709",0.14763590473342,2.27431400017963,11.8901951365219
"710",-0.539633782476187,4.27255450305199,32.5774744023195
"711",3.01897692787452,15.4407825971861,60.7665203414188
"712",-1.06608460993789,1.20212627155126,16.0650594916785
"713",-0.0499275264468793,0.472468936325527,4.59892978790731
"714",-3.11604193815936,-10.7363281537247,-35.3161181059654
"715",-1.2900283556246,2.02650612832849,24.5846130749283
"716",-0.840920123801311,-3.16516899129715,-12.5321162837959
"717",0.180999710086894,6.05277146476772,35.2947009712716
"718",-3.12081102010626,-7.73810589880691,-18.9240895530563
"719",-2.9089734990331,-3.84907826456606,1.28144734154807
"720",-2.39496342742086,-5.6165272665063,-14.7759263832058
"721",-0.735032474721038,1.50861753875586,14.2764613353493
"722",-4.54797051954398,-13.6066877201692,-43.5460194329569
"723",-2.24074181031938,-3.21212212249532,0.503115782309806
"724",-3.63557194929768,-9.87810403782055,-24.5878424939674
"725",-0.288369814905082,3.79777285905118,27.4109313821889
"726",0.15626561158183,4.86490765036558,26.8997232093466
"727",0.0154452964815164,6.02048374684182,35.8190685868162
"728",0.282005744752325,7.43500681137334,40.1852154793639
"729",-1.3040407448662,-2.64253080385481,-5.24416199643952
"730",-2.45773243189132,-0.26649014779855,20.6021977957635
"731",1.63871168787182,10.6288677405869,46.8873646676568
"732",-3.80196535661764,-8.19716609267607,-16.1123377918414
"733",-2.31039411038506,-5.00915931618238,-8.1962319293059
"734",-1.53846888363842,-1.68201325699806,2.16041517751182
"735",-3.9947687846248,-10.3839744693374,-26.4142307597886
"736",-5.97050100014434,-19.5910430421461,-62.2053440176892
"737",-4.4529904172972,-15.117344656503,-52.7772574243681
"738",-3.40061801169225,-11.0928688452168,-38.7670730368902
"739",1.00073781207885,11.9258540809816,60.9932467144838
"740",-6.48949117242097,-24.4926902047332,-88.6097685369182
"741",2.97765465213826,16.9967747005445,73.5724306447903
"742",-0.115379058259407,4.45725555850834,27.7649829738684
"743",-0.934508547883411,0.979336103364176,14.8758326186321
"744",-0.509873094348052,-1.80710767662742,-9.99860162106188
"745",-0.395630860103836,3.8972840337284,25.6188141113344
"746",-4.79898212352032,-15.0281308844143,-47.2907515123138
"747",-0.626941406590902,1.71626863814242,16.5674013976818
"748",2.40041835058094,11.7295133867674,48.7919041742828
"749",-0.758462857775669,-0.315522105623586,1.94979874815112
"750",-2.06802242285818,-5.57872993657986,-14.8266211912949
"751",-2.83296209444921,-6.71621351854503,-12.0912535612133
"752",-0.351150179906426,-0.451016854249019,-2.16355850631339
"753",-2.95768883984772,-6.98390083664117,-18.7483600442622
"754",0.525151495284206,4.69891425495007,27.9084335045193
"755",-2.06864270315793,-3.00132235089609,-0.801523941395772
"756",-1.26306667729244,-3.76540643299825,-11.3243175625894
"757",-2.16211957697936,-4.6933645629706,-9.59879384783949
"758",-2.39473982592222,-2.16330361569442,12.261564094875
"759",-2.34514309477686,-10.4532267289442,-39.8018304797522
"760",-0.675580824657061,0.723825101184161,5.55392168713524
"761",-2.1099816708533,-1.96917138061031,11.38922883398
"762",-1.33669545398504,-2.71386045897202,0.041861199649702
"763",-0.598663193392667,1.57436270724941,12.2661858693898
"764",-0.695440314048255,-0.645114078515235,4.05157960735096
"765",-5.78605529980035,-16.6134506454466,-48.7494706746882
"766",-5.20187422402529,-18.58215298495,-65.6876870710978
"767",-7.06415196352856,-24.876887133366,-85.0851712920212
"768",-1.82884457137317,-4.27142045890594,-14.4837271297154
"769",-4.31434997970541,-10.4183618461781,-23.1417149649494
"770",-1.71502528554015,-1.5249650820266,5.97246297061497
"771",-0.0196410916333889,6.71795717106784,42.2347518375091
"772",-2.31534986294645,-4.42340221904658,-6.02423902408123
"773",-2.52090371927795,-4.56805551625541,-9.14703113124756
"774",-1.29609935158356,-3.35473353637792,-9.33695061738467
"775",1.01569089460907,7.34741267094569,31.3491982036167
"776",-0.856453091746459,3.88441225016902,32.2890970833873
"777",-1.56943947587388,-4.45880047732703,-9.844139303465
"778",2.24713182820943,13.4560163771403,56.2145467244293
"779",-1.54057859072213,-5.09656718559529,-17.0761151772299
"780",-0.593296525112976,1.07383725095315,10.025164055226
"781",-3.67686078230884,-12.5700259945643,-45.3413224348024
"782",-4.74632304923944,-17.2619730501008,-56.7908738957262
"783",-1.29553892710732,-1.60575870236244,0.318934623113591
"784",-2.09731607222363,-1.50399716859556,7.34561213062898
"785",-2.04207854392956,-3.31637651058156,-4.89147561313848
"786",0.173344277680656,5.53309794253346,33.8223278365099
"787",-2.37131468167195,-4.79859106040556,-7.10781908003401
"788",-3.39373699904627,-9.49685908636366,-27.0589320905988
"789",-1.40984044994997,-3.87117943369879,-12.5083452830338
"790",-0.787326149532134,2.9316546310414,18.4445122242462
"791",-3.81796741171968,-8.91895972507882,-20.0539361876952
"792",-3.2380965711879,-8.58056835713558,-24.9258164818573
"793",0.134896085635546,0.827251109105077,6.16621059107456
"794",-2.43469097907729,-4.85492171262047,-7.40400145153444
"795",1.89528928936267,10.7736316454453,46.1198316452976
"796",-2.41817205765727,-5.30227252227746,-11.3202351965429
"797",-3.25333110015129,-11.5847912839182,-43.1896525817961
"798",3.35045266459298,15.8659656254877,61.5812201186711
"799",-1.28429590049302,-0.125757613160658,7.67132450478903
"800",-5.23333188225621,-16.2399848738577,-55.0715904255062
"801",-5.89767453589258,-18.3355403716558,-60.0418853794415
"802",-2.4673916866746,-6.62869787241675,-16.2200486110476
"803",-2.83083157288689,-8.54238002541979,-26.8539106726676
"804",-1.87082584083043,-1.4780057778014,5.01485374184813
"805",-1.02279610870755,-2.89143726561235,-7.36852429423038
"806",-1.68471152667581,-2.56872197200983,-1.29179645572594
"807",-0.220247125277979,-1.98348129619706,-12.3325350482119
"808",-5.8434098798366,-18.3227089299136,-59.2450343856631
"809",-2.2127539884994,-7.5950540001362,-24.7787223335847
"810",-0.547984864102659,2.36200866807042,13.540741136248
"811",-3.76810946831586,-9.16244168864534,-20.4209223640617
"812",-3.14545875205675,-2.12763529578569,15.1804388507433
"813",-3.39141586028404,-7.6946092694825,-12.8699786561717
"814",-1.28845932114842,0.864102843514729,11.091949159189
"815",-0.722604111401893,2.58156172803865,17.842807160991
"816",-0.388390155100581,-1.38139646283048,-4.82405262855673
"817",-0.0457161327773861,1.6925304586282,10.3623923501614
"818",-2.63441968189369,-6.54777328738373,-16.7315089672204
"819",-1.48902174469254,-0.762754609555031,7.27930601897583
"820",-1.31528831757396,-1.17162481829189,1.32804850472326
"821",-0.338226068099686,4.66796198304814,30.5364376207779
"822",-1.07125901127881,-0.260000164055441,10.8401427622425
"823",-1.24957508720985,-2.10894751770263,0.200447163558465
"824",-2.40174929469515,-3.09910597486885,-1.19986624558464
"825",1.61295448733364,13.7093873110284,67.152640279902
"826",1.06419050224298,9.07086872504863,42.3532018343033
"827",-1.45424206364186,-0.511647001376673,8.60238994602742
"828",-1.94832957522004,-2.45085439396269,4.59699066288204
"829",-2.82020166943738,-11.2447144132649,-41.8061599901446
"830",-1.89630572790543,-6.34962266492357,-25.6836958514766
"831",-1.47239936726521,-1.61375460040279,-1.72442050625637
"832",-3.81523913267966,-11.0027411908618,-36.8421025373166
"833",-2.71507590714828,-4.92203854494824,-6.69892682567934
"834",0.249888704535806,3.26095835005515,17.4881800902206
"835",-0.28516510179179,2.72189200330979,17.5871701682479
"836",3.125186714954,20.1618238512337,96.5117476573107
"837",-1.53861853886713,-3.93921050884285,-13.2152854759565
"838",-1.0895552831409,-2.24665144074652,-5.10102957626464
"839",-2.86673608735259,-7.43487055665332,-16.5704491451968
"840",-2.96730245067113,-9.58809572967664,-31.5923628890546
"841",-3.90824228341728,-9.48473346677838,-24.8352062621716
"842",-2.25780254487887,-3.13951264576065,-2.31993279845392
"843",-0.634687381261358,2.37271562802891,24.214502561992
"844",-1.21219121674386,-1.32896361787368,-2.49655758099084
"845",-1.5445053668397,-2.47663578539755,-0.0186041960362218
"846",-2.05366671701842,-3.0720726172143,0.708591540531415
"847",-3.66722668703363,-10.0118998520011,-29.5297028315861
"848",1.99879490368494,8.37289300265763,27.7654505149344
"849",0.928249479216277,9.8582847887069,49.0709667844765
"850",-4.70053974385019,-17.3018544081024,-62.4060806518919
"851",-3.1968293615094,-10.5045477280598,-37.4276191957936
"852",-3.72757783617027,-13.6022276194985,-45.2169524076887
"853",-2.5885709486061,-5.41351554534492,-12.2027912220681
"854",0.0169071253964148,3.93455651631109,22.1221741088002
"855",-3.94972600471743,-10.3178577666497,-23.6258995629742
"856",-0.575803532068903,1.87079206774354,15.7463991005748
"857",-0.219171162837256,-1.30289972020717,-6.13143753561849
"858",-0.618260817945384,3.21817410264089,22.7607913133656
"859",-3.73452442915175,-12.2444905919385,-38.1469477120033
"860",-0.611652783493753,0.573065834569206,5.71569451923938
"861",-2.69361178926442,-10.9078631597454,-41.7561322529002
"862",-1.60631731816903,-1.62773590600477,3.48390711427328
"863",-3.83629368206215,-13.8117984514612,-53.1800547386486
"864",-1.48190156700497,-0.993715078596665,6.84460343977207
"865",-1.51562820875927,-6.33572717817242,-27.5583191383103
"866",0.450400998332157,7.13296928771001,37.0988058103467
"867",-2.50381820450338,-4.20650963143089,-1.55457461323067
"868",-5.84186805980369,-17.8256846642473,-57.357978335988
"869",-3.83506644074527,-10.797160587868,-25.065942019965
"870",-0.289678963304937,5.10489103548821,35.1395800604657
"871",-3.5499799515307,-11.5503907763162,-42.94914013471
"872",-0.601855902910643,4.67722109395049,29.5332796371442
"873",1.39065825815885,6.77042582356569,29.3183085658065
"874",-2.40163672946181,-5.56393141690512,-14.6927286442742
"875",-2.28281864969949,-4.80293752940554,-8.05941296351625
"876",-1.35377474125136,0.394129932793476,14.2858758187062
"877",-0.705186246673293,4.73671813755811,33.1145812946747
"878",-1.50377173826297,1.28634625530276,20.0431020525507
"879",-1.49170900314266,-1.06612458665677,4.99366107412789
"880",-2.94384937252011,-5.46504125756223,-8.3178268397487
"881",-3.47785295296825,-10.6525732895531,-34.0187483147311
"882",-1.64324525025938,-5.71334973793762,-22.4140509888177
"883",-3.16480232366382,-12.0830199756972,-46.2722715307623
"884",-3.95240962330791,-10.0523497828249,-26.1801587007351
"885",-2.89318747290605,-8.15764490639924,-27.2197830214086
"886",-2.0909423023835,-4.49194249308186,-9.2571713915097
"887",-2.28237156699265,-7.31519369178,-22.8976003457992
"888",-1.3304269628801,1.40646126157844,17.1521364051491
"889",-1.83156408901039,-3.76152686990019,-7.25061049797773
"890",-0.615747650307412,0.384115455877804,-2.11751287405036
"891",-1.31456704000237,-3.49070350189345,-9.46839199712099
"892",-5.39897796673529,-17.5492076299487,-56.3530128534326
"893",-0.504349569279611,3.68644193735133,28.2976637775539
"894",-3.95740926151979,-10.823703793782,-33.8628877591848
"895",0.164087373682037,6.40438958733137,33.3400829222414
"896",-2.46283222149674,-3.90346257995441,-5.67473413107996
"897",-2.28893280294409,-3.85196037196067,-4.6471807909877
"898",-1.26585419365978,-1.28243951999832,-0.379106855044711
"899",-1.45245078761644,-3.68233409553568,-15.9026673623766
"900",-3.86211813909921,-13.53970924062,-49.0756207999734
"901",-0.156697043563724,1.7890357344894,10.9864419022576
"902",3.05899600750456,17.1071450150973,75.1109857456497
"903",0.480953306487208,1.71779058610264,5.51733538429357
"904",-4.72083299247203,-17.9403960303878,-67.892843192036
"905",-2.72834258877111,-4.44618637587268,-4.5415333127039
"906",0.528615241668206,4.45251154795585,26.1056978102185
"907",-1.9408673913548,-2.24705319163843,0.788692587752621
"908",-2.24195492156616,-6.37613426155167,-20.322769236313
"909",-3.97900048295276,-11.7381593553337,-32.1263650639698
"910",-1.99541455444216,-0.410795487570795,21.8763268539647
"911",-3.00592996227311,-11.2074011670079,-40.3875901195095
"912",-2.65109665459255,-6.75431350265922,-19.2750672864947
"913",-0.431661484926849,1.69205748938214,14.5402896741971
"914",-5.02369787888938,-17.8925618378599,-64.8864528159536
"915",1.11954870488631,7.61724976194205,35.9466035991525
"916",-2.16226099933277,-5.73954788374454,-14.8021647322039
"917",-3.2743820101814,-5.57036565831061,-1.49438171211614
"918",-2.04283321840762,-4.09510779897562,-6.33270910313604
"919",-3.25620243582972,-6.81572312036667,-14.6849915724763
"920",-1.48593936094016,0.254372802754233,14.542473932552
"921",-0.398755590642907,0.537567979271671,6.01145809235027
"922",-3.26299249689629,-8.78130945913051,-24.5550796614293
"923",-4.30883081714643,-15.2761272212207,-53.4289350345623
"924",0.676971443267917,6.61746554039848,37.0955169688655
"925",-3.15160407261146,-8.45350580425998,-23.8658339619499
"926",-0.46229414645893,2.14566361662321,16.0260092304482
"927",1.61625361857801,10.6794680058056,49.68982725298
"928",-5.36161547955635,-18.0762696444923,-64.5654809298783
"929",-0.0268454524688764,3.83375638553491,22.0059393824788
"930",-2.99770580929777,-7.31530980192133,-17.3473454310945
"931",-5.50967436915931,-20.6138360527451,-73.7611968822737
"932",-2.81865333747146,-9.40042161513907,-32.1767446672686
"933",-4.32628394747985,-15.723559385303,-53.1256008379314
"934",-2.24642773410471,-4.9702689513565,-7.49155725529158
"935",-3.24110149628842,-8.08280168274996,-22.7667570472004
"936",-1.28504331460925,-0.657061344848216,6.43749613431964
"937",-1.78765050767981,-3.69147344275871,-3.81289572250716
"938",-1.06108609606935,-0.837290217789359,0.389734578777961
"939",-1.66332523876895,-2.06825373535173,-0.471702203682526
"940",1.15591341874608,7.34585294356646,30.4593058525638
"941",-4.91855225006736,-11.4862129796961,-24.4053623541056
"942",-3.75110289984713,-12.4886570075072,-42.7788222479926
"943",0.696246807021168,7.26141310323521,34.9268101751431
"944",-5.0453848077542,-18.0610657340067,-64.2861044775661
"945",-2.42871970619478,-8.06562797951108,-28.7702004903135
"946",-1.60495185698875,-1.16934882928194,10.6874782675288
"947",-1.7317775475201,-2.50876379280817,-3.78207612201163
"948",-0.541264936358004,0.456426611700067,6.01236013882999
"949",-4.72981319155804,-18.3514863076563,-72.1665204387043
"950",0.0473703426742418,-1.48671492121446,-10.1960647289116
"951",-3.51742771294067,-12.1236061358381,-42.6862621929542
"952",-1.58611376621582,-2.35317405965918,2.88056831596987
"953",-3.82542157905363,-10.1191912733017,-30.2486796225442
"954",-5.66602439998206,-16.4349184162111,-51.617808529131
"955",1.14478079794412,9.34724054797607,44.8911348502386
"956",-2.61710710336769,-6.55108177395141,-18.4791858224107
"957",-2.43428632042639,-9.00511195042054,-33.8769928734805
"958",-3.42425493141184,-11.256715700074,-35.9621230003143
"959",-3.36641660093017,-10.1976921298302,-31.3731288222955
"960",1.26805102156601,7.49927384413411,30.6498423634534
"961",-1.5441516289585,-1.91477717649502,-0.979162704195005
"962",-2.93261692071218,-8.43002811618783,-23.4792974062877
"963",-3.48585252577527,-9.6531557848499,-22.1638343106324
"964",-0.356200340396981,3.60439603435941,23.9941261729766
"965",0.213667759733596,5.55957498216731,31.4025882235915
"966",-0.119435359501324,-0.647598383034051,-1.01538936729003
"967",0.115009713003076,3.73524348912304,20.5421881975478
"968",-0.946734859732601,-0.951985780705627,3.37544935128381
"969",-2.64105050289925,-6.71927559749793,-14.5351386653319
"970",-3.20719381807351,-3.3528811277605,7.84988944580095
"971",-2.88202509860463,-5.52900414845169,-9.26487937562479
"972",-3.1635447491999,-7.67392083330981,-23.7259732198904
"973",0.929786802058629,8.09977802083802,40.989679487629
"974",-2.13931898566534,-4.46537036877476,-9.95745489057254
"975",-2.10598326377516,-3.83968023332318,-4.53573313128004
"976",-0.858442551176438,-0.996634285967843,-0.797023155163515
"977",-0.949670538029466,-1.63014682207313,-1.04877172665806
"978",-0.815540924764719,2.66066834799938,27.3241092889787
"979",1.02175511053053,9.13492807088232,39.0894334428604
"980",-4.8579598258267,-15.1966761743324,-44.1267559753928
"981",-3.42911752587344,-12.1328347905664,-40.7575735968405
"982",-2.74933832337797,-7.29319382728454,-23.9211760451462
"983",-5.55073744782135,-17.6952904523973,-57.9104187305413
"984",0.176653215243277,4.18840837173684,21.4914847623918
"985",-0.161335319302111,2.12919134618426,12.2104517707751
"986",0.618548413044834,7.53959913513017,40.3047482374229
"987",-1.37229221354573,-3.39599905065324,-8.23242356639958
"988",-1.70166364040489,-5.10081107421888,-17.0208234810943
"989",-2.83696860131494,-5.29952310100896,-7.84930071276835
"990",-1.52858702281276,-5.18423764781357,-15.313153361099
"991",-1.70161423374083,-3.79340580093458,-5.21968828993931
"992",-1.53175553316788,1.80535921268756,28.112854139194
"993",-3.38002973549322,-11.4836260970027,-37.6470402541745
"994",0.185663857070324,2.95052804416537,19.2541995337854
"995",-1.2731284779581,-0.952284589317401,3.35679233551605
"996",-1.59042897946102,-2.03920526238801,3.12572096004328
"997",0.996338544237631,7.19614284667625,33.531509731197
"998",-0.193146594958478,5.65717037103661,36.0652694067055
"999",1.17718039186644,7.25770515447471,34.8794661478516
"1000",-5.85122190439864,-16.8069421421045,-48.6019144796094
"1001",0.317014607442559,4.46102940072228,26.3310521211961
"1002",-0.576876828482625,-2.85679004438066,-13.0400536414929
"1003",-0.74147363031858,-0.65407087757751,-3.89465243662039
"1004",-2.34387412423104,-9.18936574745965,-35.7865414545729
"1005",-4.70121321718477,-14.6308487458662,-46.7818406809035
"1006",-3.24495156757575,-12.0565175548559,-42.7547689630683
"1007",-5.06654105208935,-15.4550458520063,-47.8980128704607
"1008",-0.890805927902306,-3.60445854418583,-15.9339475669769
"1009",-3.3976673833281,-15.7268343374369,-66.7652935798467
"1010",3.13641038306929,15.2607995700051,59.2246034948146
"1011",-3.06399758284908,-6.6216960603474,-16.8988503172886
"1012",-2.55372832259923,-5.12688389518178,-12.9772009285241
"1013",-0.144538791397451,0.307468557483503,5.69748390596919
"1014",-6.32543382872666,-25.5498146111922,-95.814749366554
"1015",2.02034038692562,9.03501462626252,33.4243349436508
"1016",-2.59561345784465,-9.23300793770261,-33.7224398253725
"1017",-2.96200657309873,-6.30720151717185,-10.5322304432148
"1018",-0.317973365155297,5.75949592682798,37.1907926438373
"1019",-2.16954702741913,-2.74303380185472,4.96348185970487
"1020",-2.88678612045067,-8.90763023964109,-21.5045241096855
"1021",-2.20244426733416,-6.22458580390685,-19.6721282578744
"1022",-5.16070665944562,-18.7016321933515,-68.9280463916659
"1023",-2.51823779918141,-7.55167514233233,-21.5905765457078
"1024",-0.926018645607485,-0.383790174701403,4.61206625365799
"1025",-8.63223684155963,-31.8791113749445,-115.630080406576
"1026",-1.92367414855545,-0.588247187799425,12.1244211306746
"1027",-0.9526403356125,1.51915007323225,15.5525099926517
"1028",-2.2297714692337,-6.20873852025034,-14.1398760620777
"1029",-2.67234361731533,-5.15517059203808,-9.5616545247226
"1030",-3.41701208650005,-14.2865068291859,-55.7861435577008
"1031",-2.72041129522916,-2.66928053995059,6.53819770349264
"1032",-1.00355163684395,-0.892071394305503,2.55473723420596
"1033",1.00495834258544,5.60272991398494,23.0822083350006
"1034",-0.835311002509286,-1.29180075617649,0.588723580539181
"1035",-1.84795606508925,-4.26402058570056,-6.45611297725827
"1036",-3.89431835065125,-9.91005782738773,-27.8823617835944
"1037",0.612939477268526,8.65776017941653,46.4657323435852
"1038",-0.291496508178398,0.733950126881496,11.6491468023851
"1039",0.0460236300403949,3.94265459507358,23.381377996734
"1040",0.433775836485154,9.33133096322024,55.773938082443
"1041",-1.55932108358837,-3.90668308202794,-12.3968832113196
"1042",-1.5854975719331,1.35676084453326,23.5359760564477
"1043",-4.12906797655364,-15.3727650531954,-58.6885246187903
"1044",-1.88069712007615,-3.16471201046534,-4.77348201977475
"1045",0.746722899242229,8.23536713576357,41.9884748380055
"1046",-0.465169573772982,3.68036829296591,22.2465984789508
"1047",-3.08609562543347,-7.7012157405253,-16.344891682018
"1048",-3.79420626521056,-9.33234684394461,-29.1899940495261
"1049",-0.95623578840042,1.3140215551208,15.5181067922797
"1050",-5.51104344295902,-21.0813363608103,-80.2583912715286
"1051",-3.96207694644983,-12.4368375345913,-41.7848735661776
"1052",-1.69367973959328,-5.79820113955896,-19.4045844972252
"1053",-2.2078322719687,-1.4017859328568,11.8812185917625
"1054",-1.53404147085763,-0.32428794449163,14.4839734236368
"1055",-3.04484970133393,-6.25346035887139,-10.7669160595963
"1056",-1.75059201437546,-0.503255257538626,11.7613560915372
"1057",-4.37917881790236,-17.8227332060528,-70.4032117333534
"1058",-0.286075715755032,2.01685737073115,12.6728266945754
"1059",-2.36078813312395,-4.34114221135349,-6.35861592948572
"1060",-2.28498264520988,-5.64057547858886,-13.6550989371201
"1061",-0.431177124232306,2.29386532383785,13.7290029916624
"1062",-0.974303436380694,2.65664433613335,24.626811777691
"1063",-1.76084636852943,-1.82080360900511,2.6936239423078
"1064",0.15151674957616,4.7349494144803,32.0097811082899
"1065",-2.31491459122367,-6.80992639731619,-22.5969190125509
"1066",-4.88088485652361,-15.1045226706811,-46.0349039698831
"1067",-0.135677046770354,3.43318588299849,21.6794314711749
"1068",-2.98755633917398,-6.13134732140702,-11.4985589726264
"1069",1.29016157580031,10.8235650495895,54.4829576481554
"1070",-2.78686439957272,-6.61778203548852,-13.9795039631751
"1071",-3.26158754393538,-7.91655614352317,-21.7865394210307
"1072",-2.03102829253112,-2.74178326243782,3.39069442027017
"1073",0.203690510565536,2.1526606586109,10.1032212868697
"1074",-1.69405405104675,-3.56731587394097,-4.89820943948348
"1075",-2.73877717222842,-7.42581866676187,-22.2550218398037
"1076",-2.85351522566475,-8.89137047528379,-29.3502269156611
"1077",0.410666959166633,6.04829728690311,31.71597259802
"1078",-2.11353909335349,-5.76864758855811,-18.9073036427631
"1079",-0.957905810381931,-4.75141312375558,-20.1704497225926
"1080",-0.917801764459341,-1.68249605134213,-1.10681574207274
"1081",-1.88886738590082,-3.0765873867357,-2.75433039647669
"1082",0.601341465074256,6.17311325499713,28.1961346610494
"1083",-0.0702438718879534,6.93783666319234,45.1654193794977
"1084",-3.13895476197018,-12.9767357389118,-49.6816328165528
"1085",0.573529260415853,7.42107681728669,37.6460110591806
"1086",-3.94703076896536,-11.7769408904253,-36.9377953021676
"1087",-1.47601915637551,-1.56273022252788,2.87921608040074
"1088",-3.05377182945853,-4.81785365715268,-1.23884839358971
"1089",0.21256798678786,6.6493079741698,40.3870753975561
"1090",-2.73212428211258,-10.2946349451461,-38.6719781916195
"1091",2.13440777442179,14.7222953556355,74.3181542447644
"1092",-3.09452991568935,-8.6191776262408,-25.2513112855318
"1093",-2.41260201175328,-6.96728077492662,-23.2949305555258
"1094",-3.66649531962821,-12.256405244351,-37.8844727561102
"1095",-1.32959609911802,-1.2354804436352,0.795912662275214
"1096",0.436884654315634,6.95417713987968,37.8482790202793
"1097",-1.18212901665794,-1.65797084322901,5.048775538153
"1098",-1.38335650593064,-5.91152114953979,-25.8962126581594
"1099",-4.99027238976254,-11.8794859045648,-27.2259491704951
"1100",-2.94864331919939,-5.49820491901301,-11.3532610420657
"1101",-0.828921420128893,3.33285501847467,28.2886218420344
"1102",2.55998274649238,15.5391222135682,71.3104268971704
"1103",-3.6895681834842,-12.1190263973099,-40.1654793040495
"1104",-2.72917605284505,-10.9705234213897,-43.6231687458996
"1105",-1.45972477395554,1.55027329664267,19.5124420559171
"1106",-3.79506340910774,-14.2282765862822,-52.5890418553656
"1107",-2.47489469188895,-7.13161450513223,-19.9585869253772
"1108",-0.402229285503324,3.71834102988305,22.0892439057634
"1109",0.735340531919519,5.79058264633545,25.9792555031211
"1110",-1.13739000999755,-3.89143898301177,-18.9851469687164
"1111",-4.12904216940427,-13.9985020640676,-48.0956039100085
"1112",-4.99177494861885,-14.1847590941031,-44.0569364394964
"1113",-1.15823092468713,-1.24842654916984,7.08942068269425
"1114",-2.49491917303021,-6.04927824701304,-10.5017179190418
"1115",-3.27469141026012,-7.67552019041216,-15.1016131919246
"1116",-3.06321385075023,-6.68106196937242,-12.5270855706603
"1117",-3.85385672427481,-9.59468217269989,-23.6497480376488
"1118",-1.93022237903881,-3.08268681013897,-5.20481890139308
"1119",-1.87502067936447,-5.34503324996433,-18.6975828798588
"1120",-1.19507479044586,1.23892319954496,18.6198342606281
"1121",-3.33256251464479,-7.88874668945698,-18.2268138341403
"1122",-2.91033146973302,-5.74990984797512,-6.19542229565218
"1123",-4.18560892805988,-14.6897848528823,-50.2505597146724
"1124",0.392330783228317,3.17071794254923,14.5543399040246
"1125",-3.08390861363,-10.0373160914093,-28.4113756903459
"1126",-3.38510156035437,-12.7186435995278,-46.2190003636658
"1127",-5.57841210002618,-18.558524483139,-59.9140804167446
"1128",-0.896175235844794,-2.97646416291764,-8.80759396237499
"1129",-2.72204183720362,-9.07523552170835,-34.9655514616884
"1130",0.394197437120226,4.83123695384404,23.6507481097303
"1131",-1.0342201562438,-2.11080219688426,-1.27311115316593
"1132",-2.07300556779558,-7.86022528371404,-28.9690599453888
"1133",0.500444604890617,7.12100864764659,31.0986636439943
"1134",-2.10753384529846,-0.264355062972754,17.1544633424244
"1135",-0.26014058989773,1.90629005633377,13.7215174288017
"1136",-6.68590451931658,-25.7482310991956,-96.9247759575981
"1137",0.225217671835594,0.51601686305662,-1.23534258625341
"1138",-4.42278651158585,-11.1493971781971,-30.02016260051
"1139",0.0345092493184893,4.6370419372164,28.314912893431
"1140",-2.56251754149963,-6.64416123178717,-18.2782506505068
"1141",-2.31111496397779,-2.77426713355976,5.47396989754611
"1142",1.59376749683742,14.2893964280662,67.8639195418039
"1143",-1.3360271889814,-4.98670327499474,-14.3092731350262
"1144",0.297830805543526,4.86488038574953,27.494392564734
"1145",0.872850729939955,3.66612267702521,12.9067445238368
"1146",-1.95543278665167,-9.46307777619415,-38.3482340752071
"1147",-3.90976630170735,-10.0558606568385,-28.7646823324048
"1148",-1.0189142808627,-2.27066885627437,-3.9250668238401
"1149",-0.116354182558666,4.57142854166364,27.4154064989978
"1150",-1.6517247621739,-1.77728373397792,3.3500879128801
"1151",-3.36366140692337,-12.0138620644228,-42.9273191775958
"1152",-2.19652122682356,-4.02746725827831,-6.37205697008721
"1153",-5.33619553277163,-17.8802259365103,-57.8871191125791
"1154",-3.51272071787668,-11.2254319679405,-39.0106979631628
"1155",0.112839104277214,0.760216320439099,3.4255927438353
"1156",-2.18499316574764,-1.98893495298296,6.4537079600118
"1157",-1.07842108337866,-3.1863148963929,-10.5877858597237
"1158",-4.31877451361981,-14.7848794550194,-50.240944204075
"1159",0.383447299706177,5.39038572961124,24.8537696273381
"1160",-2.30715218123794,-3.18993836680602,1.78631543241409
"1161",-1.89014793132105,-4.53225522659193,-9.17509865814714
"1162",-4.19635764030818,-12.6717028732616,-37.1293586328804
"1163",0.460638397501384,5.47921899658741,25.7137581519087
"1164",-2.51005717911397,-7.58455876502148,-25.2467974279575
"1165",1.63895919600793,11.9270597452781,53.4382216401075
"1166",-3.8056921551422,-11.7707047453823,-35.4049822046384
"1167",-0.518834647448273,0.40314979247637,11.6213634650537
"1168",-2.39105762649905,-7.73914703920047,-26.8514952561009
"1169",-0.771060549399579,1.69515444468038,18.7330622384738
"1170",-1.99897968536823,-2.60916807628735,1.93587026140199
"1171",-3.87742466646858,-13.3660493191564,-46.1676746997425
"1172",-0.597613682216831,-0.0617624309214762,6.87780117785724
"1173",-3.76838248864135,-13.4715630480275,-45.2316601277801
"1174",-3.25425093853335,-12.7272337565357,-50.0307128894901
"1175",-2.54649739150329,-6.96655563733702,-19.5533280171496
"1176",-3.42848907093696,-9.46984194370566,-25.7514384133349
"1177",3.89940215678428,20.337720499442,80.8614928697746
"1178",0.239900594649384,6.18422811248297,35.3345457096882
"1179",-2.77875385242265,-9.16097811391796,-29.0753010214107
"1180",-2.530707511831,-8.73698137020585,-28.7826588609096
"1181",-1.24646905637968,4.16455964788338,35.5321601381675
"1182",-4.22015292440051,-17.8524821699044,-73.7653504975867
"1183",2.97158257519499,18.5528511743747,82.5579399976966
"1184",1.87788083498981,12.5597959018113,59.0351975468936
"1185",1.81644105738928,9.60717945427996,39.1654185128887
"1186",-3.17153539880792,-9.65525751781581,-31.0933233810892
"1187",-0.868495804598126,-1.61840779568115,-2.73134217165443
"1188",0.122421190649675,3.59297739846386,19.4070782366121
"1189",-1.0767878193252,1.770002784442,18.4218813251305
"1190",-1.96459217332887,-2.7761416816337,-0.32367975258876
"1191",-0.694168617041669,-0.756404872741996,-2.69398178474148
"1192",-2.39573306616734,-5.95145797616908,-17.1790497632721
"1193",-5.59299124078132,-17.2242945273233,-49.1018731683801
"1194",-1.05100288905481,2.84796003607596,26.3068256461079
"1195",-3.31545473285763,-10.5100311511625,-30.5861876279964
"1196",-0.348258138308665,4.00452213405856,26.2569320920963
"1197",-4.19414500496077,-12.7470844100122,-45.1003811950256
"1198",-3.52808119294104,-13.9907344683076,-50.1714253925047
"1199",-5.60939725563861,-17.7297806633621,-55.7166598874533
"1200",-4.56600335490822,-15.9568271223891,-55.2532362933021
"1201",0.353439106030748,4.81406522686177,27.0207862254322
"1202",0.328364137378344,8.27004406006085,46.2587388861396
"1203",-2.82226893996324,-5.16883633705322,-2.65429708850138
"1204",0.315230999688993,4.87762717224689,26.4933154564169
"1205",0.932552923648757,8.05921430171657,42.077966241334
"1206",-4.29461718177413,-13.1092119512143,-42.2612257459084
"1207",-1.1463314995554,2.51517910697498,27.8126430847133
"1208",1.91109008095879,11.9443257903089,50.7850879462142
"1209",-2.58741007674888,-4.9487224670047,-4.85905070406488
"1210",-0.292356439770174,1.01032217527791,7.78146635889448
"1211",-2.70743530155744,-10.0607428595752,-29.5533760021538
"1212",-1.46243733292181,1.21856054219711,21.1847179070312
"1213",0.793452367756402,8.4885713988167,42.2848340819348
"1214",1.10103795070631,9.89020516573828,47.4758420210144
"1215",0.0189476992550226,3.16157352391667,18.0325066102998
"1216",-0.411954813997966,3.04684734482055,22.5263549950312
"1217",-2.52067346371462,-6.27333035828963,-19.3349753416717
"1218",-1.00038854603815,2.19954514860706,20.7660546590644
"1219",-3.02838165070074,-10.6229750217304,-36.3813041225244
"1220",-3.40647386720536,-9.0120612781451,-25.3729655033248
"1221",0.69490874494079,4.46331775792726,16.8590507312053
"1222",2.08549906856138,18.7355576747381,92.0495172305389
"1223",-4.12553589189417,-9.9068685535218,-26.9627317234751
"1224",0.786035399821571,8.66299174360347,46.2808481185195
"1225",-2.13643690862438,-2.67689442883182,4.50889822733052
"1226",0.519699793493942,6.75811261268097,36.2929321076972
"1227",-4.66873291638035,-16.4585396073544,-57.6866589596123
"1228",-4.1901548496362,-8.45642546174747,-12.9500148201514
"1229",-4.58377571346239,-12.9882854616581,-36.6950554471773
"1230",-0.666811811343393,-1.30793516029814,-1.23875724042296
"1231",-0.244386210688901,2.25234242893907,14.0783527440142
"1232",-0.11273767571555,1.7200345625165,10.7195263166111
"1233",-3.33810909854435,-12.7103246660989,-48.4796334920716
"1234",-1.82701744464487,0.666488668159104,14.4046886182005
"1235",-7.01806247567913,-25.1480928491924,-88.2476697110158
"1236",-4.77032231250803,-9.5059225376159,-17.274412409186
"1237",-5.83776415135583,-18.8461758877078,-64.2603826749071
"1238",-1.14840636195049,-0.441523900028869,5.94305044221437
"1239",-3.3082267795491,-7.92258669423734,-17.7576403896576
"1240",-2.25737102004564,-6.16975260474237,-19.5091714785035
"1241",-3.0408309937726,-7.15560282635147,-15.3171553153006
"1242",-4.88556300454144,-16.0820033356023,-59.4760395312155
"1243",-0.55681727088097,0.534739988431738,6.9833883012584
"1244",-5.47827386419937,-19.3237595469893,-65.6795864145549
"1245",-3.71372401703331,-8.346654750629,-19.8068222299037
"1246",-3.76070215849677,-16.9056235895132,-66.6616715560292
"1247",-2.96858908184817,-10.150833786749,-32.0922818403444
"1248",-1.55290650216114,-2.06912797136567,-1.0978924059707
"1249",-2.74496898754427,-11.66613039397,-47.1038962402797
"1250",-2.25944526295382,-4.60750033491979,-6.80091900059415
"1251",-4.52021342919124,-13.0256084196478,-42.4690450513328
"1252",-0.543186481707494,0.819346861178929,11.1349550832012
"1253",1.21761793786158,7.90007739575742,30.5958986864177
"1254",1.03757077571066,7.60242133927181,37.7738562319591
"1255",0.912190387522799,9.71716053732268,45.0635774094778
"1256",-1.708710408907,-2.97640704254491,-6.95657853639023
"1257",-0.736761919483513,3.93913130947078,23.502832439556
"1258",-2.22817519054558,-0.383962883730192,19.0156415319041
"1259",-2.54208682927708,-6.5276101122007,-21.0589481847196
"1260",-2.30711785775532,-2.3225267925967,5.81153807916144
"1261",0.486226138881079,7.10106080209482,44.0540522677272
"1262",-3.8571461336295,-10.5781500722813,-31.1242108923959
"1263",-2.54859352541956,-9.45444741244148,-34.0056906602738
"1264",-6.04768672339992,-20.5100196919682,-69.2105278251413
"1265",-0.794073104817528,-3.32342262641248,-11.444064060343
"1266",-2.72137920506219,-9.02557740441819,-32.6791836761111
"1267",1.41241050497149,7.46638999142658,30.6460571242997
"1268",-1.00366471177779,-1.80211202690271,-8.63222123631431
"1269",-4.66797358093385,-15.726965259739,-45.9446430151036
"1270",1.39753850891287,10.4733675994952,47.9940835926147
"1271",-2.79809353509563,-3.53863689100672,-0.206044187532598
"1272",0.925344237717354,7.23031069517242,37.0761607686829
"1273",-4.07575282275462,-13.5159903309655,-41.4948912663738
"1274",-0.623537532193325,3.24049617600804,25.6105710785196
"1275",0.322522685871888,4.32591950552751,21.1627774425297
"1276",0.367129509654774,6.06838565228486,26.8741678072272
"1277",-0.797268299979635,0.320856884436921,7.6811282349031
"1278",-1.08239771583789,2.47081393983729,23.548794491604
"1279",-0.0764487341184577,2.65582409185151,16.3442483216015
"1280",-3.45724750265293,-6.63397060277021,-8.56154977129881
"1281",-1.29899624732479,-4.00847112441738,-10.7873713956403
"1282",-3.69040039488203,-9.96436061873908,-28.2430110766688
"1283",-2.89791440330447,-6.8610039820627,-17.9050794922805
"1284",-1.21699124674058,-2.7294912463442,-10.3033148414188
"1285",-3.47185055146105,-11.5958205039469,-42.3005634629437
"1286",-1.28039928204385,-3.17338063832267,-7.42707263618718
"1287",-0.163059411065717,3.85597954943739,23.0412028044193
"1288",-1.03218069548859,0.319492654405735,9.80559398273294
"1289",-2.73089096412002,-11.4698100932991,-47.4358589741057
"1290",-1.21139907594403,-0.500158680625532,2.4387747287808
"1291",-1.36913999321581,-4.24981480295708,-12.7896482845247
"1292",-2.29730310264273,-3.79820305115197,-3.23573583062284
"1293",2.35273018367087,13.0687221216241,50.9060599633715
"1294",1.45855669924583,12.9349296731904,60.4802530056993
"1295",-3.77850151727671,-1.69445376303906,22.6993947008921
"1296",0.104695896268538,2.68164861049377,17.6433928886802
"1297",-1.44935946072576,-3.43563294147839,-8.07734149606995
"1298",-1.54907035143475,-0.443557565930291,9.3062900619741
"1299",-3.91152153000081,-12.9122866284368,-43.4430936499609
"1300",-3.38159070777021,-8.76470972851178,-22.4065269519299
"1301",-0.128310167494647,1.53112570550979,4.28274677036484
"1302",2.54819199386634,12.5405584871538,53.1501140550465
"1303",-0.945180118785572,-1.53956583977788,1.35806288542972
"1304",-4.55682967545403,-13.3688022247791,-42.672037321933
"1305",-3.18282239955306,-6.79350996272774,-6.0762809039777
"1306",-3.79469082352034,-12.2382998266761,-41.3576011295606
"1307",-2.92305601440574,-8.19287336076059,-21.5541781842344
"1308",-4.58757336571671,-16.96097922392,-61.3701710626192
"1309",2.96716710071701,18.8910684555502,87.813088263714
"1310",-3.43767194360083,-11.460374223176,-37.7754267868836
"1311",-1.39568876036128,-2.35519614812347,-5.52480075576545
"1312",-2.67824089746404,-6.16802908293062,-13.14739055476
"1313",-0.978659672295578,-0.925369772364547,5.15786146651089
"1314",-2.2119468627555,-5.36827253800629,-14.4780919104696
"1315",-2.45425301937934,-3.41559403527845,-0.221052734380919
"1316",0.177394657458819,5.71866576147261,31.941038961653
"1317",-0.173601148602074,5.35706142709773,37.3835661404989
"1318",-2.22826653167272,-4.34874962640674,-7.36875742993448
"1319",-2.2488798147196,-4.60412287250801,-1.44614832125535
"1320",-0.856935838170671,-0.97671548559515,-1.66619614071715
"1321",-2.96149497731398,-9.36716108542714,-31.665725062074
"1322",-1.21139626207759,-0.670443757892485,5.73880515604219
"1323",-3.61664979387342,-10.9332103775997,-35.8029273179379
"1324",1.53055441222176,11.2641306603966,52.8393168211949
"1325",0.0707177352691133,5.66885608009977,30.7088578072387
"1326",0.703079062972847,5.44953126098846,25.204772751913
"1327",0.0447562645495054,0.999515346393196,3.38336918037089
"1328",-3.06082971583771,-9.42506326790613,-31.498909978028
"1329",-2.20295003175067,-7.03330538200487,-24.2124772533457
"1330",1.86300107900041,9.06696761563273,33.3935937675526
"1331",-2.85168578485872,-9.72592135837999,-34.4260333538664
"1332",2.099400787506,14.245248979261,63.5786039571437
"1333",-4.71313484351026,-14.2662980579803,-46.3490428559714
"1334",-5.25379406754951,-18.0140461686253,-62.8652428894391
"1335",-1.25840920272213,1.00639714107422,14.0045841186206
"1336",-3.91628723867711,-12.1862928164454,-39.9288395610758
"1337",-3.32032911625038,-5.71060748830757,-7.2415054832727
"1338",-2.30468062267795,-2.66191659114077,5.46418463462101
"1339",0.37015598818931,2.91900526376116,11.256630690594
"1340",-4.73441285376811,-15.8498345481612,-59.3387417547979
"1341",-1.57461991750102,-5.7960440725243,-20.8668694890289
"1342",-1.45350619966541,-4.08284157364938,-14.9575688697118
"1343",-4.44526243480186,-11.3868468992326,-25.3173374089768
"1344",-1.34284209433321,-1.08021380367495,4.26961133497775
"1345",-1.18922142795566,-1.98484206441049,-4.26351009991663
"1346",-1.78911170964125,0.826474983884623,21.0181756570739
"1347",3.17181945552301,16.7243286770873,67.9513170827779
"1348",-3.00523755649652,-10.3889237792049,-33.5377355553665
"1349",0.364626366901632,6.26475689576137,35.1259293466871
"1350",-1.89576866574208,-5.45731598867314,-20.7263050420581
"1351",-4.7083270304762,-16.1179630516281,-58.4781326256625
"1352",0.988774498117152,6.48261608385928,30.9807513235601
"1353",-3.00571262562596,-8.30161732808858,-23.8056026514503
"1354",-0.123854920474059,4.22031266392264,25.415076420476
"1355",-2.38631624690322,-7.07641512241355,-20.6086729761323
"1356",-5.60000936686555,-19.1766979906239,-66.7768527952373
"1357",-2.85151122038275,-11.7252576803719,-48.0819597274524
"1358",0.734845915233564,8.93570267705957,45.0429224021761
"1359",-0.293118673302615,2.71766521544635,19.7909463275785
"1360",-1.50290847960179,-5.07581422455348,-16.0843790675635
"1361",-1.97926275321754,-4.79241423088308,-11.290166382229
"1362",-0.769908247632884,1.78543532973174,16.4060993920189
"1363",-1.92959391528564,-6.24237297104423,-25.4348100754612
"1364",-1.74097157329254,-3.98905037449515,-11.2377294719784
"1365",1.38013936403331,13.1774329416653,68.8842479770913
"1366",-3.31356133862982,-7.51668654545347,-18.861710635447
"1367",-1.28312666003723,2.82875016456489,25.182228043843
"1368",1.27730881270202,11.6565024689813,59.6706454075372
"1369",-2.76927579771245,-8.96377733585609,-27.5297289349519
"1370",-3.61369326247359,-11.1818548207093,-35.6249563017022
"1371",-2.11468188101526,-5.88734577296327,-13.4927576103601
"1372",0.162236565751471,6.35276701946407,34.7108715926204
"1373",-3.95802464433604,-10.3614431286145,-22.8044904912995
"1374",-1.22398686740792,3.71256973593313,32.8311307773777
"1375",0.0301032470182463,4.07393526257556,21.1435152864915
"1376",-3.86349903125677,-10.8942389281951,-32.419631278168
"1377",0.683664702711553,9.27689966300795,45.4581609802815
"1378",-1.09547989744806,0.72177222410437,16.4098292173985
"1379",-1.54721351267057,-0.611073694329775,13.6790710811647
"1380",1.87466148793607,13.8271761518072,63.2408330701307
"1381",-0.250992465570448,9.77021954958593,56.9267871514592
"1382",-0.832861610862722,-0.660493538215746,0.864113274437386
"1383",-3.53884978276761,-9.37150570705103,-25.1360804132698
"1384",-2.26431912343912,-1.13355959642388,15.4263366167884
"1385",-0.611281563683804,-2.73579226328695,-13.4267681257452
"1386",-1.29646743239039,0.0666818540649956,8.11172287080444
"1387",0.205813275089383,6.50198011026555,33.5763896213716
"1388",-0.520437616769925,2.28997818578443,16.2011638245856
"1389",-2.33956148482326,-6.03915745581924,-12.7754450744901
"1390",-1.63935807238897,-3.35895038170156,-7.64456356442452
"1391",-2.51019942099776,-6.63054386822591,-20.4807431786232
"1392",-2.61993558661794,-9.90788927995027,-32.897336116419
"1393",-3.99869260290598,-11.782605605697,-35.758791258063
"1394",1.0972894744047,11.0096966972661,55.6020392590906
"1395",-2.94583389037956,-11.9624112569052,-45.3400613847152
"1396",-0.686607177277892,-1.77307105995601,-6.18410664516637
"1397",-0.278729639240737,0.455959265616229,4.0589614702094
"1398",-0.866890786258239,2.0683992825484,17.4169232778722
"1399",-4.56612420593154,-13.858279010155,-46.1715550832989
"1400",-0.456841146030229,6.41984444541674,43.9929987096414
"1401",-5.41385733540687,-16.6695982295358,-54.0760076541453
"1402",-4.29914864867447,-14.9142421951335,-52.7057931414909
"1403",-2.35557596639234,-5.85457876922089,-12.2308317227405
"1404",-1.52470102145975,-4.72225643123841,-14.6684414991976
"1405",-3.25683834032492,-6.01768998166983,-5.63509238925417
"1406",1.57146063492985,11.9936570396904,56.6423736652025
"1407",-4.00185603294699,-11.6964161763655,-31.1581733577716
"1408",-5.64784985651357,-16.1267226060987,-47.0740859513428
"1409",-0.649483267144376,2.36332251799831,23.3252227379894
"1410",-1.30787869579996,-0.436087301360317,8.68277957053601
"1411",-2.24692334274664,-6.23735735607352,-21.0288666401889
"1412",-2.23502076997437,-4.37888515183317,-10.3865232759581
"1413",-4.08979671618107,-14.1236156749653,-47.3232171510454
"1414",-3.07933365568266,-13.2199981469337,-49.6319694066708
"1415",-5.41810246558651,-22.3008402397185,-86.9545951547966
"1416",-2.9784315558054,-8.57150581487406,-28.2846303349002
"1417",-0.373199188447302,4.25031949401512,28.1531515881052
"1418",-2.36482149279789,-6.43665649069715,-14.843618874786
"1419",-0.564224381108033,0.654441901201039,9.83412854285757
"1420",-1.4170712166528,-1.31438377501058,6.61069948490081
"1421",-3.2971680784072,-8.50021716645233,-20.209589334198
"1422",-2.25073290715738,-3.35368099591119,-2.91902240394961
"1423",-1.86348310143063,-1.80355518837018,6.35772833813326
"1424",-2.13659881996557,-7.70158138978172,-29.1052676052304
"1425",-1.83795401166685,-4.41241175993355,-8.29432993519481
"1426",-1.46600918653928,-0.800489817594553,9.44594379682462
"1427",-5.20495669959143,-14.5819592059462,-40.6897245691594
"1428",-5.89932795090363,-19.8664358776947,-67.7618533599991
"1429",-1.55199271063088,0.537037515789393,16.2242322603538
"1430",-0.0444500655453908,2.83793347496658,12.0675009209037
"1431",-2.11684623431927,-5.70729561343194,-16.7783085917965
"1432",0.457926974113661,5.44142756595636,31.1477205518158
"1433",0.687929231685246,3.92283315561917,22.1538381238238
"1434",-0.935550095297174,-0.0699528825357447,6.54276882205409
"1435",-2.78664494678185,-9.69976145435965,-34.6847282255869
"1436",-2.2914068135027,-7.95196219759737,-25.8995450526691
"1437",-2.17592853447894,-3.80907833576418,-6.02075872065552
"1438",-1.38284320522297,0.336409216131074,14.3096916890461
"1439",-2.22067702004364,-3.39362499571132,-3.63468013873421
"1440",-0.774356306900529,1.29361051533033,17.6665115056803
"1441",-5.217692957304,-14.5714091546354,-43.8731970403808
"1442",-1.92576248974581,-0.0578232059457378,19.7259170158316
"1443",-1.81036894426433,-1.14028530794462,9.366594707692
"1444",-2.11795981896393,-8.41410817849612,-35.8383477078607
"1445",-1.35391119240592,-1.5569841341121,2.85923123177031
"1446",-2.65394169247924,-5.61281661940598,-8.83790909507275
"1447",-2.57310461245254,-7.50734427201746,-20.678298441826
"1448",-4.00037095426501,-11.4584470023705,-30.09103469252
"1449",-3.59108119468465,-11.1533452288575,-38.0369069260576
"1450",1.19809035191065,7.16708589826203,32.8010534156333
"1451",-2.17271709374432,-5.05835960926493,-12.0976715682557
"1452",-1.72090849454605,-2.89725761465172,-2.28696010682665
"1453",-1.2097061918156,-1.16137836408473,7.97197981677596
"1454",-6.2561043697948,-22.2356624763624,-80.1428824127356
"1455",-0.923888237919698,-0.396021522582828,3.8493131674004
"1456",-4.62647649590429,-18.1319961784048,-67.6400918994384
"1457",0.750575573623792,10.2565488254443,54.2513790329683
"1458",1.9140394379661,10.8169824232604,49.6727919221432
"1459",-2.79634839195768,-7.97894065161734,-24.3385560759764
"1460",-0.142251212753763,0.770078091904224,5.81049373395854
"1461",-1.48764142360352,-2.10921268209518,2.44630628044229
"1462",-1.53324057503346,-2.18174208281494,-0.563783810316409
"1463",-0.935032557258864,-1.57479251218479,-5.13285468640152
"1464",0.90514202272783,8.22183021686681,33.9037256388333
"1465",-4.25454971222564,-11.5939674039353,-33.9071283092885
"1466",-2.18587972619747,-6.17759821489994,-19.6202172739743
"1467",-1.9173164251003,-1.69932885402409,5.56533005119741
"1468",-2.48460650300962,-8.64990631226419,-29.0725350791413
"1469",-0.306337189249689,3.22281429941336,22.7873043985389
"1470",0.238484198407548,6.16338263486489,39.6849921897974
"1471",-4.09545653925591,-13.1178282862812,-45.3768631393709
"1472",-2.14621068412845,-2.42437596167167,2.04535194952587
"1473",-2.62543560941072,-10.4957186702054,-41.0200012079563
"1474",-2.24586248572621,-4.80552139427664,-10.6085776425766
"1475",-2.18231553863194,-5.51468363972026,-13.0505428359943
"1476",-4.04952115367894,-15.3246316000869,-53.9957475837248
"1477",-1.99467900361736,-2.52040145833098,4.69941762897588
"1478",-2.4454287703702,-3.9274999891303,-4.97780842973907
"1479",-1.55565786819204,1.14056773191317,23.1321026050562
"1480",-2.65207457945053,-5.71479198324744,-10.1202651793101
"1481",-1.99166014276358,-2.43597171222734,1.97934614063797
"1482",-1.70326186154631,-1.22514067303734,7.05044149448872
"1483",-2.14595641041109,-4.48632622198477,-6.10515961388114
"1484",-4.88463643283836,-14.8178880305236,-47.5394661655705
"1485",0.36855595256435,0.23230577441791,-3.34964444734965
"1486",-2.84654479110429,-6.09500088628761,-13.3534441246932
"1487",0.215200414693982,7.11204133585682,39.1331307722126
"1488",-2.87018729645939,-5.37674659508718,-7.30944202132355
"1489",1.67604147055164,7.34273079196305,25.4671801937077
"1490",0.0192734011350808,2.09817723192589,12.0205536393225
"1491",-1.33302259256482,0.593296236827314,13.7074320970796
"1492",-0.865484341310889,-0.971506316211844,3.91665262507559
"1493",-5.48872543052943,-14.0919456303303,-34.7835206216896
"1494",-3.98375468025631,-11.7102800760125,-37.8691514727782
"1495",-4.46929432992511,-13.270322250268,-42.8994009162163
"1496",-2.90971453426135,-9.78677998114142,-36.2266862586253
"1497",-3.47418106436407,-12.1116119785223,-44.8461211834749
"1498",-3.28376448803772,-10.1129569397375,-33.3575995547981
"1499",-2.24657663466081,-7.52339829336131,-25.7864219651472
"1500",-3.56061311298623,-8.33709460980049,-16.8805396751686
"1501",-5.70786367763333,-18.9912672853601,-62.2215421574545
"1502",-5.03827584792009,-16.9358589003571,-57.2838343559654
"1503",-3.0241136369778,-7.63583040434492,-20.9366131726606
"1504",0.0358848115446335,-0.887774721545952,-3.74789735230934
"1505",-1.13969135315295,3.96897710536518,35.2141053449664
"1506",-2.68457675964726,-1.71682508538095,12.5643297907275
"1507",-3.02470528392246,-5.19715858813049,-3.73358816386417
"1508",-3.38663561188008,-12.6953992856185,-46.5286715688094
"1509",-0.992458442500151,0.321470121190714,9.10285927233167
"1510",-2.7095365254014,-9.55256916998167,-36.4623291712612
"1511",-3.53131910998417,-8.2595129858563,-18.9863438951725
"1512",0.170223233396314,9.11146453220454,50.8687974634643
"1513",-2.67906646532492,-6.53760628060184,-14.7267449980554
"1514",-1.77214346934841,-2.4460938199361,-1.19816890713128
"1515",-0.972743301269247,0.843376362828621,13.5400623853157
"1516",-1.98104004870561,-5.17681981859857,-14.3093693241228
"1517",1.29677254320563,7.30186376873542,30.2583817677062
"1518",1.03103279546588,9.92605257643811,50.972543822628
"1519",-3.29813477992553,-9.80859313549752,-33.1667154449419
"1520",-1.58721067825297,-1.9829487474525,2.5372054911129
"1521",-1.89036801112547,-3.76598286693365,-5.51729170287331
"1522",-5.10545678006628,-16.1176985139131,-52.3165351623761
"1523",-0.878990468819325,0.0277899865102427,4.76764308427573
"1524",-0.587161580435009,0.150928362547575,5.83070767111576
"1525",-4.29994348304427,-9.86708889077056,-22.4636495709849
"1526",-1.89548916069509,-3.37724901081674,-0.913574229129154
"1527",-5.4785926679632,-20.8528868458383,-73.0999529719511
"1528",-0.822713361397973,2.3074256058718,24.7845482692803
"1529",-2.42546211835878,-1.55052577288916,8.39199829374593
"1530",-5.13893305230187,-13.7151392966696,-35.6079852795317
"1531",-2.91366855577803,-6.16605908112547,-10.6571172749623
"1532",-0.68567331362442,4.37402920325871,31.5941759763227
"1533",2.12693997076138,16.1049960265906,75.7256933054812
"1534",-2.12002237061756,-4.63771387793997,-8.12409568510179
"1535",-4.89199343977606,-15.9966683512712,-54.5192771296781
"1536",-2.50855820985362,-5.74570046273664,-13.0867313959766
"1537",-1.68774350495369,-2.7941911958826,-0.462153343905356
"1538",-2.49372622323006,-8.43485364759579,-31.9899314966685
"1539",-2.17180801720514,-0.677201809819621,18.0194190362806
"1540",-0.817535665248556,0.833976137004129,16.734403808194
"1541",-2.90350901530343,-9.00400922391157,-30.8085298173394
"1542",-2.07126302631195,-4.01565364468001,-6.85391179755015
"1543",-4.70525546868828,-16.1310425351614,-52.9186321456036
"1544",-2.63115914171931,-9.31032642078765,-30.8326778639962
"1545",-0.889469921556895,2.85808846499185,22.4292650302921
"1546",-3.94780344795294,-11.7018504429144,-33.5282721709884
"1547",-2.1716291228185,-2.37903569581272,1.78857654585613
"1548",-2.43805094830225,-4.31368407437833,-5.46710189486475
"1549",-1.45049361301477,-3.37922680674978,-8.20652594296098
"1550",0.032469306195992,2.06273916236796,7.20143245278359
"1551",0.736658599318048,5.44913968616072,25.3487120803852
"1552",-0.338295274742848,0.885431936482973,9.1134723248606
"1553",-0.202540558035139,2.96756940604257,20.5839898673744
"1554",-2.49493040284511,-4.4141379629632,-0.160418820609038
"1555",-2.7770192026814,-5.7615262601314,-7.87163549814431
"1556",-0.21770780203326,3.83959151271961,25.9577307281872
"1557",-3.45269084995147,-9.02920915759501,-23.3381640505768
"1558",-2.43412610455533,-4.30893227945785,-3.67579153062093
"1559",-3.22321346886304,-12.3659190685991,-42.648514448638
"1560",-4.31952478117734,-13.248593017039,-35.9359858515406
"1561",-2.95489350119772,-7.60112475570065,-22.0037525422072
"1562",-4.36300443524595,-13.1078762130373,-39.3201362808315
"1563",-3.14644002560715,-9.7748846092743,-30.7449602524005
"1564",-3.79353221985821,-10.7198940517802,-33.9583571479329
"1565",1.33053858625811,8.85922190706356,40.6808859127411
"1566",-3.33627761186295,-6.65408611614657,-10.9952827820816
"1567",-4.36304407719439,-13.0904520842942,-41.4531919130479
"1568",-1.60220091947377,-5.61466427409164,-24.4827697954329
"1569",-1.77137525593446,-1.23293824587222,8.67948157469891
"1570",0.176419864247407,5.55685598437469,28.792750801596
"1571",0.513041005021535,4.44619992408877,20.704235920462
"1572",-1.59787219361823,-1.45381481313927,3.07493994248375
"1573",-1.84598961850025,1.34006749167315,24.9187520536941
"1574",-3.7333105776413,-12.246550844091,-35.9743159967131
"1575",-0.91415637504133,1.15254598080708,9.66050384360597
"1576",1.20018061977697,10.7729324432271,53.7863105967865
"1577",-0.28487801622947,1.50528920010652,10.7534440780207
"1578",-0.000231587660323385,3.1114260059511,16.6388740685998
"1579",-2.39582644621061,-4.36152221535838,-6.18607032627415
"1580",-4.1150581405268,-13.97810432881,-45.5451824709758
"1581",-5.61566196142201,-17.9222854081257,-55.651407860116
"1582",-2.0440509973804,-3.65664348386315,0.0106027827355319
"1583",0.914334896153491,6.62268013740311,31.6560075042364
"1584",-4.02647853670027,-11.998625965011,-40.014224299211
"1585",-1.23990900196253,0.646472036572504,17.3273823933009
"1586",-0.57958481001782,4.87133685902324,34.6837469707591
"1587",-0.335376419586737,2.07580582581454,10.020811912761
"1588",-2.08942594237652,-5.79587290645441,-13.7863163285651
"1589",-2.02253775331678,-1.99289548048102,2.05277242433408
"1590",-2.58719930289357,-8.04772432564607,-27.9588241135643
"1591",-2.87929093875545,-6.20243480316719,-11.4922475873902
"1592",-1.61806222049108,-3.53252828709037,-6.3881535134949
"1593",-4.92459897092317,-10.2224038385647,-17.2949979278758
"1594",-3.54642588060068,-8.53771639824959,-20.4753186892226
"1595",-4.13688279029247,-15.4461901464978,-57.2566432531339
"1596",-1.04084611422923,-3.93497971294778,-16.8161895730852
"1597",-4.80403383328616,-15.8679720031097,-53.0428340081437
"1598",0.892587567266787,3.27569239975185,8.19397118144616
"1599",-6.8537898913566,-23.7803239028656,-79.5347520715054
"1600",-3.01715209520933,-8.60411573875422,-26.6374036048207
"1601",-3.39161773915407,-8.47275411787086,-20.8034320386034
"1602",-4.46942396996025,-14.7412341782737,-49.5104012839117
"1603",-7.04020789818054,-23.1108226215651,-73.9453807769048
"1604",-3.74036274413078,-9.27902587774133,-22.9840040141034
"1605",-0.861147506563611,0.24076365406188,10.282775800526
"1606",-2.52887286892496,-6.13734908374545,-19.9210664789507
"1607",-1.33124900440862,-1.72325804517857,6.52346599614521
"1608",-5.6510917708581,-16.9073920779756,-53.6893582668233
"1609",-1.79758373827366,-2.85438174244655,-2.04625139028462
"1610",4.03919352442119,22.8837870792667,97.4135650688083
"1611",-4.1324205186142,-10.0945099482122,-27.6680950144932
"1612",-1.6537742474809,-3.78696686208787,-8.89656577749406
"1613",-3.96433754868184,-15.150861964248,-54.641646020717
"1614",0.800649565635013,4.79906831743313,22.5179908782718
"1615",-1.41866890387871,-1.03956497127547,7.21757090764095
"1616",1.61444138359883,10.8893131031763,44.6914156604178
"1617",-1.91828647863059,-3.58366083431804,-8.45275536537406
"1618",-1.65080249162139,-3.20887456072091,-4.61941510529141
"1619",-3.9968472897724,-14.787047110762,-55.1994794419566
"1620",-4.27167337417603,-11.0258474149855,-29.9084950113843
"1621",-2.88823612962221,-5.9286215107395,-10.7366932715595
"1622",-6.26842702955003,-22.2864539010475,-78.1729021889289
"1623",-1.71180379510571,-6.37104769991629,-24.5230425222521
"1624",-1.23474918246251,-1.79927407756304,-2.21016116276883
"1625",-2.8256788295389,-4.98499850893415,-7.19473671294122
"1626",-3.86518515040433,-10.4773759231692,-24.7064611798276
"1627",1.9608781542608,10.7540032762741,49.9781434831727
"1628",-2.65872245055812,-4.63839906063083,-5.04487346982478
"1629",-2.23531664621015,-4.22560103241563,-1.23580061638131
"1630",-2.46183720859813,-9.03334914126401,-36.6009022965186
"1631",-2.58642951256763,-6.28869623690889,-11.7700268423189
"1632",-2.6177265194903,-8.67512180210645,-28.8611385165286
"1633",-1.04673546167243,-1.09754406880359,3.09684312448439
"1634",-1.07566520504326,-1.03360612585732,3.00175988540764
"1635",-2.24724134615059,-1.24389459964789,14.4462593301489
"1636",-3.65849002939234,-10.1412563224385,-28.2924764592769
"1637",-3.2874040661564,-9.35185562142965,-29.126711324026
"1638",-2.61628969883725,-7.29647893065373,-19.1353225238956
"1639",-2.74901874719751,-6.83542413452835,-15.1019252421174
"1640",-2.94370356368916,-7.33417628787606,-21.3931085547349
"1641",-4.48035538733842,-9.81747653570915,-16.8062876810711
"1642",-0.352074072705079,-1.7598148331698,-11.6068877141574
"1643",-1.4850221283827,-6.31098183148049,-26.7340149941383
"1644",1.07784193060326,11.5123700240184,62.1976752599437
"1645",-0.129707066998662,4.09332581951571,27.6348318378964
"1646",-3.43722027581583,-11.0529465647863,-37.6500541284445
"1647",-0.418440656469727,3.30581570901745,19.669677260827
"1648",-0.521962974478072,2.18094263470243,16.0228934434922
"1649",-0.449562108463965,3.20758925292284,20.413149727148
"1650",2.47782471257455,13.575712528626,56.3852431338062
"1651",-4.34836345709186,-15.7637896618736,-55.7204000971528
"1652",-3.02932163074621,-4.6725504002361,-2.88601091691316
"1653",-3.88866029946217,-11.621965840904,-41.0696233294702
"1654",-2.60391924286216,-6.70291736502429,-20.0796007569895
"1655",-4.45633656418397,-12.5064641380461,-34.9019773271405
"1656",-0.132224293382137,5.42846090891169,32.2868046807691
"1657",-2.51071432338017,-7.96486462461098,-22.3739946625144
"1658",-1.07964013195527,-4.35534145380109,-15.2223903762576
"1659",-3.62365359166046,-10.4786787974376,-33.5174483304484
"1660",1.10973347553886,13.7300826515208,73.2343055233084
"1661",-1.88162978774568,-1.32808204591129,12.5438618182786
"1662",-2.340508963047,-5.76378166204199,-10.1940358889676
"1663",1.2039346930261,10.125013200108,50.3348927691566
"1664",-2.98510073217773,-9.13364214041803,-32.6180713477941
"1665",-2.80851261980382,-7.30742402285648,-15.8166667735941
"1666",-3.57827073911011,-12.2500598855155,-40.7267986134202
"1667",-2.54294792438048,-6.73323305458462,-16.8928502985948
"1668",0.524205109466152,3.90545615645794,19.3759688826058
"1669",-2.16751707599815,-6.66537568194258,-24.1011688876615
"1670",-3.32432844695751,-10.378856636449,-32.6594583611254
"1671",-1.65646676714971,-2.55644927931462,-2.48967341536104
"1672",-3.1411036156743,-8.76292210785618,-27.6450323207841
"1673",-1.35166634024131,-4.49993458047368,-12.9588717149456
"1674",-6.57554014740663,-23.0221967183359,-77.4027839500432
"1675",-3.87373210134103,-13.6984192368111,-47.1170964981384
"1676",-0.286797217842604,1.94042209637939,12.5550808325333
"1677",0.092334922834084,-1.05244368585795,-5.47187058425652
"1678",0.843437397416949,9.21281338430265,48.9127187371853
"1679",-4.44456641775508,-16.6553721023524,-59.011918404271
"1680",-4.62594297212456,-13.0615817261722,-45.282264538612
"1681",-3.01955075795297,-9.67265821132435,-32.735203159566
"1682",1.15141441101696,10.3730844887484,51.3281375792965
"1683",-3.10723600317846,-8.96816788528895,-27.1716054098022
"1684",-2.17891456799066,-4.98182689593568,-10.4120106082421
"1685",-2.83849312588296,-9.43452280973975,-32.4963679125676
"1686",-1.9234902685165,-5.95025865393427,-21.2686106231588
"1687",0.941570170037835,5.97170056374318,26.790896670567
"1688",-4.12519761029398,-6.48847430828823,-2.48085606043173
"1689",-5.82672801730473,-16.7719946983752,-46.5675055788327
"1690",-1.97370252642219,-5.03607235290565,-18.3215470058194
"1691",-2.36265357218025,-1.27096318116446,15.06798183562
"1692",-5.90057390333357,-15.4078176454664,-38.0894444696405
"1693",0.521668047112655,9.77504276349453,57.7382839887593
"1694",-2.25013243241119,-2.62882371211583,2.63242690265429
"1695",-2.9429738492056,-4.81803136892222,-2.41566411423582
"1696",-2.65379437396291,-8.36791385643164,-25.292527250492
"1697",3.17600108794261,15.217848802943,62.1542318318659
"1698",-2.50685243542137,-3.53580211631447,-3.2662726107244
"1699",-2.77167233826606,-8.25082305859848,-29.6276237928846
"1700",1.27910940163815,8.316575853892,42.4385610307761
"1701",-2.53520790178811,-8.58239917874778,-28.9221890284609
"1702",-4.65052554192789,-13.9240825393443,-41.6094089442108
"1703",-2.65897762557097,-6.6218702543141,-18.4020910282268
"1704",-2.83491745361482,-9.42805144351405,-25.8878624479444
"1705",-4.65871222311927,-16.2231970915809,-56.1545971750852
"1706",-2.64068774858106,-1.56257500630079,20.5845796053882
"1707",-0.82604369644622,-0.7039054306872,5.41662595349248
"1708",-2.48795335665943,-5.34448345320675,-10.4842746663373
"1709",-6.16916341798083,-23.1493673300037,-83.1917996516827
"1710",-1.97638672204732,-4.40110264429836,-10.1469324953764
"1711",-0.843557513917006,1.20578226695818,9.82726160694369
"1712",-1.52072541926276,-4.60945696263116,-15.2586435258099
"1713",-1.47859812298367,2.89170562274717,30.6812237107347
"1714",-1.44338730450994,-3.0873277708514,-3.63866667158868
"1715",-0.307004155917411,3.59729581044496,23.1823982901585
"1716",-2.42655165575684,-8.83317746027956,-29.6307515738313
"1717",-3.15471767568874,-8.8606683289587,-26.646402176156
"1718",-3.14320615748136,-8.56777527203167,-24.2285253584751
"1719",-1.87185066596675,-4.34590426530247,-5.91295071830154
"1720",-0.59648261687579,1.72925663055412,17.3353568110031
"1721",-3.66798902301935,-11.4435119385789,-36.3065963442737
"1722",0.318962533035119,6.075312077386,29.5601120511553
"1723",-2.70547099293339,-13.059010024101,-57.0449654268295
"1724",0.364461142032951,5.83910995877613,27.4856281328889
"1725",-5.91442989885996,-17.6223087310369,-54.488090204886
"1726",-1.94063303755439,-0.923892012261149,11.7806546397935
"1727",-2.22288049812687,-0.815011994853535,12.6127963675669
"1728",-2.85401606972545,-6.75361691085277,-12.9000231303487
"1729",-0.904100892051588,3.32897287817866,23.7513917733456
"1730",-0.660527336978362,-1.82028192213613,-8.89018010866153
"1731",-1.33248859948367,-1.04307489300049,1.89081204454487
"1732",-0.573061559473331,2.50341737894314,22.0939803300967
"1733",-0.323991042358443,3.2326454990548,17.7071398568062
"1734",1.39196464067641,9.35387423008308,43.629070526639
"1735",-1.93275722906486,-2.62661947251388,0.658394387103499
"1736",-1.52845641015278,-1.16885026033299,11.3371110047374
"1737",-3.56204211505968,-7.22704409181733,-16.8298641932884
"1738",-1.96537714011828,-4.68142827627275,-12.5508341007828
"1739",-0.464052483658918,3.06924834999415,22.0876126997916
"1740",-2.0445880278458,-4.69530863747468,-9.95526655947447
"1741",-4.71179207022573,-12.7668919339272,-37.5643039006891
"1742",-0.61222671463247,-1.26330992157398,-2.9757900490531
"1743",1.78638247609405,9.69733788533495,43.5577896480247
"1744",-5.27539278849781,-17.2663228948163,-54.4037778731174
"1745",-4.75272062971618,-15.4637941298431,-52.2154871316659
"1746",-1.07256652527502,-1.36316267150642,1.19821871352701
"1747",2.56382675099314,15.016932189886,69.54697164615
"1748",-3.05392086700584,-5.68184995170566,-12.0252795927702
"1749",-0.752974079241142,-0.0669614163389269,3.61673006266665
"1750",0.46581372631033,2.4627728738219,10.5269072008118
"1751",0.602462253028762,1.46029541043913,5.59398625585027
"1752",1.01281702582571,8.1396465703325,35.8656697862825
"1753",-2.43674356501015,-2.90594010451957,5.65114491152644
"1754",4.55606238382251,25.1647216698143,108.210494388009
"1755",-1.09706727462839,-1.8593537200195,1.36039963888993
"1756",-0.996447421955054,2.38677107441356,23.022582624048
"1757",-5.25869225168071,-18.1986289790619,-60.0398007341535
"1758",-2.39631029845714,-7.24631897841869,-22.1153698601495
"1759",0.579743645004953,6.52787085757552,35.325208764325
"1760",-3.12679434535858,-6.39514809561479,-10.2549534230459
"1761",0.234380971980329,6.49042595989579,38.4738164802409
"1762",-4.74850898289759,-14.8210733759757,-48.9640387009954
"1763",-1.11807053187925,2.20588082602603,22.0991659235183
"1764",-2.77026242479224,-8.78443943800028,-25.7859941768641
"1765",-3.04875975153021,-7.44450988315464,-20.4317439884705
"1766",-1.49977980593513,-4.11281871252027,-15.3008192668449
"1767",1.1310303061328,6.84878949328311,27.5146925318891
"1768",-4.46490476989896,-14.8004738709028,-51.471760036653
"1769",-3.55867837474136,-14.0545983373639,-53.2023100170561
"1770",-1.93280244088055,-6.05991722518729,-18.5552491817418
"1771",-4.21129814432669,-12.5340907561631,-39.3470879857764
"1772",-3.26323417776592,-6.75724546497804,-11.5449319828112
"1773",-1.78132139393932,-0.273494432226357,16.3368667096647
"1774",-2.5663730837822,-3.73857585751625,4.34473605763469
"1775",0.826230383438826,10.5932153889594,55.5447510757911
"1776",-0.821275375418793,-0.853212711591482,2.14226291418481
"1777",-6.18884394245453,-19.2434793542491,-64.3693261720298
"1778",-3.1782153452578,-8.79982782649677,-29.5655771175304
"1779",-0.101705881975022,1.16514744152857,7.89881068017098
"1780",-4.32605956919383,-12.3848491211444,-34.2881326730849
"1781",-3.89205734973854,-14.3335839779874,-52.7010189882906
"1782",-3.32539601980289,-9.74566963834866,-28.8647081288025
"1783",-0.976012899887337,1.18811026086814,16.4879083161115
"1784",-0.644868672430164,0.0595048727645917,3.70040490799374
"1785",-5.33035436403395,-16.9307710639171,-53.5984792762238
"1786",-0.963797278751088,-0.565191598003594,3.20264242843928
"1787",-1.75629929712085,-1.2701532437776,7.18877643496535
"1788",-4.2040322522725,-15.1482888414845,-50.9847941964326
"1789",-1.63957231174453,0.424891800754608,19.3568733636387
"1790",-5.67636878087637,-18.0965686798438,-58.8393728676369
"1791",-1.35327204771386,-1.55619713485555,3.80852386790389
"1792",1.12198330122209,6.86222636480375,31.3438396219847
"1793",-3.46098877671994,-10.7351647418581,-34.9412843832429
"1794",-6.08683566102479,-21.9806750116752,-75.1164167329866
"1795",-2.08035588593526,-5.42659088078551,-16.3136588846253
"1796",-4.82614045619061,-18.0897667262446,-64.8382364697816
"1797",-3.42704944046551,-8.96622235320388,-26.529326540523
"1798",-0.555859890851593,-0.135849820643898,3.41673396713259
"1799",-2.23438585358576,-3.14936411181122,2.48044270291848
"1800",-6.91763594648245,-21.1588498781048,-65.9012183508917
"1801",-3.02377595658555,-7.48564859469013,-21.637304844128
"1802",-1.64953228843348,-1.37272425898664,4.64791167648195
"1803",3.34581641939735,21.3984227537718,97.8064945310268
"1804",-2.78026795184422,-8.02001755068216,-28.7298265246729
"1805",-1.9351611318146,-4.77667065169396,-8.76903087414644
"1806",-2.12082573974038,-4.21583507215087,-6.60551958673773
"1807",-3.78987046879774,-9.59876071410349,-22.2305298077827
"1808",-2.4575546156409,-7.25588018730116,-21.7378700401741
"1809",-3.80256222337169,-13.3812364094128,-50.1746918126137
"1810",0.22356451058107,0.481225230224254,0.628130868451763
"1811",-0.4041719557394,4.47296928284504,27.1510658047857
"1812",-4.90680938097159,-17.0548824080681,-60.3786343588733
"1813",0.584951566768382,6.50440060608685,32.4085785350894
"1814",-4.12848077790363,-12.1750881558386,-33.235390271095
"1815",-1.71287755953119,-6.92791179963604,-29.561680040594
"1816",-3.25395898582195,-10.4789345357822,-34.9752565463493
"1817",-1.61473276566903,-4.41375783291494,-13.5511569036084
"1818",0.13882641800069,3.66498770285091,19.2970611045146
"1819",0.654426873168347,9.65575370243732,53.9379354780096
"1820",-0.29067676924501,2.2616247717956,16.1728663310769
"1821",-4.01363999437211,-13.409330188887,-44.1717281930908
"1822",-2.6162178869248,-6.96671130848938,-23.6325795463094
"1823",-0.0715976873039494,4.42126873485267,26.9803430138031
"1824",-1.13088084958281,-1.67977004996783,-0.477188365864549
"1825",-2.14194176495323,-2.14458479351731,6.32552067796178
"1826",-1.06660299712757,-3.7561361064013,-16.2455387236237
"1827",0.504761934610258,6.87555559166049,38.0482104670375
"1828",-1.68037870071157,-1.98195470874725,0.372272629693725
"1829",-3.29585896482439,-4.21253012993031,-1.86383685925352
"1830",-1.40368109239091,0.447526968576199,16.2804839021767
"1831",-3.12378128854164,-7.93024408484541,-22.5725298291111
"1832",-0.791975484250656,-3.6481741631037,-18.1298887460937
"1833",-1.85715185511236,-4.16582472157984,-9.49530351664293
"1834",-2.96055918441863,-6.21983084698422,-10.757362624496
"1835",-4.73103022509122,-17.789143465262,-64.6854004903514
"1836",-4.1118365620502,-14.7310375364457,-49.7263836240709
"1837",-1.10397371460527,0.272649408261259,11.9920798344701
"1838",-3.79070994350707,-12.3469652636192,-41.4911952789846
"1839",1.88055745734289,7.45767578675827,28.7501393943367
"1840",0.083012356420511,5.07663545535127,26.2255688249968
"1841",-2.43430121937962,-8.12066261318319,-25.8314381733073
"1842",-0.091466093628128,1.58297406698136,11.7462227007991
"1843",-1.04176796051036,2.82293893464089,19.225191770965
"1844",-3.12939385052999,-9.68395541964696,-29.9027990666796
"1845",-2.93995092560448,-9.00855892852269,-25.485522673803
"1846",-1.14947001754444,-3.78326809465784,-13.5979065763879
"1847",-5.746673520836,-19.0572372517889,-64.7086610493066
"1848",0.506780903794038,6.56941780216675,35.6702019655695
"1849",-2.40998586282177,-5.49296546913979,-10.3036926398211
"1850",0.862394002304825,7.92848958426907,33.7600262397298
"1851",-2.29420542266956,-8.35687499266021,-34.3091449778651
"1852",-4.4750931884862,-15.4527644300027,-51.8441150365798
"1853",-4.53985020043598,-12.5121467154713,-34.1495944408928
"1854",-2.48773841531369,-7.15402204361396,-23.6710045044065
"1855",0.66854757807323,9.69224285742564,52.3916371633538
"1856",-2.34921747300865,-8.15897064436035,-29.6828320374593
"1857",-2.79655715666468,-5.23501967750053,-14.5459842464395
"1858",-1.47420967623123,-2.74933800964072,-1.69797583896548
"1859",-1.6144632441522,-1.11834781640346,6.85366816213786
"1860",-0.906055760690208,0.590509974556426,9.89161934971321
"1861",-2.58220486135571,-6.72405873221453,-15.8377676878279
"1862",0.959351178675092,9.25745565902946,47.6851098806158
"1863",-0.711541270380849,0.578128963096901,7.30831775622664
"1864",-1.94240556228863,-0.419206799051381,11.9398072152792
"1865",-3.84152788177659,-8.87465262978105,-16.8611487535406
"1866",-1.45408621680855,-2.24224150165082,-7.0847627434116
"1867",-2.7061671686094,-7.02664846110258,-16.0985674783394
"1868",-3.75079176044471,-6.9268097932902,-5.97312535619608
"1869",-0.997769020350859,0.00075961180516515,7.06187583020392
"1870",-2.86397434118527,-8.05672360029507,-25.9838779107367
"1871",-1.07955807708424,-1.99862420366628,0.569521505349712
"1872",-0.0897454118010614,5.47425862472744,34.5004678220535
"1873",-1.96944589475709,-1.91355512990424,2.08227204042669
"1874",-0.684691133784952,-0.00360875300827956,2.83560972954069
"1875",-1.90587870496364,-4.09243615977755,-11.2327497028541
"1876",0.110292532996993,7.17942146703092,41.2812419476668
"1877",-1.11819990600594,-2.33224644619088,-5.61844445933571
"1878",-2.44646855496308,-7.86411532498812,-25.4226519895929
"1879",-1.25955010546085,4.01480148396013,36.3925644373298
"1880",-4.9111951249543,-17.594950087793,-62.8786584430868
"1881",-1.17729368506622,2.58458808002774,22.9893162374096
"1882",-0.227220877756338,1.075148661203,3.46274207251054
"1883",-2.03926813056268,-6.31629520955119,-22.6997316534155
"1884",0.225825591596049,1.90346769284542,5.44059373451591
"1885",-1.85649712344264,-0.24116413355523,17.974117843208
"1886",-2.50180288727563,-7.62095195270479,-21.9526101245458
"1887",-0.123106613374489,7.31664261790468,44.6404834846569
"1888",-3.27244759495636,-12.1669083323012,-40.6224793427352
"1889",-1.72726430467884,-4.95938263364087,-13.0524474163203
"1890",-1.54765956228539,-5.61592278895739,-22.1613798516917
"1891",-1.14791536411997,0.375895782056318,13.4007378702656
"1892",-2.34851801605606,-7.41637424888529,-25.3474848251669
"1893",-3.74926379621422,-9.66957703402227,-25.7077492114795
"1894",-1.50292958553371,-1.92765787373787,-1.02086885205085
"1895",-2.06909734281334,-2.62481051835402,4.61169807481247
"1896",0.166167771269841,6.46219888377664,32.4532067688926
"1897",-1.06503517263889,-1.0407299113707,2.67764855272821
"1898",-3.81460935863606,-11.1968633072112,-36.7436352320819
"1899",-5.07126934516964,-14.9785923601511,-39.3292360613912
"1900",-5.63361433714954,-20.3147897189847,-71.3980776661876
"1901",-1.65932987820253,-0.802314470200827,9.70329177703866
"1902",0.374319198910598,5.48659916321708,28.2619602885432
"1903",-2.90920216840885,-1.86928194724544,15.6300290795225
"1904",-3.17084438391993,-10.4229964551232,-39.4876953868973
"1905",-2.49731656282307,-8.36446718946456,-27.6623862220183
"1906",-2.86632876425364,-6.84975452011417,-16.141247193613
"1907",-1.64303726721391,-2.86769505404311,-2.4208150362183
"1908",-2.87026923687415,-10.296944931721,-36.1375762801088
"1909",-0.603872568769589,2.18170787620193,14.0635790849046
"1910",-3.95387692701507,-12.433555981504,-43.2323698567477
"1911",-3.58633679767269,-9.29770539861647,-18.1672264918577
"1912",-0.579516657626129,-0.273655919222961,0.952612729047587
"1913",0.0160459446250343,3.5747411824459,18.4251259838632
"1914",-2.03877143215976,-5.05460676981636,-17.9700291957649
"1915",-0.771069283786801,5.52820947509838,42.9361570485032
"1916",-2.44277155312528,-5.17125415087241,-7.3819804616237
"1917",2.58467915592416,15.8673290643732,67.8843167667962
"1918",-1.82596861847509,-3.74585838062262,-7.97257064012274
"1919",-0.122665599424693,2.47419996922804,14.6932022056012
"1920",-1.29256679290773,-1.54239966726277,0.467107338997039
"1921",-1.15433956068819,0.818947577016843,18.7559859016885
"1922",-1.60076802719726,-3.81844902437729,-4.43357942337752
"1923",-2.68940488220375,-7.1100363561593,-18.0991425919033
"1924",-1.82394786485918,-4.04168778503129,-5.69795775736043
"1925",-0.774772701837435,2.0927789614708,19.7705533261435
"1926",-0.0574960088197258,4.23346415775029,24.6049289193436
"1927",-3.62140209456697,-8.91053848773299,-20.6788723246068
"1928",-2.53511541828243,-5.71624837649995,-10.4274607736784
"1929",-0.451210749655957,4.42168328289381,28.8329575005248
"1930",-1.688464662434,-2.24285284346331,0.608387014113077
"1931",1.06482778808351,11.8969189772338,63.772989375185
"1932",-2.80696240301842,-2.25299977757106,11.6773927097913
"1933",-3.46736209292675,-11.269128906697,-38.6490475739158
"1934",1.64313706037046,12.3019049699911,55.7659073191219
"1935",-1.94925792840769,-8.64316282046241,-31.3497470728973
"1936",-1.59847119836405,-2.41681948810503,-3.20896679826365
"1937",-2.84446856368714,-4.4134449644389,-6.09731852244568
"1938",-5.05085465943398,-18.4134568266354,-68.1336215426049
"1939",-0.592430509557403,4.51840086025732,30.5234646124818
"1940",-4.48032591594722,-11.3169969607445,-27.4192762778684
"1941",-2.21665883189661,-4.0698083665136,-3.94141237969961
"1942",-1.87372960121172,-2.46975578055674,5.04439363761253
"1943",-2.59174860502321,-4.36445152810404,-4.58988882679409
"1944",-0.430502956704629,1.20353410452083,5.79302542957271
"1945",0.553540783972494,4.89005114963004,21.5805291890929
"1946",0.955577915186154,9.86647215179266,58.3627079224182
"1947",-1.82081413859237,-7.56867582117263,-26.7696156274076
"1948",-0.925018127353496,3.22004346744382,29.2015192688496
"1949",-4.48318819842228,-12.7730308035236,-38.2395751268582
"1950",-0.015350410913527,6.42136334429154,39.8042346981717
"1951",-0.105451298953881,6.01867910725923,37.2828446681035
"1952",-2.43897135448208,-3.71723411360097,-2.56808098935517
"1953",-2.23842508073358,-3.77633168490388,-4.92286392932101
"1954",0.288148961562058,4.355897281544,21.3216522309933
"1955",-0.0911217417414036,6.41171244938471,38.7013829886735
"1956",0.455486023938761,5.08312736165669,24.3175746960544
"1957",-4.35297840753913,-9.19337161758722,-17.2240839776962
"1958",-0.579133856789383,1.1076104734052,7.4335195033334
"1959",-1.68615542507774,-4.09713918924103,-13.9956446169683
"1960",-1.64987092855574,-3.29292576008413,-6.06686492325798
"1961",-5.85873417623924,-17.9023787529202,-55.6944223967544
"1962",-3.88717245351171,-13.0615844155481,-38.9661453253384
"1963",-1.95626576384012,-5.31120989263059,-12.7866723750035
"1964",-3.24667275209407,-10.6338975938194,-33.2838784026044
"1965",-1.7497173997466,0.422112623909584,14.0596630509804
"1966",0.417402259230869,4.55205902769751,22.3036729755479
"1967",-2.07153216596555,-5.22921447020929,-15.786710200066
"1968",-1.53188231163136,-3.57114213074055,-6.01989592424047
"1969",-0.658397603404183,0.622064039219254,7.98169188818247
"1970",-2.47760728203735,-4.95143543513973,-7.188325219533
"1971",-0.304447786424873,3.43651172630859,19.607513404236
"1972",-0.822086865389565,-1.80454657498342,-0.120104363411656
"1973",-2.53031796910506,-2.17377903939735,6.55683142084513
"1974",-2.59781314285067,-11.3864121090229,-45.7325857331971
"1975",-1.61225916178887,-5.02598842157215,-19.3314694799317
"1976",-3.09813612579023,-7.97114713337282,-18.890133500189
"1977",-2.00457985832821,-7.59905050994439,-24.3947019333834
"1978",-2.17334947927219,-3.16195884234412,2.38347533707429
"1979",-1.47109660711493,2.33154783677162,30.7182250940625
"1980",-1.78618196905109,-3.1879632542084,-4.99842907061907
"1981",-1.67550855810691,-0.255269149321066,13.1133115357538
"1982",-0.591816388579161,1.04635943788458,6.97332995057559
"1983",-2.9497081768738,-8.96487673148704,-25.8166658256266
"1984",-1.17394728939496,-2.88020687060032,-4.61583944572476
"1985",0.530537458255196,5.63340293241185,25.0783792146813
"1986",-1.05699465809562,1.92038879207178,19.3794369078714
"1987",-1.48040711497606,-2.05091173712538,-2.40849125690124
"1988",-1.12875551245912,-1.43304097388159,-0.036888395941105
"1989",0.237790245615827,3.86052357345261,22.3014797079456
"1990",-1.73201858647326,-3.7801926879423,-5.85987945784177
"1991",-3.28367096445726,-7.56021004666104,-16.2887091577859
"1992",-1.35901964459703,0.0413884372998155,9.02385096945568
"1993",-2.16661863267893,-7.06434995296206,-24.9555797309158
"1994",-1.96779536887215,-7.88075201712104,-31.9680094041892
"1995",-2.19562519839144,-5.40845457896285,-16.5545513986881
"1996",-4.22656033697098,-10.7571061925615,-26.2556459611867
"1997",-3.36202645401914,-10.5915266657412,-32.6318175403192
"1998",-4.75770316238584,-15.4366017460319,-46.1904251572616
"1999",-5.22255227878247,-16.274397818488,-54.0450146924152
"2000",-5.77818131457036,-21.1559798763825,-73.1039395629141
