"","G1","G2","G3"
"1",-0.0627967215306171,2.66718420866437,15.5320801579346
"2",1.8167727100514,10.0532319307523,35.8094913381249
"3",-3.03857611965429,-7.5847234262784,-20.5605321864873
"4",-4.04912460150189,-11.4972782035546,-32.1230459833951
"5",-3.91752811698359,-10.1381726122288,-26.9891154511643
"6",0.660294480357095,6.21391634716565,28.9880113453701
"7",-2.5400412889237,-5.82027809234262,-15.0007083727023
"8",-4.33479052235384,-10.6858579793609,-30.2274406366373
"9",-1.48826616818991,-1.62877482733313,1.78209439221337
"10",-2.32389003409287,-5.79391529738837,-13.2492394863866
"11",-3.20350747129822,-4.30930817653859,-0.406057609630579
"12",0.319092912122301,2.77635505797662,11.0987323043778
"13",-4.21279759024657,-12.5320154095646,-38.6254493676829
"14",-1.58346600786052,-1.91232019574397,-0.577318718988181
"15",-2.3194241562328,-4.25345052756006,-10.42992744864
"16",-2.42629507595484,-6.38331387367055,-17.3893483875847
"17",1.18648078762931,6.56366717944866,26.3459624602601
"18",-0.788544922370875,-1.14276846958205,-2.31133927584347
"19",-2.78851417192942,-7.13772582326328,-19.2365525133705
"20",-1.08716895666493,-0.140874577613545,5.43790774102899
"21",-4.902872750413,-16.5009714140316,-53.1523257957006
"22",-3.63441918572079,-11.3531126243982,-35.9916151187722
"23",-1.8804041032555,-3.04010378763837,0.60720344498327
"24",-2.48058386449458,-5.99637813121501,-16.719718605721
"25",-2.45507581105818,-4.97728812462901,-9.34064713843668
"26",0.688943524552712,6.96219930599432,30.8962794850456
"27",-2.10711444606551,-4.70967714175185,-9.78247313773636
"28",-3.53506442815194,-7.49421576956922,-18.8689857529459
"29",-3.59257231623172,-9.57237929875851,-27.6038279387751
"30",-1.34468954050465,-4.52085406134859,-17.1371064938928
"31",-2.46288946496412,-6.69647536944308,-21.0763550267989
"32",-1.62524069452888,0.788987481549839,13.6657332949014
"33",0.252637171229992,6.12427377522499,29.7772778394233
"34",-0.925530883042882,-1.93516029684395,-5.94032834828658
"35",2.05868279062423,10.6141174111785,39.5638987825062
"36",-2.82268024402021,-7.22223184006305,-19.5779288535957
"37",-1.41088131597206,-2.83314840385549,-6.15960084194262
"38",-2.16567478447087,-6.38533835307385,-18.1278117131876
"39",-2.99204233842499,-8.60474067461905,-22.8957694328014
"40",-3.2293885415985,-6.34010939882592,-9.4896053644527
"41",-0.0230065256835701,1.68849368308861,5.71362333721436
"42",-3.02550597557342,-3.98335608676905,-1.08168102474315
"43",-4.08650113064226,-10.5948540195191,-29.8709033834464
"44",-5.45209191793731,-14.4333738242408,-40.656256150613
"45",-4.83168048408868,-12.50798108323,-35.4236585382162
"46",-0.484577402761317,0.788686163689931,6.35637952688126
"47",-4.42347239840808,-15.2836125773153,-55.2856170649393
"48",-1.84511677450973,-4.21593122971876,-10.9630707134604
"49",-4.44773674874182,-13.856638640394,-44.3827219084371
"50",-2.27808986054998,-6.90543138749103,-20.2295830080379
"51",-0.53658807699361,0.588849055882861,8.314733715383
"52",0.494983178964787,3.14053597602435,11.2421900403051
"53",-3.71655213774579,-10.2236641597831,-29.4485302826988
"54",-2.26208231041153,-7.45265515202311,-26.7776741026933
"55",-0.69417256912709,1.78008754147652,16.6377973641045
"56",-2.25396594112806,-5.04285286839081,-9.07780493092355
"57",-0.959183568956291,-3.21303571584633,-10.624583765067
"58",1.54347327807244,7.16424521196723,28.0461240248237
"59",0.489204536225884,4.21394768938603,18.3434785943907
"60",-4.48977260224564,-12.4657552720511,-36.8813327189116
"61",-2.75683978859399,-7.12120618890151,-18.5657870178675
"62",1.44594316274089,10.0126977611292,42.2167315551235
"63",-2.15697851656563,-3.59536650735072,-8.55743044625319
"64",-2.16942277382105,-5.19434705323033,-11.7841442664826
"65",-0.917487364610167,3.31506359962395,24.3754505220661
"66",-0.157097305544141,4.88010627871358,24.8239450710225
"67",-1.22971390860414,-1.54334764653584,-1.9155511469969
"68",-3.61201067463753,-7.73117596485633,-16.9754731138016
"69",-4.94795370926261,-13.6902152013816,-37.6067141932344
"70",-3.43191902876578,-6.88229696419467,-15.4672501423672
"71",-2.3060025418385,-1.9159925642864,7.91494349265417
"72",-0.302639202375531,2.45568286233481,13.5035431538531
"73",-5.38584874343195,-13.4890607348403,-33.436651974376
"74",-1.39805376684109,-2.66546035280305,-5.46608209099441
"75",-3.59320271026974,-9.72870861953584,-27.4830450459535
"76",-1.05318001848786,0.225101382476396,9.51421438563648
"77",-3.98751695458412,-11.6945932500935,-32.3286336330693
"78",0.123734941695886,3.49009857880174,16.7307255881772
"79",-0.609236288559316,1.9476543787797,11.1897675028438
"80",-3.99954916479498,-9.70654026053694,-22.6953232177877
"81",-3.66719238613643,-8.79545454137849,-18.3093412009548
"82",-1.98676960432471,-3.14531634845957,-5.32242209284504
"83",1.32665782971827,10.9065675799927,48.9190974794521
"84",-6.38845539839565,-20.0097776263756,-63.1591371083421
"85",-1.38495279455918,-0.970139091028614,2.46888501528065
"86",-1.97770777221473,-1.09180230722541,6.77809545937225
"87",-0.455644022751642,3.41833019372245,20.835641722138
"88",-1.13666650071679,-0.854637926387454,-0.371819018706219
"89",0.0486547147772853,3.11605923358502,12.7154618190757
"90",-1.57151314219038,-2.39674605546713,-1.72492412956854
"91",-1.45474983631743,-2.38339605621059,-2.01376171091692
"92",-1.1783637737455,0.00335615310166304,9.17218817745743
"93",-3.91645842447127,-9.66840569756005,-25.5722553750202
"94",0.96535473502081,6.60156069443315,27.3773917339804
"95",-3.66228950461328,-9.41367222073575,-23.8637675668608
"96",-3.45506260446712,-7.23423980707889,-15.46354665118
"97",-6.30237998330881,-19.8346525487033,-62.1505101115763
"98",-4.10377627369786,-9.03681162779048,-19.6304558640118
"99",-2.52924093772572,-6.09235532830451,-14.2193589626545
"100",-2.76991447313372,-7.85842153675674,-24.3462542242969
"101",-3.1055774500357,-7.13642389239783,-17.659671295015
"102",-0.643065046812069,-0.0675357181253275,5.32519644620038
"103",-0.76537456138351,1.2230217961586,10.8604773075081
"104",-1.67636117434353,-2.04649793670558,-1.64788647700129
"105",-1.53526368092332,-2.01835161714155,-1.24599036706149
"106",-0.234167501249431,4.19913884842424,24.1060076855415
"107",-1.7660339451009,-1.19094205847114,2.61431341561797
"108",-1.80609455825908,-1.24992185892415,3.01189846728721
"109",-5.29815260022542,-17.179481441008,-56.9911583226497
"110",1.0148359475761,5.98911759562588,25.6667501042837
"111",0.26953587712444,5.25556370430581,26.6658694344292
"112",-1.82142684795258,-1.48250491148929,5.38488863947714
"113",0.0513152024681744,4.19550419875577,17.4825601007835
"114",-0.0131816075834763,2.95579123814355,15.3888823751556
"115",-1.29986916549382,-2.63463263847268,-5.49322314380038
"116",1.15305469799409,6.21873769814999,22.2313837052402
"117",-1.82407736308539,-6.52507951273833,-23.893634452525
"118",-2.49497440882095,-6.43769277099534,-14.2340660050534
"119",0.779648657035466,8.15300091802442,34.8620520839684
"120",-0.798051819619616,0.96095196914257,8.57153550539215
"121",-0.36524765497262,1.34233827255923,10.8763616947274
"122",-2.39074757773983,-4.70008771396135,-8.87902110047412
"123",-2.81342389604714,-5.40155876908079,-8.70558419022609
"124",-0.451485454532701,0.644002045160732,3.14194791534987
"125",0.920309013847373,7.8082326014835,33.0721823369224
"126",-3.77096160513014,-10.968218235972,-31.1134600177138
"127",-3.45317839277345,-10.7768448972694,-34.5256141188197
"128",0.169098341480208,4.71532919617891,22.0008246939394
"129",-4.81240503408088,-13.4549229328359,-40.3269026632827
"130",-2.54010640745832,-4.64379842084497,-9.61474648950366
"131",-0.435424842257646,3.12139029811362,19.7132521773008
"132",-2.10964301363998,-0.179227586459206,11.9288174204742
"133",-6.47932849975683,-17.1835934394084,-45.2886857653625
"134",-3.08460045195875,-10.3894976695696,-32.0476426919652
"135",-0.794852951986343,3.19138705191358,23.2142096699449
"136",-3.33120303421333,-9.08734479624206,-26.6586304564619
"137",0.0680867189536229,2.35941208296197,14.4292526613604
"138",-1.92562394626066,-3.03503494398899,-6.62639378728591
"139",0.0775978552588299,7.12321722113518,34.4675653995109
"140",-2.06688885616148,-2.16903603929029,-0.123918920783353
"141",-5.44376994203623,-16.5824247074148,-50.1622636413538
"142",-3.47621246819051,-8.30661368782637,-20.5667909599247
"143",0.217663235734676,0.519407441714748,1.52013531564944
"144",-1.36101467713047,-1.81059432258405,-1.30999171355757
"145",-5.81607476855595,-15.2411837135995,-41.0086857699757
"146",-3.61485782877253,-4.77280050058187,0.735266606704045
"147",0.289492104704379,4.21301739953094,19.7678846364111
"148",-3.682355529397,-10.7891726652757,-32.0013230718512
"149",-4.18837862966109,-10.0060588146494,-25.6647690083569
"150",-3.4295664486138,-9.31788254139121,-27.0456151417268
"151",-0.784315754227919,1.91383359825306,15.9011140830191
"152",-1.93679086385418,-3.72979396653773,-3.86007538555714
"153",-4.43413901911867,-13.4189789202985,-40.6428046819453
"154",-1.44263751318778,-2.88505072811006,-6.37887765204709
"155",-3.02644114545518,-8.08873200941139,-21.2097926423573
"156",-0.11381122001967,4.47162139434636,24.3110530541478
"157",-0.301493986911566,4.69883449127519,27.6465180952039
"158",-2.99703996135207,-9.24242742543004,-28.6111629987749
"159",-1.34306681874608,-6.45269553099877,-25.0317673349239
"160",-4.00164592254322,-12.8735594208111,-39.2413711919326
"161",-1.46164444865934,-2.44533306692244,-4.73873546916047
"162",-1.34995648850486,-3.16813137169106,-9.06157271421921
"163",-3.26939813260151,-9.33873274980795,-26.3861077975523
"164",-1.22402456115105,2.24275909326502,18.0398681929003
"165",-3.014661730201,-9.34773534958697,-26.7401318437358
"166",-3.25182267700296,-6.84004348974054,-12.9304891514371
"167",-5.42534431793422,-15.8350807016017,-48.2311607325012
"168",-2.06842446325493,-2.7640631874616,1.00724320381664
"169",-0.728814517560238,3.39080002348567,21.8823583817066
"170",-0.354743732701706,2.07004631233269,11.954558267289
"171",-1.63967699455623,-2.02032701718463,-1.40710428581906
"172",-2.58626825221359,-5.76217231341093,-12.7378695471712
"173",-2.26949431858338,-4.56537276631877,-7.84603431125424
"174",0.65859374238687,3.62831836637292,14.2646783462221
"175",-1.68374601968668,-1.17984526275598,3.19824033068494
"176",-2.64935945914948,-5.52825270836695,-10.3962303513638
"177",-0.686210109689625,1.55814206360378,6.30211246650288
"178",-6.79850526954044,-23.7697419690741,-78.1832788219594
"179",-2.33654920274836,-6.37097236690261,-19.2218342683971
"180",-1.50152585618304,-0.455806058579469,9.71936301210212
"181",-0.165309811052396,6.033970465175,35.8954428750108
"182",-2.38354143371538,-4.0373474162576,-8.30918772576752
"183",-0.981050226781008,-1.03185628401252,2.43726923422173
"184",-1.3748377597264,-3.35923698049976,-8.78410798308846
"185",-2.82332148083361,-9.27305711747022,-31.2157732704186
"186",-3.09751123703285,-6.60629459572795,-14.1017488322709
"187",-2.35233267611892,-4.85478936826883,-11.9130309479349
"188",-3.83270626685533,-9.81565034997982,-23.5142889460035
"189",-1.31048759409344,-0.401388423524622,6.00463647795073
"190",-2.52761708067561,-5.73116297000706,-15.1812417133178
"191",-2.66307639273981,-7.81800525525296,-24.7188527311775
"192",-3.78028620387545,-8.59689235066855,-19.3621764979212
"193",-0.296036880591032,-1.90917454659302,-8.42589995820822
"194",-0.972104867768337,1.7995892783207,15.3910398685425
"195",-1.11995199104888,0.131812543826413,8.22537717897876
"196",-3.50910078780083,-10.4919635702551,-33.0605551472047
"197",0.0724002191823274,4.18499632211967,22.9037217561533
"198",-1.80447948514984,-4.68959761422366,-12.3610789204379
"199",-4.22300571909432,-11.3366461962921,-30.8652137243646
"200",-1.16438775323672,-0.688913458375168,2.53516801072374
"201",-2.77465438955181,-7.00038822330953,-17.3754423290338
"202",-2.32933082916594,-5.64399801052127,-15.9149807799438
"203",-2.43165980075719,-7.46853545313684,-23.0800642258007
"204",-0.496664272420844,1.88124518045151,11.8853168011062
"205",-3.51286732442077,-8.16367683791748,-18.5578273207775
"206",0.0140882850758999,4.99526643462025,26.019098286057
"207",-2.46795134120094,-5.1565836081752,-11.0189853647153
"208",-1.4389377738774,-0.688877800086516,3.6344496532281
"209",-2.72476835902506,-7.39606415983144,-22.1272056331084
"210",-0.235072165795714,2.66990063354456,16.9371736490209
"211",-4.53280133361534,-14.100538775032,-41.4118746659947
"212",-2.44596742519275,-4.08754688163788,-5.86905161202844
"213",-1.2112735838092,-3.22094714860555,-13.5376114172632
"214",-2.34922592209045,-2.54850370352187,-0.784810497511899
"215",-2.67470624653492,-6.44477566496073,-13.489419856526
"216",-4.36359788933669,-11.7701203380807,-29.2411474822259
"217",0.235619137907861,3.48907268178391,17.1321588795745
"218",-3.28299078608347,-6.82018010951776,-15.9621223663
"219",-1.66706659654943,1.65185216069028,19.871280463047
"220",-2.28341918329454,-6.15189350139678,-20.1038269486669
"221",-3.30598498577456,-9.07769439714264,-26.6250666074477
"222",1.1190006234462,7.09125993144778,29.7269847918647
"223",-0.211446424756275,4.11942736621302,23.9742479836277
"224",-1.72506369483307,-1.89064987847883,-1.67459095957247
"225",-3.66431889708451,-9.9331753304798,-26.0458978602326
"226",-2.29541013407299,-5.01280687130316,-8.0736358396332
"227",-0.561649843748341,3.91627371005063,22.9453281130336
"228",-4.93201937763899,-17.333054865696,-58.6221033200673
"229",-4.84563018109964,-12.9796034022779,-39.9353455565408
"230",-3.74779374425214,-10.726213598697,-31.0805269339255
"231",0.265057879314497,4.53862367543331,20.68277313009
"232",-2.49511367033375,-5.56576474645681,-13.6641401640481
"233",-3.31700351520919,-10.1001076282973,-33.9806308346515
"234",-3.05645335161182,-7.11310386630032,-16.955009496003
"235",-0.303111342308625,3.20019127592104,16.9191778670827
"236",-1.28520025942544,-0.574450979932408,8.14027949920364
"237",-2.8268932096733,-4.68865962888162,-7.96727361678768
"238",-3.98259888431301,-10.2473042372187,-25.3472619885806
"239",-2.09257064827841,-3.65915870819344,-6.22504402792742
"240",-1.55533641287866,-2.93713735664062,-5.33485161363342
"241",-3.81191356684553,-11.8482462907081,-37.7217182886773
"242",0.300393531797909,4.0947489370709,19.198838303209
"243",-1.99287700093157,-6.40122755799541,-23.4708697567658
"244",-1.29201936246903,-1.38185600502629,1.70942679870723
"245",-1.98297881138114,-6.50548599629303,-20.5831265727434
"246",-1.31344939644174,-2.51156421340954,-5.05925733912409
"247",-4.22425642692087,-16.0956051281218,-57.6220807964262
"248",1.04503012148137,5.87563007052836,21.8131965598507
"249",-0.822334998266683,-1.95178063581284,-3.24699297041843
"250",-3.19750732766477,-9.59911711757832,-28.6953871742428
"251",-0.176108578599155,4.00827712029468,22.1568020784944
"252",-0.655429487845765,1.29215444834972,11.2615488404549
"253",-2.98407544400857,-7.06461386792944,-17.4196166999163
"254",-2.90281753926956,-5.95294200994886,-9.69272216938134
"255",-1.85596211359814,-4.12760475013351,-9.20907010331098
"256",-4.16787482434819,-11.6789023300346,-32.3095151528073
"257",0.582262039202703,7.20667534948336,32.1028001624286
"258",-5.25232407049253,-15.4475711884054,-45.5411919409198
"259",2.1131597797517,10.1980115907805,36.8378100548839
"260",-4.83408473135694,-15.0642568369116,-48.4547195743507
"261",-3.55200192442607,-11.5574935526151,-35.5359366589691
"262",0.674787734798997,5.78080543911926,24.2314838394918
"263",-1.59184694693027,-3.89480778817233,-11.7460074828005
"264",-3.66556946466682,-7.5316771048457,-11.6164715636892
"265",-0.441493968930956,-0.704261666842285,-2.0687523482145
"266",-2.50775671204593,-4.942558591546,-7.15182009020077
"267",-4.39884453851272,-9.70757169978424,-23.1020910546945
"268",-2.52289441178158,-6.34727829362998,-18.2868454043801
"269",-0.032611390237264,0.853885260915945,5.22444194158584
"270",-0.335733863929136,3.82222779188044,21.8548687908983
"271",-3.18228942436195,-8.30180243364839,-18.7428682738125
"272",-2.9735402683379,-7.36989945332493,-19.839666120821
"273",1.6590869575208,7.45414300291759,25.02011297136
"274",-2.71573600703533,-8.66460720632767,-26.0931936262814
"275",-2.88294447977739,-7.86564437993218,-22.0329755205098
"276",-4.32835476719475,-10.8680866099887,-29.4529409199472
"277",-4.80415480353406,-14.3553872369186,-43.6914812516954
"278",-0.705930335698326,1.04549925566448,6.4871184920853
"279",-0.651181808446211,-0.953831936738425,-5.35947367461586
"280",-0.554289068348112,-0.252768696006569,1.49993522088289
"281",-4.42998582698999,-11.5815142852465,-32.0199596559362
"282",-1.36262167111852,-2.34023413028467,-4.06862539059921
"283",0.396068903786954,4.55105432175503,19.3719677319184
"284",-1.99248307691005,-1.81458973285044,3.93444954006509
"285",-3.91677497049335,-10.4192924679954,-27.8384047956104
"286",-1.5158893568231,-2.60248738133282,-3.81351176165754
"287",-1.87837794464235,-3.1384352368184,-3.60303681451228
"288",-1.25269205113432,-2.5518491375085,-7.99116039968658
"289",-4.34792268509148,-13.3279493539613,-41.7001394192359
"290",-1.53858479327391,-3.03218969871455,-7.77796450090113
"291",-2.57283709776863,-7.29650209877798,-21.7118340616655
"292",-6.27018457117919,-18.0863755320199,-54.9056282476165
"293",-0.596345183084964,1.4136728020693,7.76316724069625
"294",-0.552900869522716,1.56010165806981,14.4753489519412
"295",-2.47815273887602,-4.56730331958045,-5.80084653404765
"296",-2.25388734191836,-2.88721587745988,-0.78617699459187
"297",-2.06156577231911,-4.87095792160289,-12.2497009777953
"298",-4.38581294936074,-12.8894400202329,-36.9273995074395
"299",-1.51679046632131,-3.64767578084172,-9.31852647222513
"300",-0.794191874939031,2.52502579284658,18.5739216098711
"301",-1.47409546561408,-0.920650057964735,6.15956114126038
"302",-2.38362608525273,-5.40614291796919,-13.4966369166305
"303",-0.212377555927333,1.92636192968348,13.7809639526788
"304",0.791654924089244,4.42875181060663,14.9253156476982
"305",1.84633993554297,12.0230719980977,49.0775141420972
"306",-1.65903245424784,-3.39523213230746,-11.1902737349715
"307",-3.05865433509638,-6.03518132251406,-13.2022396646753
"308",1.22583871833211,7.35267321369361,29.6689872038644
"309",-4.92318430406578,-13.6575644511245,-41.3025841192321
"310",-0.0714658378348076,3.11873562859796,18.4040185696442
"311",0.499888834051092,7.31505195228328,37.7636664513166
"312",-5.23365620462135,-14.6772790278939,-42.4514840244572
"313",0.221400270256936,5.13446778767764,23.6169728011921
"314",-5.10721103589736,-17.0413244371789,-53.9477517845755
"315",-4.83369826536551,-14.4236120114561,-43.6312949905714
"316",-0.824629647348502,-1.38190951939032,-3.27011889323217
"317",0.045362513197972,5.30712167397053,24.1269845922168
"318",-1.01780905559752,0.0343908036622906,5.10384458799035
"319",-0.509883858637352,0.213847745674343,2.4044775130094
"320",-6.42255119777434,-19.9600009309091,-58.8899453259044
"321",-0.759158392164011,0.609923894597046,8.13851940427253
"322",-2.6100886206695,-8.19486380948683,-25.2820796489564
"323",-1.25834877771649,0.1950867914112,10.2020218636685
"324",-4.67577388318847,-14.7991145808841,-46.0080147605693
"325",-6.81651274580315,-21.1461696934741,-63.4869298367323
"326",-1.41734912244283,-4.7034441201298,-18.8935406811513
"327",0.291867165770498,4.86143389883637,21.712658008651
"328",-1.5102850481681,-0.267887133183308,8.59692686915992
"329",-2.45016139454799,-6.82670477127147,-17.459747579135
"330",-1.93367869600752,-4.03755603378625,-9.30959634863007
"331",-0.0388377634149606,4.10264395496733,22.0580995965684
"332",-2.51791468861148,-3.54131196791241,-3.43740448000449
"333",-1.39137011736545,-0.298149986337307,6.84406686238162
"334",-0.959861631373087,-0.55819501612109,1.26988895142495
"335",-2.56471356250842,-3.23265730256821,-1.09788820354061
"336",-1.16494245619072,-1.52256488827379,-0.757572449835834
"337",-1.06699348510341,-0.225440811392218,4.76205608268742
"338",-4.87610670833141,-12.2433745982571,-30.6152542872276
"339",-0.849505249484764,-2.01442556164693,-8.58813610110815
"340",-2.55144246865228,-4.61138708586805,-7.51746143248374
"341",-2.06495659719019,-1.03279039518463,5.49548313718492
"342",-0.394537139411909,4.83431124378671,26.2458000967556
"343",-3.00928529435004,-9.05474126895513,-25.8405550958516
"344",-1.26285505250456,1.09962690307088,12.2453918358963
"345",-2.23268725884924,-2.52844986875232,0.172383315145908
"346",-2.4071521673244,-6.09509322674228,-16.4529861589567
"347",-2.04490442178212,-4.62618127417079,-10.3331215683613
"348",-4.32191699890967,-13.596657003512,-44.5605745826851
"349",-2.07618604292827,-4.17700398194597,-5.96577883979921
"350",-1.74363361223874,-2.83582027239015,-2.33266954679061
"351",-3.88178234634978,-11.0735761375485,-32.5336359714786
"352",-2.71560896823411,-4.38339731372469,-4.4148027555691
"353",-0.34126592113023,3.01659596702405,17.3460628721973
"354",-3.16007111161639,-11.1012949750379,-38.6971412980961
"355",-2.20698155976748,-3.2511027063,-4.7166467458394
"356",0.288323037291036,1.78887711763468,5.46075825883554
"357",-1.09322858588712,-0.745631092449457,5.75825849807825
"358",-4.44726396741066,-11.2203744741818,-29.0757494966499
"359",-1.69441174833946,-2.18185730593018,-4.28676728973619
"360",1.33126527558613,8.15821894908083,35.2962514691612
"361",-2.46117848384597,-5.78455966089462,-12.8119079002317
"362",0.113347993828768,3.78441886856376,19.9822693599449
"363",-2.60683796325895,-4.33418850978478,-3.22998667834122
"364",-1.72285738188907,-1.63612388202955,1.48075380355181
"365",-4.23769502706796,-8.44465920950711,-16.6945161501064
"366",-3.71418428791713,-14.1756306413639,-50.6391668889185
"367",-3.77192868826518,-11.3032169580655,-33.3501826478171
"368",-3.80214259568612,-11.3362773483499,-36.2597741822076
"369",-2.63393073868821,-8.73445891858307,-29.1483300530617
"370",-3.31867449742322,-7.57842803538472,-18.3123060292187
"371",-2.92328342898583,-5.60756546476046,-8.94544741356481
"372",-2.07467156671521,-3.14528954769321,-2.75591706018599
"373",-1.75436506062988,-1.6016867194553,2.21747630279197
"374",-1.68598043983081,-2.28024952494673,-3.68406339288435
"375",-2.3173044680907,-4.98048054246783,-11.945283180039
"376",0.106966406172035,5.16984667836311,26.208530461048
"377",-0.78694278669974,-1.52017469657687,-5.76762519615295
"378",1.61445345586458,11.1420575661222,48.9613381584527
"379",1.64364357680171,9.60597166969933,38.1445065628973
"380",-5.26543298845564,-16.0695910839312,-47.9415998127761
"381",-0.929978506656312,3.10513709504403,23.4028333090146
"382",-0.510297253375825,-0.396966166650259,-0.166081697954723
"383",-1.32299791178934,-1.64888954202524,1.04754606540746
"384",-2.9768753125087,-7.40502455776675,-19.2976511996983
"385",-2.65165161513653,-8.36458451077863,-24.3948435240179
"386",-1.97141215997755,-2.50826978212524,1.59681586099191
"387",-0.167569492015559,1.43743592568921,8.11465154948496
"388",-4.24699679813921,-8.95170115246515,-20.0681610954243
"389",0.0627704112753804,1.80485328400027,8.56268943966938
"390",-1.40969349654807,-4.30453782374661,-14.9327965514378
"391",-1.32109010418014,-0.660591426695532,3.19233658028679
"392",-3.96468710822728,-10.5407699263169,-28.559119463215
"393",-2.06798859397429,-5.3220063940131,-10.1994404737338
"394",-3.72118673465974,-7.67967879961554,-13.6446760255001
"395",0.757791598269137,4.77127075406224,18.2417674696553
"396",-2.80396388339977,-7.10878041469732,-18.8240866781593
"397",-4.08557035118406,-12.5738475348204,-37.9907257891493
"398",-0.688046526357823,0.740607886208068,6.36181048367712
"399",-0.653844718028438,1.07202517665951,9.15164646527614
"400",-2.69855895882182,-6.33003155887945,-17.5704823506503
"401",-0.750410430698537,0.994470391275399,10.5300376393466
"402",1.81694091785477,10.0177289283225,38.4160856778383
"403",-3.43370283341113,-9.34497407377114,-24.8403783489314
"404",-0.771747467056457,2.006874882376,15.2175671204466
"405",-1.0654203976294,-1.02701576003278,2.55113182372247
"406",1.27393045414243,11.5583421349131,52.2929914547749
"407",-0.590395370658712,-0.863868679970437,-2.97117339747842
"408",-1.78771278236667,-2.63596907366673,-1.21280880612449
"409",-3.00174267115045,-7.61192137770024,-18.5072029373478
"410",0.606227713816452,4.65994654823362,17.957390341661
"411",-5.03214622092838,-16.8358095238403,-53.5559557857432
"412",-2.74231155536461,-4.76220792943695,-7.3009656713582
"413",-4.18877052644956,-13.1052137205075,-39.3700695212244
"414",2.2505377048945,11.0717701711477,39.4424863248614
"415",-0.467444564918821,2.78368205934464,16.4958565298721
"416",1.00112105704619,8.07583725223697,37.0699225843134
"417",-1.72344047411912,-2.87570865050361,-0.366416668172178
"418",-5.85000693017389,-16.5241821848381,-48.9030462498181
"419",-2.14554537397345,-4.76349767847591,-10.6369337289937
"420",-3.92549982259584,-12.0229482983423,-37.4236693710423
"421",-1.53437250880125,-2.70486051451974,-3.75106915560764
"422",-1.14800583034275,-1.8935035808762,-2.22019888523801
"423",-0.941721505985015,0.808675182118122,10.590147812168
"424",-3.91921826787132,-10.2637260940011,-26.6560211723886
"425",-2.79415888551785,-3.76494921593508,-0.779341860467639
"426",-6.10642830771548,-21.4487208023189,-71.426019981682
"427",-3.19338012925124,-6.96456649032325,-15.4493348234344
"428",-4.74947158339489,-14.0472742624818,-41.7954860806249
"429",-0.142176354352841,4.93425828661418,26.8812699795803
"430",-4.04573769579827,-10.3063945828618,-27.4574789509591
"431",0.847725474653146,6.6842310581942,27.9271023787264
"432",1.2798694609524,6.45755281144773,21.8827387164117
"433",-1.98035007555967,-5.69942923426947,-17.4540837339587
"434",-2.08985389408082,-5.76762984241043,-17.2408917333178
"435",-2.44269376721206,-6.97557578796852,-20.3788055627931
"436",-1.6668033776171,-3.23481019585017,-5.92728506349636
"437",-2.98289058991992,-3.84587383306132,-0.00284747762952975
"438",-2.75758455405395,-7.65717312662912,-21.4573951766617
"439",-1.57438861546842,-1.63570584785259,0.596698729312948
"440",-5.50664503718639,-17.0011662073654,-51.2530031897104
"441",-0.636616639705096,5.27080729272075,31.4435305631398
"442",1.35021922803105,7.34523354703583,27.1387984467847
"443",-0.53334660076149,0.402757518112367,4.55717127404796
"444",-0.400333308769461,0.368389404369282,2.20281433610376
"445",-2.01521134641774,-5.24928899991608,-15.8778763337111
"446",-1.09136950737519,-1.62875459143152,-1.74850900324941
"447",2.37680278293942,12.1751375490931,47.8122320590987
"448",-4.82592074418847,-12.9006670978624,-36.9405723488835
"449",-1.97795118345186,-5.32958446905661,-14.3567979093566
"450",-1.39714510247109,-5.92435459704677,-22.9426775455654
"451",-4.88296630542027,-14.2246012111548,-39.6930196411906
"452",-2.85514498985839,-6.43094835353963,-14.8317153691262
"453",-4.61811495097339,-13.6231426373833,-39.4280982507291
"454",-3.13772178409135,-8.94773914835457,-28.7204444412091
"455",-0.900822836042551,-2.03125097237921,-5.56103141019776
"456",-1.16454860214043,-0.141465405162648,2.73357510291112
"457",-1.21287239599883,-0.630031995271793,6.40393258693371
"458",-2.84224698825062,-7.47967146859742,-19.1430809412152
"459",-5.27054267511045,-14.6721057965551,-40.3322889171029
"460",-0.529685965815986,-0.736135961656714,3.32903805239152
"461",-1.4150764115347,-4.28470144019548,-12.9217084876618
"462",-3.29631261585916,-8.77015624970238,-26.4918075729618
"463",-2.10668437905611,-2.95412315470276,-2.92736705054676
"464",-2.31344264979691,-5.73999370686681,-14.7316932360425
"465",-2.95785251566355,-6.00127209044763,-13.7401038220639
"466",-2.46967931857785,-5.19602533153329,-12.200537543913
"467",0.598703126433065,3.95636491128585,13.7738334316139
"468",-4.79227959666161,-11.8914810283251,-30.9323240273402
"469",-1.33942330494995,-0.698043315030304,6.30538456245768
"470",-1.28475105414276,-2.18000640249045,-3.76027769701432
"471",0.102022959745796,3.89851955106519,17.4075727898535
"472",-2.77199709563973,-7.79489815240458,-18.3818946344272
"473",-4.18496238729313,-14.62453838081,-50.1801265557465
"474",-0.909766019166909,-2.05289447069663,-4.41422602445391
"475",1.67080992573688,11.5456290463533,49.8267779651646
"476",0.456998480023231,6.05596267103829,28.498062401329
"477",-1.21277417966115,0.201591546517079,7.22409799596585
"478",-0.706800793980847,0.947424368990937,9.50086953196728
"479",-0.560497196441816,4.41648063072739,26.7864446609983
"480",-3.1120676813336,-7.96832836753777,-20.9861782794405
"481",-5.03558741925156,-12.7315916896747,-34.1253730506558
"482",-2.00270267717576,-2.51297360827311,-2.40464779104423
"483",-4.78486924299494,-14.7566694007667,-44.4539140187912
"484",-0.341176059963686,0.0624294090878266,3.20165955800917
"485",-4.07646450858641,-10.5455964285549,-25.0830194171099
"486",-2.03767861485977,-2.75217789427347,1.03513642559869
"487",-0.518471609814469,1.14535215986723,9.50157426723558
"488",-2.09517480277009,-1.40245685410025,5.8166758143916
"489",-5.0156453394199,-16.4176870250541,-53.5667908338851
"490",1.20411529781268,6.9556878244299,25.9582848707046
"491",0.408586229392427,5.17854530813827,21.1162798625553
"492",-4.34271758913439,-12.5514251526728,-37.105096880669
"493",-3.7269110559543,-12.1836956881641,-39.0650690883688
"494",-1.41585503961852,-1.3160865774156,0.332891417511746
"495",-1.31907486966429,-0.331590696355647,10.009156944878
"496",0.656397168969477,5.28935562757727,23.0049085704684
"497",-0.891354209036706,2.58930042288341,19.7864083083455
"498",-4.87446718843563,-17.0557099508343,-56.9036917400383
"499",-0.871699688902197,-0.383378262653082,1.47195156276416
"500",-1.96479357347096,-3.74700440043409,-4.63326550348688
"501",-4.30718567613917,-12.432607426964,-37.8972960393417
"502",-3.43105535638676,-10.4796772112888,-31.2296862900514
"503",-3.04433655205548,-5.758308953972,-8.95889174457102
"504",-2.52579433648384,-5.95338681988221,-14.1420153046083
"505",-2.58733351114125,-6.31258325897829,-17.2375832500074
"506",-2.97379245258651,-7.15534985210127,-18.829504923227
"507",0.239656612608769,2.08546689024763,9.04190853798696
"508",-3.31357510875546,-9.60086054283215,-31.1347573812152
"509",-0.367946646407859,3.38142091154293,22.8186835544882
"510",-2.09108717581722,-5.42684968084711,-16.8283247396339
"511",-2.53822706904043,-2.17295677310017,4.62631690777243
"512",-0.349873215327193,3.24105581411789,17.0055414119765
"513",-1.30437352743996,-0.540506796044724,5.6132398904881
"514",-2.16552167387346,-2.66215932596617,-0.478331048087739
"515",1.40828997559493,8.66896189432543,35.5417933690235
"516",-0.508083196693349,1.22569634179786,10.7853855765898
"517",0.609837615874085,9.11045705285153,42.0322968091384
"518",-3.21063977960893,-9.45001326893521,-28.6978426985454
"519",-1.31040278794939,-3.03670148285426,-8.31243352883939
"520",-3.63011579717579,-10.7195691534785,-29.7537115737161
"521",-2.00662198750257,-3.00438522086836,-3.26779505908166
"522",-1.9378260249245,-3.78591210648801,-6.61291792132829
"523",-1.39301925582066,-0.793998557433838,5.92950677175395
"524",2.00440864761896,9.09196843978361,33.0496057099929
"525",-1.12778717861715,0.842466436851169,9.75129910734336
"526",-1.11093376860299,-2.75441120076471,-6.77662418960631
"527",-2.65854631252245,-3.95559974117566,-3.38040547805031
"528",-1.70291151671671,-5.98573560298098,-20.7986488361978
"529",-0.457762883256748,2.89481647006198,16.9339647208042
"530",-5.74640547920387,-18.1128750066916,-56.1979546136934
"531",-0.500742372533807,-1.8303061683074,-7.37803175786962
"532",-2.12738485375576,-3.01327312381466,-1.01229420396453
"533",-0.407712057526453,0.926284712884353,7.80188530540158
"534",-1.28702402638578,1.19743077039584,13.9396544864273
"535",0.0765966798001045,3.45049347621398,19.3773759036196
"536",-4.55090621615244,-12.2064386947892,-35.9341606322316
"537",-1.44180737806062,-1.84891651180919,-0.924582249809873
"538",-2.17184146832182,-6.25636747911426,-19.230998236151
"539",-3.12110728157563,-6.84056551268657,-15.5176215952974
"540",-4.31929394761352,-12.5279880894154,-37.5256969868733
"541",-3.01178247534892,-9.52614777516453,-27.667230197015
"542",-1.74034356912341,-1.43573699688363,4.41635463317584
"543",-2.05692450804531,-4.26695146996065,-8.64570421078838
"544",-3.77545093372601,-10.1599634750205,-26.5055050106496
"545",-2.70492841494735,-7.65876077693144,-23.2139752568553
"546",-4.27348693800252,-12.7050636370724,-36.6201861699201
"547",-0.468740837476673,2.0917242718524,10.6654461311191
"548",-2.61143428489748,-9.26112330352782,-33.6144416645136
"549",-4.54038187509286,-12.9564255285743,-36.5238948825795
"550",-2.68158766428917,-7.40821486126617,-21.2565417881033
"551",-0.794194714517289,0.150631779432956,4.8838739972266
"552",-1.9855390796543,-4.85106280063451,-11.679669075035
"553",-1.4718208775879,-1.21568708450457,3.06073788891172
"554",-0.77742736455491,0.820372889409668,8.59514488028049
"555",-3.72702389326429,-9.2599244941465,-24.2264952588491
"556",0.296552224306026,2.71826716782107,9.08050731264666
"557",-1.09760601854873,-0.403804055238197,2.86266524409325
"558",-3.10311813490802,-11.6481609837326,-40.1436599686242
"559",-0.622670385479523,-0.879150940871568,-3.20351270133733
"560",-4.32422598879145,-10.9394443979128,-30.1889615542484
"561",-2.23527253083353,-4.02224748903041,-7.21215532673932
"562",-3.72559754954091,-11.6928155682366,-39.6076221821415
"563",-3.7893276300544,-10.1281857908641,-27.6294483156353
"564",-1.06006942972959,-1.00070077796295,-0.742812170308298
"565",-2.43331682831848,-3.84312414752753,-4.14299795828993
"566",-0.016031960990631,0.297432928341323,0.295044760488281
"567",1.35685762103913,7.27875679943213,28.0735022544584
"568",-4.51567240985304,-12.6223536696166,-37.7623348116845
"569",-0.0131811028365405,-0.139909732673345,-1.81170152993036
"570",-1.79277059071597,-2.20068579599172,-0.758268961780232
"571",-2.82821555727401,-7.80030317988724,-21.2531765247436
"572",-0.508885502807402,0.450147550203496,4.03481915665088
"573",-1.3221334866073,-5.48206544422567,-21.5699389723761
"574",-4.05671855309214,-11.4785485017221,-33.3378464854022
"575",-1.96425466674759,-3.71777404726822,-7.2426946086955
"576",-2.63707508789452,-3.81073749908364,-0.807553684242293
"577",1.18134375031099,6.27323995594622,24.0942552765716
"578",-1.89366523200795,-3.25892935942306,-6.16813908622817
"579",-1.32846543027949,-1.39227759859205,1.84566144979931
"580",-2.9803543604242,-8.37872941494834,-25.7265315019688
"581",-3.38991779408389,-8.20633462536716,-22.3732773455395
"582",-1.60278064803919,-3.53759663224707,-8.56573829917556
"583",1.4404156061172,9.18866988148886,37.5791768996567
"584",-1.55504438343064,-2.08186112587941,-0.269604877923939
"585",-2.12195800093298,-3.82960642305306,-9.67441201322958
"586",-1.18534090436958,-1.96408286465362,-4.19033518297647
"587",-6.07776043749618,-19.2740519611307,-61.3067592885636
"588",-3.89374289131865,-11.1064206457366,-33.3856196311617
"589",0.515757173409327,4.16113856519723,20.0918528508791
"590",-0.521848102069271,1.93884045123434,12.9833733289165
"591",-3.74139423307156,-12.5852731719,-41.1246404868803
"592",-1.47040123395107,-1.45730645554136,4.82513447853717
"593",-1.92723265980919,-1.70616866077796,3.77880287307585
"594",-0.0851546699834103,5.07812852437883,26.4659768830522
"595",-1.41843159964282,-0.382733619429473,7.42438832252492
"596",-0.92584155280332,0.303504281747109,8.20578346674711
"597",-3.56229824212392,-7.27989559909861,-10.6011001752945
"598",-2.92049473330565,-10.39843509832,-34.9021778667282
"599",-2.93405204275109,-7.04562605723618,-15.9049430167504
"600",-1.81320494721012,-1.71372786169525,2.7350255176043
"601",-4.13567942281873,-12.6012479166899,-37.5386646517322
"602",-1.58880495367089,-0.811998879286989,4.74297996317
"603",-0.279918595640879,1.74205939014053,12.6231827490662
"604",-1.56351902414275,-1.85051373938472,-1.78413969458779
"605",-2.1055187752637,-6.84451030724233,-22.8238806217396
"606",-0.276872399511944,0.177334496220055,3.23346841636294
"607",-3.78806958908143,-9.79848669893454,-26.1012788012924
"608",-0.0539554154191251,3.34111086402231,18.6598965228443
"609",-0.757386763318493,0.625514120333719,5.4711706024284
"610",-0.328286719610674,0.238952573107781,3.60800291107489
"611",-0.725715082848467,0.591023572546533,7.27010543401661
"612",-0.794016092781874,-0.918182774002616,-0.305850845409395
"613",-1.14460858282496,-1.35413521109399,-0.136675786320438
"614",-4.38244224199207,-12.4133398991713,-34.1414650120373
"615",-2.47693784850748,-5.54268433708296,-12.3507814696216
"616",-4.05497932351091,-9.86338409865505,-26.3870220887075
"617",0.0583713391663423,3.10231845225405,17.0397120249452
"618",-0.107774485010054,0.270462985459403,3.22852458127863
"619",-2.69224157935599,-9.27067907065839,-33.237089007298
"620",-3.55688692322536,-10.4751570462802,-30.516777497616
"621",-0.710876037386754,-2.44114133797859,-7.84585528834032
"622",-3.03204625468703,-7.54296748863499,-21.5042490480791
"623",-4.465713072651,-13.89617123049,-40.8253995078126
"624",-2.0345915549446,-3.33001343747924,-3.16451048954946
"625",-3.17249240727483,-9.40292194116319,-25.8067796353178
"626",-2.81454962846806,-9.1831557100752,-30.7176278280683
"627",-0.498699397357427,2.12813854559533,15.4344978053305
"628",-0.790569216486631,0.825625995746009,8.70040590808503
"629",-1.71859267276545,-4.04151045237995,-10.834382358421
"630",-5.20868083257136,-12.8651614261914,-35.4758557290666
"631",-3.41009031565414,-8.75315595604002,-23.7864374336239
"632",-1.65422978540897,-2.27292557909277,-0.248056176595355
"633",-2.60082874483231,-5.32861740892224,-14.2884055305219
"634",-1.40371241407689,-2.39090400225155,-2.78753342819527
"635",0.494612882620913,2.28103123350411,5.25974737456249
"636",-0.416870716606184,1.52323829782631,8.83883552499924
"637",-2.27052202955872,-3.79180191584146,-8.70472400795438
"638",-2.3286960012444,-4.29268484858267,-4.2491278482421
"639",-5.17761713346272,-14.9979591424405,-42.2347165141402
"640",-4.99824725238614,-14.8080528612563,-44.0567668803981
"641",-0.670152263255943,1.20558681220916,9.34825475806451
"642",-3.87760788688826,-7.73712896923882,-14.3270637497942
"643",-1.3546565127487,-1.29432179776586,0.228632042648542
"644",0.0979154790074972,2.83033940856922,14.3275222698187
"645",-3.1916624035091,-7.2612759285995,-14.9747368964911
"646",-1.75999483746443,-4.13190447597128,-7.16589825952337
"647",-4.58535729874791,-12.2065473707319,-33.5427138237799
"648",-5.99134397280062,-17.2111696774571,-48.4214691366967
"649",-2.29233382860508,-5.89941804518423,-15.6599028634607
"650",-3.23408846089711,-7.81148398141602,-22.6419718810209
"651",-2.17496618045152,-5.20395821856187,-11.8074335074305
"652",-3.34806213624654,-6.0592839496436,-9.49755999692661
"653",-4.85933339270463,-14.7149999983141,-43.6462504023461
"654",-0.820179661252666,0.956552158813679,10.5133026793878
"655",-3.52403417343675,-8.41872692192635,-18.9951582448464
"656",-3.60018038922243,-6.97030214049141,-11.3101706067764
"657",-1.71665871721251,-3.22712506673042,-6.87150377310991
"658",-3.54068955405279,-10.454706590628,-31.1771865244586
"659",-2.88667196003416,-3.60118829881037,-2.79482686398046
"660",-5.92310719082531,-18.6505980516189,-58.1854494855888
"661",-2.84374660405359,-7.55188087748513,-20.1316177456597
"662",-2.91690890422694,-5.6719504796074,-10.3334489472763
"663",-1.98024408240752,-4.84361656359908,-14.0961049771449
"664",-4.45219247682388,-13.5870884001877,-42.477748705993
"665",0.93838761644821,6.48734476081756,29.1919049120295
"666",-4.41711142436583,-12.7757017735815,-36.4074027655715
"667",0.476899946742776,3.00880479013006,13.6575282264712
"668",-1.92627132728302,-5.99804275036126,-20.5365603627647
"669",-1.70294517254598,-2.70228820185253,-2.04322000701609
"670",-2.14016584650074,-3.63101344219547,-4.41993229900982
"671",-1.20907190949686,-4.33602053723735,-17.1512038803319
"672",-5.47015330824843,-16.385471747419,-49.0714282564488
"673",-3.16998421511715,-9.30607678100125,-26.4253581954983
"674",1.42550244271922,9.62443620885813,38.0733110883875
"675",-2.08179475479557,-4.07660631678175,-6.99414679284473
"676",-0.365281352463228,1.31269872725818,8.65589712409655
"677",-2.63817797232718,-8.57314295521246,-30.6510556661879
"678",-3.50948338998813,-8.81272082723365,-23.0405808069736
"679",-3.0896340132166,-10.5870805728516,-31.7627336269284
"680",-2.87675395466965,-7.02509738795948,-18.0779221530145
"681",-0.850505159689078,0.674203037876055,8.88815411986161
"682",-2.02787180768178,-3.66090267511993,-4.16004638884806
"683",-1.50699665760322,-0.111478882837787,8.44391584112418
"684",-1.07954558281847,0.361650679480704,10.1877786239311
"685",-5.26921514591567,-12.8191602055846,-32.3672791100514
"686",-1.00312077348735,-0.571378858639946,2.99664771333414
"687",-3.16956081636368,-8.04088006041309,-21.133408386647
"688",-2.69684761640019,-6.37977060601122,-14.8478890872552
"689",-0.175756744428099,3.10264450376405,16.7867274865284
"690",1.24554070611913,7.73356983511121,31.7218314801519
"691",1.07082817698199,8.50010266961499,35.3437926842787
"692",-2.60668387658524,-6.27468569480072,-17.2636912881201
"693",-1.01523513274338,-2.03897422150442,-5.90595373382348
"694",-6.02079226171554,-17.877819180708,-52.2797061983658
"695",-1.2258304509985,-3.18085223288404,-12.2223316660011
"696",-3.34106527665926,-9.18798332425297,-24.3933675306641
"697",-0.242671762624411,2.26986775833893,13.772858816973
"698",-3.66547360590016,-7.59899898381343,-15.7361690962362
"699",-3.40272234227547,-7.84855526606475,-16.8127997116972
"700",-1.09057274217668,0.376572318341573,8.16925647584958
"701",-2.73075104927568,-6.30646892565983,-14.5025238598751
"702",-0.291934604197991,2.94119226735438,16.917583848016
"703",0.740377314832585,3.35080116248719,11.4157374765025
"704",-3.51713967685112,-9.69713651108441,-27.8517993547161
"705",-3.32278613116927,-13.1468897505597,-44.1324376913108
"706",-0.382040055956793,1.37451625517633,9.49630714710725
"707",0.406240505403218,3.51717006450122,13.2111598535287
"708",-1.55111950140946,-2.13990046941171,-3.59966666412015
"709",0.771271621128676,4.05085261678357,12.2393411523046
"710",0.457863128210136,2.72441590654478,8.22877316806171
"711",-5.31828426702236,-18.7605230366207,-62.6299391549253
"712",-1.05640174071618,0.301672112191909,6.24099802688966
"713",-5.44211026196814,-16.0195091732066,-47.6430524117479
"714",-0.616464445672932,1.8751676727494,14.4120196231065
"715",-2.54150000396277,-5.53168859402626,-12.8003403489599
"716",-0.765979732961284,-0.670752804631093,0.303457712140698
"717",-0.828309449398489,2.20190741866031,15.7689177605441
"718",-1.78015257846783,-6.52736961201674,-22.0510693255262
"719",-2.10348822637496,-5.91567436126707,-17.0020376839991
"720",-1.99963465595488,-2.20701538534388,1.92602970177882
"721",-3.47223274455149,-9.46677684525139,-29.8867066487167
"722",-2.45627336038172,-1.48551880048342,7.50430596824572
"723",-1.27798458107549,-3.98251737118142,-14.943251544116
"724",-4.36090455703061,-12.752860647903,-38.3410511666393
"725",-1.55290915191392,-1.94435922406706,-1.72189219457778
"726",-1.07456797744743,0.336803218533078,8.50717955808045
"727",-1.76754855245701,-4.90805649410424,-12.1091692667103
"728",-0.319004147427336,3.22447613060194,17.5685537902607
"729",-2.40987142374223,-3.85502722595629,-0.0666175799942721
"730",-3.85317287242782,-11.410713279379,-33.8340346170382
"731",-2.7088586646002,-3.27732419264782,-1.27005338040999
"732",-0.793207643697485,1.0949403898494,9.38384619107478
"733",-3.06271825409198,-5.54567969181437,-9.5384853581379
"734",-5.68750908181619,-17.2412691455446,-49.6901542150372
"735",-2.02637852132733,-4.43381078484572,-6.33866660625631
"736",-4.04514000735628,-12.9808062949265,-39.4318044244715
"737",-2.92394547256157,-6.88496885100244,-17.7986790744158
"738",-5.3793782205484,-16.2290543272609,-49.7166952326611
"739",-2.19159376760905,-3.89516487471872,-6.41044622179083
"740",-4.67574949209558,-13.658308640909,-41.1262604757158
"741",-2.87470530811703,-7.80136749293285,-23.5729889154522
"742",-0.770067044362634,3.31851506066789,21.3038145059061
"743",-3.64328866554195,-11.3015262938827,-35.6515576486959
"744",-2.58800294991022,-5.04444972871784,-10.1105832785497
"745",-0.444501562508094,2.21653951870599,12.0326182047261
"746",0.665204235509918,4.00351585013959,15.6485870327892
"747",-1.72558916598427,-2.61620257078096,-1.89166882645486
"748",-3.48914789567459,-7.33464532315497,-16.5988477325045
"749",-0.36037726375298,5.71325825851704,29.8660113203709
"750",-0.704578856633304,2.18961580717541,14.2932341904921
"751",-1.67263644024297,-1.31421019232823,8.64004022660561
"752",-1.23615008693127,-2.56318709301115,-4.41479066264833
"753",-4.07605061294191,-13.1072819393017,-39.7324728707561
"754",0.854630515486861,8.69898434314371,38.7464463320807
"755",-4.54560785893949,-11.9631080062703,-32.6215572082324
"756",-0.454898173901597,0.610583999368259,3.52309530503794
"757",-0.0245302042500271,3.33393087936383,17.20429761936
"758",-2.85833680923616,-6.96426200856513,-18.4875741598707
"759",-2.31671823796319,-5.7105706722374,-14.2785283644396
"760",-2.09777103606996,-4.21795682929849,-8.97919894249912
"761",-2.62877009631598,-8.27535254979307,-27.5612462352333
"762",-1.89018305083243,-3.76194224678716,-7.00944613443085
"763",-1.44919783307938,-2.1751787755461,-3.06101629284285
"764",-3.45369937001277,-9.97061187218378,-30.2127014692276
"765",-3.05714892311812,-4.59000442502941,-1.633140414134
"766",-1.4345499470727,-0.8925850970586,2.55461884448823
"767",0.104984033524943,3.61895025340311,18.0462920042341
"768",-3.26212447001058,-6.78465470744857,-15.7791875612529
"769",0.545627428441492,4.13722261042471,17.6191534842383
"770",-5.55627355712818,-17.2861623228889,-53.1378790577201
"771",-2.35802377986721,-4.8963497652411,-11.7632915720023
"772",-3.09284815753227,-5.18152257254769,-8.14076933147408
"773",-1.90430713811003,-0.777461264146154,7.11285160473562
"774",-4.65737987979435,-15.7588132741492,-49.7284374457465
"775",-2.74967794314443,-6.73487711405312,-18.2952178673909
"776",-1.68096942715488,-4.20821106087999,-12.8042717325945
"777",0.334393128929776,1.14033113468668,3.06517891071667
"778",-2.73976564761711,-5.87822597779314,-13.8082399781686
"779",-2.64843229345138,-6.36996154158135,-12.9299709957963
"780",-2.91560778553787,-7.88238634963693,-21.923242647792
"781",-3.35411547115143,-8.69063136944135,-24.0675449146549
"782",-2.29568676939647,-2.54850767993219,1.24219997595014
"783",-3.97899381560069,-9.58986377991948,-23.8125663872152
"784",-0.731235091156861,2.88243751836239,19.6732072886909
"785",-3.27960444492135,-8.62188799999637,-22.3778855414548
"786",-2.11377288819227,-4.65545450264381,-10.3441117856762
"787",-0.0250726174997453,2.713204851623,14.9703705141897
"788",-1.79968659485843,-1.16879683374191,3.82524220453001
"789",-1.27460322892983,-1.04408755351994,0.416973018115186
"790",-0.923971834610143,1.77391672238502,13.8910170814625
"791",-1.47495684367482,-2.14657617317118,-4.23657330106062
"792",-2.30847896462507,-5.08999959805908,-10.2233221664708
"793",-3.32118693626518,-6.62221738351934,-13.970191163686
"794",-2.13776667594766,-3.47834551550693,-3.36017079267572
"795",-5.08285162064277,-11.0649365309768,-23.4744345613697
"796",0.00954228369818111,1.89296873979492,10.5090553888106
"797",-3.15650557857674,-7.55450122040611,-18.8621037934308
"798",-3.17055348870383,-6.48723571772427,-11.2657555448936
"799",-1.94042174254616,-3.62085590969446,-7.20039891953184
"800",-2.35726461607015,-3.79312349950169,-5.76647465342876
"801",-3.12042887446358,-8.17466185253954,-24.4962183704231
"802",-3.04365342587306,-9.23400569093099,-29.9226655626705
"803",-5.24347418927437,-16.4332941622444,-53.3139160752567
"804",-0.652890963094592,0.273178678531394,3.42547492341214
"805",-2.34122396923738,-6.68647144597139,-15.1326310383026
"806",-3.5097179708701,-8.11869474708089,-17.8525197163783
"807",-4.15604056049938,-11.5249201341732,-32.764150699739
"808",-2.84023386713329,-8.32433910076634,-27.4190991764124
"809",-2.22603778117218,-5.28603712825998,-15.4739245513781
"810",-2.29228783117861,-6.71320108401198,-22.9472833155937
"811",-3.07330060560457,-8.30569307595329,-24.2942229518969
"812",-1.50971231827072,-1.73432616311527,0.228503684021689
"813",-2.5008541420151,-5.44368689032865,-14.5163346998315
"814",-3.02911901567342,-5.82256021197713,-12.2296672512327
"815",-1.43149990422432,0.139496249905278,7.45706619499492
"816",-2.59653566511997,-5.86243160790082,-15.883778392011
"817",-1.95021500503549,-2.92066082418251,-2.23885282122069
"818",-1.02175285733318,0.877322625423972,14.9342842570209
"819",-1.93607786205553,-3.9837965017781,-8.91593202768468
"820",-3.7072484006963,-9.67346689169733,-24.7089739621517
"821",-2.35391602247995,-6.80093702968293,-19.2557561557112
"822",-0.314841474677564,3.16734298062886,17.4244107787374
"823",-0.976139577197102,0.415072258191003,7.85775270309205
"824",-2.57770124141666,-7.98225946728962,-25.6211525811893
"825",-4.28371757173852,-9.92883562916199,-25.2390474685487
"826",-2.74602465225132,-6.01216144094928,-15.8651189234645
"827",0.522061163994863,5.99227918490772,30.3275373024444
"828",-2.0759570008434,-4.65677150809051,-12.3533649879323
"829",-0.452572014234363,-0.794150907723861,-1.15344744469303
"830",-3.76574168358428,-8.88149172681949,-23.0474697481156
"831",-0.797878870431589,-2.72477958691741,-11.8976143449345
"832",-0.0546171860902973,2.20536015246648,7.90948972280694
"833",-4.5077794512801,-13.741063651865,-42.4292234706238
"834",-2.51544613083149,-6.00970649617307,-14.0825924864312
"835",0.642722595526607,8.63034244918401,40.0352204706719
"836",-1.12230696113357,0.901924221146601,11.5320018304451
"837",-3.05039013515852,-9.37605632788029,-31.5374224436584
"838",-3.9044169048932,-10.5369718693913,-28.5488802310892
"839",-0.92209558456733,-0.231440374312683,0.90465058967402
"840",-1.20517277860796,-2.05855527128529,-2.79344739489466
"841",0.197598273129017,0.836517357091338,4.02485204957679
"842",-0.515249748591827,1.29875667396288,7.6025297387539
"843",-3.98461244205765,-11.4798797180538,-34.4813090174594
"844",-2.29492208124117,-4.98151376905093,-9.93253030005621
"845",-1.58321771970532,-0.157714888343889,12.3294011554385
"846",-3.07183869438785,-6.98066220909993,-14.9134113149803
"847",-3.00739101624242,-7.51111173757761,-22.6801433711271
"848",-1.84830719241819,-0.421525649734349,9.25146040137906
"849",-3.45282566858992,-8.85480781696992,-22.4359772320331
"850",0.0504648933687122,7.52742240125758,37.9440638801429
"851",-1.97917847906751,-2.15681311617732,2.17598731359772
"852",-5.25516732665704,-15.4640410444405,-47.1750189577981
"853",-5.28773063527632,-13.5702901879951,-34.1428335500875
"854",-1.46321081999838,-2.34002260512523,-1.77003316705941
"855",0.413679616005709,6.26233093652786,29.8687075221471
"856",-1.20631985532123,-3.90662611861922,-12.6427975100464
"857",-3.99245873260116,-12.8242093048822,-41.2669271764441
"858",-1.96404538815887,-4.77857299322136,-11.768596438553
"859",-0.126955275697355,6.45364397867866,38.0875550646342
"860",-2.60471801512733,-6.2089432211003,-11.8505000215669
"861",-0.866460079298008,-1.33447920890478,-1.03313447481673
"862",-2.67118748948241,-7.97002528228575,-25.3781504903609
"863",-3.46917329098983,-9.26314806673406,-25.4327077734897
"864",-0.669088757772045,0.599773621209465,6.24829310701671
"865",-2.160269120995,-5.85368956814841,-15.3678528016662
"866",-3.32249210019177,-10.1289404181526,-29.7753441704399
"867",-1.30077478169119,0.727555267907064,11.4088801384262
"868",-0.730184659879342,1.62985494342888,17.3219487869342
"869",-3.38719094815951,-8.77575605852212,-21.0327409378192
"870",-1.1538979561887,-3.06619228217608,-9.84985225329638
"871",-5.73457256906909,-19.4101023721303,-60.7497642479141
"872",-3.94308145689985,-11.8341336866278,-35.3641821219387
"873",-2.20974423294717,-4.24890696596594,-9.37586304521915
"874",-0.99916938947996,-2.2551493524843,-4.98694402923502
"875",-3.44298498584584,-9.51682137055832,-28.01351360991
"876",-3.79782962534165,-11.265710361737,-34.4698344151486
"877",-3.94853935506956,-13.5733442658895,-46.8116813529534
"878",-0.82302488733751,0.0302207603817806,6.33150953568406
"879",-3.99115721100452,-7.36482812891143,-11.7217370464321
"880",-3.03535539618667,-5.01341895543771,-7.86131942157022
"881",-2.52492424865198,-5.17911024858199,-10.258030045846
"882",-0.231542518547087,3.86411011080941,18.855858147386
"883",-1.5318943854225,-4.80394448928689,-17.7547006770706
"884",-3.5353068075197,-7.48875055032011,-16.8254721873639
"885",-0.972673617573662,-0.254724377923708,3.80874250721649
"886",0.37923894858443,6.16867825006875,28.8942188076167
"887",-2.12606431772383,-1.22047232673594,10.6181334744981
"888",-2.20658087653527,-6.00576606566892,-17.5627649413066
"889",-1.75109309387966,-5.98969949919842,-23.4493345144488
"890",-4.20725609657302,-10.7995331441662,-29.8592661236221
"891",0.325357130368843,7.10446578840993,33.1189992765394
"892",-1.58520239524046,-4.24955729722433,-13.0782179985613
"893",-1.19619066039581,-1.57963995435273,-1.2983066205843
"894",-1.68432702222015,-0.959959226556634,2.72297114518642
"895",0.0649102422619876,5.65450478140599,30.6417201510646
"896",-0.152614927597142,2.09279284870809,12.2280753778612
"897",-0.432283243281347,1.4489557597152,11.064979431796
"898",-2.69332136753258,-7.03796608785137,-20.4917783715946
"899",-2.72219982625046,-7.77433267463891,-23.1501944958065
"900",-0.482124859262626,1.96289267856662,10.7286112295085
"901",-1.22356448545759,-2.68079463139657,-5.77579204435528
"902",-2.49912248554324,-5.13423594375513,-10.4289894789922
"903",-2.68949136399607,-8.96880015643262,-29.668975178944
"904",-1.68636108573122,-3.98943848597185,-12.2250359419859
"905",-3.44488046445679,-12.0566072124652,-41.2397975490276
"906",-3.61918774689207,-10.6593808760697,-32.613829528163
"907",-3.88188063994704,-10.9488604092276,-27.5434985545608
"908",1.52831702691537,8.05565437151893,31.7064697509113
"909",-4.71524167553173,-11.9886824007311,-29.7446465965847
"910",-0.878331540720637,0.240988479907628,5.56382479853573
"911",0.232662902819413,1.95449692595707,8.56630160106624
"912",1.4117998716913,9.35760542021114,36.5427170441378
"913",-0.312797730422858,-1.93570071542138,-8.93998457206203
"914",1.45167375172741,9.11477222195299,36.2014464297222
"915",-0.709438519360162,0.838172915568975,8.42334633538439
"916",-2.74213210592785,-5.52978419920191,-13.2792420738087
"917",-4.28426575378376,-13.331131829167,-41.7264302461547
"918",-3.56692956976372,-9.02430895257498,-24.7214505276147
"919",-1.52477142549753,-1.41606155105649,1.41102924857796
"920",-6.60242206088168,-21.4501738540965,-70.071406173013
"921",-1.09692591298398,-0.264464899552877,5.61147728552396
"922",-1.33233985257647,-0.0536473174760204,8.07398279406584
"923",-5.05338107824593,-14.3242456720407,-43.1945495462555
"924",-3.97885772631355,-10.4854632363727,-27.3843810982187
"925",-3.73350204397627,-8.24734193947097,-18.7727340257359
"926",-5.07441178132621,-13.6274594230561,-34.7260512328621
"927",-2.88433555837986,-7.6529376030885,-19.505049256388
"928",-2.65539542384965,-6.46897132092954,-16.5180136622805
"929",-5.28436060150142,-14.5973132134836,-39.3649490083137
"930",-5.83016899539558,-17.8003328631388,-54.5302153489376
"931",-1.19014874084456,-2.12565216002076,-3.03140578596481
"932",-3.01940407370364,-8.19566552114111,-22.5841584938576
"933",-1.5112973663546,-1.84539283880963,0.611366334922195
"934",-2.91220750769634,-7.12748938914001,-17.2165064550738
"935",-2.49861552166703,-6.15369201516853,-14.4779671486313
"936",-0.170175914866263,1.91068699191112,7.17977920752719
"937",0.110689560375135,1.2668262333417,5.64104137689242
"938",-2.58730830072659,-3.34682178366222,-0.423440591364169
"939",-4.7178449335301,-13.8968727198993,-39.0432661522934
"940",-3.24188788240593,-7.49764304243331,-16.088755605761
"941",-0.422294729381747,4.66660553138422,26.5455258602162
"942",-0.884265371892809,1.36083802835537,13.3115555843115
"943",-3.34993113519897,-3.97703725390079,4.5055146341515
"944",-2.01529403388821,-3.82857611410805,-6.45511558558178
"945",-0.448565169731467,2.03295206466385,13.5509451157657
"946",-2.88745320492484,-5.78245616226093,-9.41150084365631
"947",-1.3426620608185,-1.09096098784778,5.25067260485685
"948",-1.02086419730682,-0.030073285888875,7.28552963030097
"949",-6.25438468066108,-19.3324611697223,-56.1638503338368
"950",-4.97334108916681,-12.7234021385544,-31.9137831837661
"951",-4.51546399570879,-12.0911404551027,-33.322160277271
"952",-3.37131557041101,-10.1301858763435,-31.7174275938826
"953",0.550046065679737,5.03998682810482,19.6678073213664
"954",-1.73305133366017,-4.60612001716197,-13.9696543876478
"955",-4.2540322231153,-10.1998214129795,-23.4380657545596
"956",-2.53032148248076,-6.6803995340905,-15.8964267217345
"957",-2.53319891005856,-6.99067199572426,-18.2522635911118
"958",-5.97354007405949,-19.553392852799,-62.4377670568042
"959",-1.71320039083764,-6.35302339418956,-22.9799331499496
"960",-2.2122369689921,-3.41466769618046,-6.40446624902893
"961",-5.97004597057179,-16.4737255189697,-46.0315669070749
"962",-1.54726513939084,-1.1905504760914,3.37109971561949
"963",-1.74414333946214,-4.64017244539946,-14.4396624762148
"964",-1.4393334757255,0.822748784329974,12.3344097792324
"965",-3.04584901484031,-5.28268537346696,-10.0984194201963
"966",-2.00156874274984,-1.95147170347377,0.455992644788694
"967",0.415648590263743,5.67940433520221,26.4448055506423
"968",-0.924393614864812,-1.07264841285962,-0.537343466901575
"969",0.553734900671373,5.20121860822053,24.9119682236581
"970",-0.919508535299599,1.66416956835394,15.8708714116954
"971",-0.293055038559658,2.26377421638676,14.9470174305761
"972",-2.43650808848571,-4.67816386533457,-5.44642104507125
"973",-0.0851498893173357,3.10394920358044,15.4529261920368
"974",-0.873103542194769,-1.67913171438454,-6.76264926054819
"975",0.910556601987594,4.8799393760188,15.7204490032364
"976",-6.28214439434481,-16.8580430498668,-45.4342258254621
"977",-2.02306399322288,-5.82803961686341,-18.7002474324215
"978",-4.73585602851199,-14.6303271676662,-43.7383914001637
"979",-3.37973752935432,-5.88895093245685,-8.77084026257967
"980",-1.81372548148613,-5.16989242793295,-14.2838311888863
"981",-3.65386399114425,-14.0004870647538,-47.4184526100967
"982",-3.36800855485421,-5.79002340792692,-6.25618063253387
"983",0.44358550138827,4.73634977740528,21.6497102476335
"984",-0.705569623412714,-0.248926749988414,4.13620614822798
"985",-0.551920270468202,1.76694378114451,12.0634611432997
"986",-0.844883099755066,-2.12310150056237,-8.93523776723919
"987",-3.02018968708478,-5.80013331611724,-10.9984477771625
"988",-2.19477810690893,-6.02172631945166,-17.8648954066323
"989",-3.78405189741017,-12.1295209801734,-36.7738958888121
"990",0.642836926434029,6.32453060527121,27.098736883069
"991",-1.81594693593092,-3.12867637976569,-5.65067695327753
"992",-2.59885215798539,-4.97629191713031,-7.71956720951152
"993",-1.27836922637141,-0.36581146680544,5.96899529583129
"994",-0.132634429141092,2.49392764385732,11.9161373962081
"995",-2.1758250596306,-5.43031689625172,-15.4173181057047
"996",-2.82632675692992,-6.84536229078549,-16.641296508458
"997",-3.44968816397659,-6.57283029645828,-11.1733321935644
"998",-5.0979848583986,-12.497859859351,-32.8657285590632
"999",-0.64497490378227,1.05457335367032,9.51661372410854
"1000",-3.2424118969318,-7.30532217815426,-18.9289755796972
"1001",-2.11354516830238,-5.20297006847113,-14.724583679724
"1002",-2.08345756569429,-1.75942138275082,4.7967570227695
"1003",0.501595872920632,4.54118492311534,19.9445133149952
"1004",-4.1839481455288,-9.69874140734578,-25.5765205629673
"1005",0.353287156561464,4.60105142968212,22.6631177051943
"1006",-2.01172778276117,-2.33484916747511,3.1656698664533
"1007",-7.90085360714028,-25.6202293188961,-82.3430922670329
"1008",-1.94332848752117,-5.11017036032752,-13.5016369322227
"1009",-1.77937571236032,-2.68491100518827,-2.48863494114585
"1010",-1.15207758189121,-1.21158223903467,-0.781741134603635
"1011",-0.288329572498071,0.280377928008079,3.96501127115516
"1012",-5.95481144678996,-16.9647394344117,-46.7340311851131
"1013",-3.30085904711115,-8.66871188504751,-23.4695319562672
"1014",-3.52496853690184,-8.65472105551441,-21.9461246736632
"1015",-4.76463113870489,-11.7983699971262,-31.1923276526106
"1016",-5.01449103048088,-12.9464746034921,-32.8040091889234
"1017",-0.478948409738791,0.221179477324085,2.42103469826884
"1018",-2.41995691790379,-4.25509474130661,-6.07815013878712
"1019",-3.75649923136331,-9.84986759107244,-26.7185959030312
"1020",0.246127424394842,6.05514325889692,27.6988344632653
"1021",-2.55965235194464,-4.26122149335743,-5.41001518736084
"1022",-1.07366234190539,-2.05429837397605,-1.37672446845863
"1023",-1.05533914985006,-0.169554981022316,7.53318471560897
"1024",2.25356039741149,8.98865237762789,32.6903601054698
"1025",0.0857855330330608,1.86731348856051,8.96960985305577
"1026",-0.532521134081435,3.89756375988293,20.2445254247391
"1027",-1.64098717146845,-1.86089596238128,0.942381364506218
"1028",-2.41475141393914,-7.32022507293823,-20.3469887496483
"1029",-4.54289671719954,-11.4835061698843,-28.6742790933642
"1030",-0.952762211364927,1.26186186784719,13.1009368634986
"1031",-1.73479066232699,-1.02900113193141,5.59497731176702
"1032",-1.45829666746181,-1.47320584894271,2.18520333251399
"1033",-2.22178943758524,-5.3200056663992,-15.8335066342906
"1034",-4.56248749681743,-14.5841901775293,-45.4489567514775
"1035",-0.455262827291961,1.93604044863662,15.3212958426921
"1036",-0.0642635392932789,2.03368943097951,10.7250855710456
"1037",-1.31017884532332,-3.40246816203387,-11.0171890738516
"1038",-2.65186213860147,-8.9040479074298,-29.5988707421061
"1039",-1.0018200012928,2.09458470662457,18.5453362404025
"1040",-1.34175796344732,-1.79269798110181,-2.25134481522082
"1041",-3.707000711744,-9.61275566185793,-24.0847488449142
"1042",-3.58927338544134,-8.58799932924251,-20.9670169750727
"1043",-2.70252058464735,-6.4985718960321,-17.6871873761474
"1044",-1.35324002310477,-1.90951740580101,-2.68137139862324
"1045",-1.98758384948735,-3.75531321182154,-8.2506061427091
"1046",-1.09757956817765,0.70032900500189,12.5893540645043
"1047",-4.41757634508764,-12.6105620948499,-35.1635274909302
"1048",-2.71049587521776,-4.12366244702991,-1.01947388407166
"1049",-4.19449725250553,-13.9673880893711,-45.3383420008925
"1050",1.82032326288476,8.61101962297471,31.8675127710028
"1051",-4.98799210974948,-13.2706912920852,-34.306941433025
"1052",-2.47298699046002,-3.86950046652248,-2.73831306567922
"1053",-1.84436481466918,-4.66569368012813,-11.8566423293705
"1054",-1.20963532158612,-0.674718518422878,2.03118311308026
"1055",-1.17261911568835,-1.17886640316783,0.0669034750219453
"1056",-2.33106671485223,-3.3345337600847,0.223171661682727
"1057",-3.15466835365277,-8.76946574968667,-26.4044328332793
"1058",-0.589517615520322,0.11930379258979,2.05486806657132
"1059",-4.33002551099025,-12.7341211534181,-36.5099527293735
"1060",1.2293057501517,5.6812305570553,18.7996449898983
"1061",0.0827581493716707,5.8266695900893,31.289153848762
"1062",-1.1498581021234,0.535855154698424,9.44538129503167
"1063",-1.78354056513678,-2.3320132681697,-0.558986012884816
"1064",-1.0879036646453,0.0418639253385891,5.72275807088158
"1065",-3.39530668837523,-10.1497707479633,-33.4254808906921
"1066",-2.42359712402964,-6.23810185388618,-17.8504056776394
"1067",-2.30908589235031,-5.75849542020524,-14.0887875101332
"1068",-1.67792588598905,-4.96172889369529,-13.728152253763
"1069",-1.58572640044508,-2.75515867668651,-1.63328934605738
"1070",-4.50533421653273,-11.0440751019372,-27.9230645378093
"1071",0.579764158819216,4.45445149173395,19.7906808775747
"1072",-1.32050634256041,1.17902516555523,13.2674290429425
"1073",1.18948819457324,5.25433432653631,20.6779201712397
"1074",-3.2505138384617,-8.51476807521863,-22.4662570426515
"1075",-3.77235004870192,-8.2473364166126,-16.6875993202632
"1076",-2.14243047141417,-4.64636640093659,-11.2261244862025
"1077",-3.45475715297948,-7.68713644960098,-18.877546943643
"1078",-5.40404543133621,-17.2763936034825,-53.604552584324
"1079",-2.76667187458622,-3.64073975284487,-2.56403508754988
"1080",-1.22422432677985,-0.893524984493638,3.68429658934406
"1081",-1.74763190950688,-2.22908358163284,-2.32217867052645
"1082",-2.29776053033152,-6.64435088474511,-20.432334504781
"1083",-4.75264006345566,-11.1709505715729,-26.1580288879875
"1084",-1.58671125113284,-0.780468206554815,7.08710364766443
"1085",-1.44450641207959,-0.3310891959635,9.43127152913689
"1086",1.04725129532852,7.76606488416803,33.8751379775035
"1087",-3.5071616776296,-6.28733018117327,-8.77310088160607
"1088",0.435480599184814,4.19203003819848,15.768951637953
"1089",-4.32624916632051,-10.5171623211436,-25.3771613309616
"1090",-2.50642511184685,-6.40828130770637,-17.1229777873104
"1091",-2.41300900681131,-3.80903307246422,-3.78855709261939
"1092",-4.67789661667746,-12.1938846676381,-34.6835744871498
"1093",-1.14411512016648,0.0444451725080626,8.70263736504921
"1094",-3.9897048300968,-9.91557980642006,-26.8879325986775
"1095",-1.48126196586622,-2.63160940720547,-2.05245544287754
"1096",-3.69248012080442,-10.924690355609,-34.161455574618
"1097",-3.10354151078695,-7.83729232121789,-21.3349465012466
"1098",-1.70023025949058,-3.75499925420718,-9.54379571950471
"1099",-0.318104373889184,-0.474541321682295,-3.30530472890609
"1100",0.833304222230595,6.47042006912147,25.71726985381
"1101",-3.97683776258953,-9.89047180133412,-22.6403457304918
"1102",-2.55903135720462,-4.59002954816458,-6.30276609426846
"1103",-1.07193882116576,0.847963517657945,11.7481639799726
"1104",-4.29931479405889,-10.9408677889011,-31.0811225585035
"1105",-0.976264270701108,1.79020350316546,16.1621976953825
"1106",-2.47120051300851,-5.37460198838926,-12.6021129793839
"1107",-1.44147771429277,-0.812163358550151,3.20426232830732
"1108",-2.60256313725739,-8.92388934519772,-31.410872881766
"1109",-0.446183895651529,0.862767568451886,8.07525442724204
"1110",-1.43464276287295,-1.14391005610082,2.17910801712446
"1111",-4.46992542692999,-12.2671524998286,-32.1915856940234
"1112",-1.12357474942456,1.34422216399594,13.393615392564
"1113",-5.22112000903883,-14.6056913373022,-43.6533104695943
"1114",-3.33850502158373,-5.622666815044,-9.38123930184975
"1115",-3.79172558399483,-9.13662916099076,-23.2218567804448
"1116",2.21657214995878,12.2749891309984,49.6820975774342
"1117",-3.85675916677667,-9.82174468875724,-26.2817179356562
"1118",-0.617905824720992,1.35679295365765,9.65925689499932
"1119",1.42661790856664,5.48366795924835,17.7990490812144
"1120",-5.82786059297149,-15.2231450495981,-40.7709815308826
"1121",-0.935692133145949,-0.483034607169884,3.699982633643
"1122",-2.22896431184483,-4.27343606845704,-10.6049285711042
"1123",-0.396303186766545,1.37612245656965,10.2919960034906
"1124",-2.8787623043429,-9.61170899585079,-30.6704264982748
"1125",-0.394826819713444,2.89534109928866,14.4728999871945
"1126",-0.111086801720433,1.38573776581723,7.85785650050911
"1127",-4.29195739532287,-12.4010209041425,-35.3575377325249
"1128",-3.5692666143521,-8.9261704839372,-24.1888716924002
"1129",-4.11505237143695,-11.9310593686447,-33.6877018678156
"1130",-1.86956810532917,-3.31564481450573,-6.53557264411734
"1131",-2.27554848571828,-6.04497883266379,-16.3069721196457
"1132",-1.88638245475852,-3.4593907594367,-7.48796565822909
"1133",-0.970242878419924,-0.85208628326302,2.12891160088679
"1134",-2.32188215226807,-5.87658641879432,-13.2082880566013
"1135",-0.39808582820649,3.25026520703057,19.3664308290045
"1136",-3.05842116883656,-7.23539540978322,-19.4853967292358
"1137",-3.31994752398299,-6.40535525039411,-11.8625943643656
"1138",-1.8620929795124,-2.65398397562535,-4.66929277185864
"1139",-2.62522893793846,-3.83980876668477,-0.831585482334276
"1140",-0.154974515729691,3.35163156235205,22.3611624765342
"1141",0.789716009829249,5.48884157807163,20.9701413737505
"1142",-0.69610795917157,1.45431186467476,11.1819653364935
"1143",-1.13933587707919,-0.587272805271596,3.76755160660514
"1144",-1.54272575213918,-1.71499663808356,0.33080291749684
"1145",-1.97852352380664,-4.88682649926761,-18.2108609663885
"1146",-2.50704135722884,-8.09645109942915,-23.3379273902628
"1147",0.470846702891436,4.52928465021091,19.1087538942018
"1148",-1.46333513491942,0.33196948753789,9.43099751349109
"1149",1.46876512515246,7.80354666892845,30.0390453737921
"1150",-1.88971387202383,-4.83919467154442,-13.66378049338
"1151",-3.2831259718568,-8.00370447440832,-18.0169751854869
"1152",-0.530556013085857,3.34119911240816,20.7427009413734
"1153",-3.96479749063047,-13.0676483591554,-40.0644069982541
"1154",0.228855410406481,0.682250489875742,2.26566992342828
"1155",-1.44837011985027,1.27722847616963,15.0476750760151
"1156",-0.887044369164698,2.33578754185658,17.4520963482589
"1157",-4.39907280194058,-9.22303731880379,-19.2043415231747
"1158",-6.35658813896765,-20.3608463030869,-63.8511889698977
"1159",-0.313623274974248,0.822174609253238,6.87226674331373
"1160",-1.20397077916476,-0.769322985366443,2.79902697225702
"1161",-0.385888594537164,1.87023950098001,9.35138063818999
"1162",-1.88967976514022,-0.493392905509609,12.2655461546171
"1163",-5.60331639312182,-18.5613910109302,-56.6124177826355
"1164",-6.65524026113951,-21.1213705609651,-66.6335172409617
"1165",-2.12925859348297,-3.50076275108347,-5.79528433156338
"1166",-0.673308880825346,-1.88665756895136,-6.21986345961955
"1167",-4.82486531912582,-13.839058915486,-40.9050604756096
"1168",-1.64282365941432,-1.04922535480159,6.16367362873211
"1169",-1.02132579835921,-1.77318499949558,-3.99899861969675
"1170",-0.477837782447864,1.04427894757919,9.73156673470407
"1171",-0.330419097391939,2.41934268770319,15.3045929335212
"1172",0.124816761112413,2.8253623880704,14.8143464101447
"1173",-3.01700270191441,-9.93688196211292,-30.4005590027166
"1174",-3.04381988498216,-6.76010302601583,-15.3212573987344
"1175",-1.20743278353785,0.227080503913612,7.07005131637834
"1176",-1.44616480635477,-2.23479687946588,-1.96545568217607
"1177",1.32277344519355,10.3601623727432,42.8725095942423
"1178",0.537685951449703,5.81710798235054,26.7846094840502
"1179",-1.44509084919133,-1.64481371741533,0.473056484407607
"1180",-1.36280555174778,-2.98869791391974,-7.07067284118352
"1181",-2.24901900137905,-4.801841415642,-9.34159771474538
"1182",-2.38640288294761,-7.43289820388452,-23.8542754634166
"1183",-1.43110582905069,-3.26968460062255,-9.68494538578966
"1184",0.955615050999654,6.7001863262808,25.9248502788514
"1185",-3.24476560602625,-6.72149358923559,-11.3877255285536
"1186",0.626009795477955,4.90708944822654,20.6501711418332
"1187",-2.21683312549317,-4.54679010745133,-6.79365043542589
"1188",-1.74373102476517,-4.13420637140746,-9.15618201445977
"1189",-2.63171230334359,-1.83465782187,7.3420811240087
"1190",-2.42695271380927,-3.82843350704445,-3.53716827964968
"1191",-3.344340061965,-4.58714132862929,-2.55976005827847
"1192",-0.37307113434872,3.37370672393729,20.5340695651746
"1193",-1.31643413393698,-1.27214603235382,0.0491790740450142
"1194",-1.67080103471329,0.0988958467966086,11.1745802524551
"1195",-0.835903676216674,-0.878084351640609,-1.42959148233354
"1196",-5.68690382616001,-15.7704046574436,-43.8685487680464
"1197",-0.441916728957949,0.799234308256473,7.92597989155206
"1198",-2.54824213748782,-6.50737947303935,-15.3530696142154
"1199",-0.682329515608217,0.628114229452194,5.46330705269975
"1200",-2.80338347056323,-6.31051199684646,-13.9296349233032
"1201",-1.84287605925101,-3.50718810229773,-6.71783115972266
"1202",-2.20932131889907,-3.97204344988472,-4.67949020496303
"1203",-1.23290522385673,-0.704712937726185,5.44064244133619
"1204",-3.01616630022755,-10.3334130337261,-34.1587928328986
"1205",-3.56878341419474,-11.3041730432856,-31.9481609384829
"1206",-3.1794734175553,-9.23864071013077,-27.8974018513543
"1207",-0.484815499784361,1.40910150421632,10.995343911407
"1208",-2.37864537202165,-6.93363532625233,-20.1592476952533
"1209",-1.6435837740222,-0.822479856345126,6.45028726233545
"1210",-1.25567027451461,-3.39848417220549,-9.94339047108906
"1211",-1.23446328198196,-2.95987521867926,-9.61017669409284
"1212",-1.05342872961177,-2.20906749200992,-5.44028026528986
"1213",-2.07625830768222,-4.67919005288184,-13.3673004036027
"1214",-3.15011000896595,-7.76940159271464,-19.2982940494992
"1215",-2.22390773718433,-4.46384223214545,-7.3195092754479
"1216",-0.946513993771021,0.845407688309137,6.88404121587178
"1217",-5.78468794345258,-16.8772965317837,-50.4538782592235
"1218",-7.14398618534801,-19.635140189167,-56.6702413597775
"1219",-0.147901008164354,3.71053870097876,18.6012349627922
"1220",-1.90903825347368,-4.85495139345289,-9.32593633073498
"1221",-0.54819478279768,3.92312573685592,24.3678117007721
"1222",-2.57683626433112,-3.74741857987431,0.311432503512833
"1223",-4.35983453808694,-12.5799844953449,-35.6465015398715
"1224",-1.17867711704656,-2.4907780973665,-5.40524526047284
"1225",-4.41162421058726,-9.69021128095585,-18.3589175112888
"1226",-1.70440076400382,1.07294269360966,18.3292781518951
"1227",-1.79409106988857,-3.75664218287068,-7.26350486310844
"1228",-4.17415352241738,-11.4206885820671,-34.3905998199493
"1229",-0.166422821745073,2.9300833817357,16.3913775044684
"1230",-1.14239325211537,-0.2654002315752,4.99419108288043
"1231",-3.29089637831379,-7.95167196482328,-19.8939592182398
"1232",-1.06064809127838,-0.940510165388901,1.43635008461115
"1233",-3.47898462050011,-9.24190327737847,-22.9995366335488
"1234",-5.10609215039386,-14.073997269902,-39.5137343572685
"1235",-6.23631607582854,-18.1496183321103,-51.8595303114953
"1236",-3.14471767204299,-7.55950594373712,-19.7829174951619
"1237",0.831883786132323,8.02560473655865,36.1552756491642
"1238",-2.33782232379565,-4.45484146609613,-9.36824524458939
"1239",-5.67240820929231,-14.182209030705,-35.7752695718746
"1240",-1.07244058142379,-0.697221704008143,4.70519890112837
"1241",-3.84701598305833,-11.303533689746,-33.8880399533841
"1242",-1.80175580407115,-1.2741031718964,7.18429788728918
"1243",0.375033080284084,5.94632421968049,29.2991925478582
"1244",0.774598525668068,2.85834499179634,10.5595811427468
"1245",1.15645204466153,5.88617179252412,22.7812464342876
"1246",-2.58814270009447,-6.81978887990397,-21.5328421003189
"1247",-1.58770005087365,-4.51085524225925,-13.5078784863547
"1248",-1.17295433235427,-0.711028209651317,2.01183682124042
"1249",-2.50416214404856,-4.58023892257847,-11.6993619885047
"1250",-0.133069180215955,5.007915196358,25.6051296250253
"1251",-2.2518649872485,-5.21213349286006,-10.3898259572761
"1252",-2.82468611581817,-7.61459921827657,-18.5563806127868
"1253",-2.5427200047788,-5.51525565960401,-11.8410096044433
"1254",-2.94234183860948,-7.97996548959827,-20.100357936519
"1255",-0.0322445954220143,2.96055416018305,15.5226004018382
"1256",-2.43379370934264,-3.14774041441444,-0.227087268778405
"1257",-4.66209248515986,-14.0808154360877,-41.1742453638988
"1258",-1.5590023059753,-2.80617131612257,-5.4421561748245
"1259",-1.98693274580421,-4.9862029101414,-9.97636737406469
"1260",-0.832270298346941,-0.704868502842032,-0.156350851649449
"1261",-2.67734528322001,-6.40627621468957,-15.3547374916245
"1262",-1.78222375670595,-3.1775316675969,-5.95500506610779
"1263",-0.645977049603914,-0.815675620165962,-0.589469956754556
"1264",-0.252031031475155,0.0254485343028819,-1.18560611482258
"1265",-1.9727738781184,-2.88038836098974,-1.65733149642506
"1266",-2.98935744350115,-3.9100392137168,-2.60960023362418
"1267",-1.03848105623575,1.62287731442484,15.1761177324356
"1268",-0.249519381260143,0.825371715436745,5.32375480282303
"1269",-0.117325453953299,3.00495956649308,15.7769164565723
"1270",-2.8490583587897,-6.73535446496885,-16.0366351489427
"1271",-1.68742670399212,-3.9823787606889,-9.4909244847529
"1272",-2.75698593345328,-7.3989555296946,-21.9075284858054
"1273",1.37789205019266,4.67725678122451,15.3949004949675
"1274",-1.51036014464285,-3.31582348829079,-7.17987953882471
"1275",-1.42426096002396,-2.63570634555288,-3.25036356092346
"1276",1.21362646544992,8.53410108900846,36.055092528258
"1277",-1.58458719204799,-1.470849375694,1.18141454052511
"1278",0.149596878749719,1.1301124018272,4.6918181681433
"1279",0.14940108029424,1.47916515122188,4.58661431156679
"1280",-2.07996857269154,-4.4205124137344,-7.94731177939684
"1281",-5.30195794036041,-16.0241809223803,-47.4165881687838
"1282",-4.72233291653743,-13.513276456363,-37.3126786733226
"1283",-1.73067392818592,-0.671336419146087,7.0028254327774
"1284",-2.12296580820839,-7.14780194726279,-25.1287100823793
"1285",1.45369104204138,7.00820683276777,26.8436115758132
"1286",0.761196950442525,6.98527543687726,30.1000927745401
"1287",-4.48227069173265,-13.7739426438399,-42.0564905649917
"1288",-2.8361309219876,-7.63329926435949,-20.7155584713009
"1289",-0.104008428006182,4.66487207314549,26.7009980216483
"1290",-3.24879512808121,-8.47236322770596,-25.2632378911346
"1291",0.189758157922938,4.79471872670592,22.3315163141635
"1292",-1.23355488151549,-2.26306224831399,-6.06076516321673
"1293",-0.0571656553046296,1.57424147803204,9.25950167791575
"1294",-3.34840161938303,-9.82391386862741,-27.1018423189741
"1295",-2.62056828056836,-4.69045037572857,-7.84069298547433
"1296",-0.969362456646138,1.51127463262605,12.0788694227606
"1297",-0.651979826729757,5.14595235236129,30.4643217396197
"1298",-3.9200497827037,-13.3968038323267,-43.9709153018275
"1299",2.17929117029621,12.7736050566834,49.4422600720898
"1300",-2.28308415769413,-6.0176360812851,-16.6178943452032
"1301",-0.359652986143828,0.68429423563316,6.71838056064621
"1302",-2.09194124583524,-3.3437325778184,-6.46909964285578
"1303",-1.17503626624284,-4.75603293587403,-19.2484885532801
"1304",-2.23046281193319,-3.38223565463511,-0.988969296716277
"1305",-0.475824486324825,1.9393953122385,12.1214461009934
"1306",-2.69658519277226,-1.1832614651795,11.354463081695
"1307",-3.26444419398774,-7.64168832778034,-19.0934725402731
"1308",-2.14946895881275,-3.33208468871283,-1.37574768630861
"1309",0.35389004584016,4.48577629491228,20.7550269606324
"1310",-1.30235484247561,-0.659039517473047,4.65156350854704
"1311",1.54279861183181,8.25592414186644,29.1257669128586
"1312",-3.6520734662339,-10.6984436663342,-30.0632640987551
"1313",-0.163906858324538,2.59132318683089,12.7796041205529
"1314",-2.50085242737526,-6.19274299647975,-14.9113224096554
"1315",-5.53221186018618,-15.8696506113176,-45.007782406185
"1316",-2.30699066729039,-6.41359299095848,-17.9765331713568
"1317",1.35090142703046,9.28482589016164,38.2032761498529
"1318",-3.05952241077665,-8.35412249631349,-24.4021860148939
"1319",-1.98396353489835,-5.04747341267193,-13.4714810028979
"1320",-1.86590077091978,-2.27760683184295,1.17827513691236
"1321",-2.30286552996034,-5.73121925863597,-12.8480052446655
"1322",-4.72491036765689,-14.0648188823108,-41.2555795430337
"1323",-2.05272492440122,-6.02961612462207,-18.8984358583082
"1324",-0.97649315399417,-1.92215644010776,-5.409290834069
"1325",-1.16774396581809,-1.39011232674329,2.24410964556091
"1326",-0.0229928490546172,3.58019690284868,17.518966228158
"1327",-2.23393820553514,-3.36678484369838,-6.71316197366468
"1328",-2.23405870628693,-4.34232925974561,-11.6156664459975
"1329",-2.51962487633119,-6.72722034007381,-20.9202768111275
"1330",0.695254966397101,4.80527543535436,19.2132213443488
"1331",-3.60058950557772,-10.4685055381814,-30.6784881938377
"1332",-2.08651570677534,-5.80300680304379,-13.7812770559428
"1333",-3.75222546597962,-10.013336665803,-29.5456127076832
"1334",-2.64832077175708,-4.43395585802512,-6.54956039545618
"1335",-6.19004281658437,-19.1790134585368,-58.647606680488
"1336",-1.21240334502471,-2.62777968866294,-8.06320352112198
"1337",-2.03378769498136,-2.68944608704396,4.11850509251485
"1338",-4.63903567445317,-12.0631613738434,-31.8917391433954
"1339",-3.67223033005348,-10.1654672030545,-30.6033610979764
"1340",-0.581318432531759,1.48518154587794,8.95741534820809
"1341",-0.260952495933623,2.97193356769924,16.8087758363663
"1342",-2.99092887284644,-5.1661454561721,-9.21457800800408
"1343",-0.591141721295855,-0.12890729726098,3.18525576824004
"1344",-3.35000512206841,-6.67281364153985,-10.7286864637395
"1345",-1.94788313242157,-3.22857140555402,-4.20105556560839
"1346",-2.50188019695742,-5.08728081345123,-8.45250254553275
"1347",-3.02002144052619,-5.57648000889537,-10.3154838657792
"1348",-2.48121557571324,-5.4304626190426,-14.3963954862568
"1349",-2.7475332811635,-6.20240925411417,-15.8694595908096
"1350",-0.422372764880549,1.53512580521681,10.3280864102805
"1351",-2.35182858696425,-6.59689592388793,-19.5722314909815
"1352",-3.41080763828955,-10.9296911880331,-32.9669243846156
"1353",-0.411712553371842,1.54697147077604,13.5958369050213
"1354",1.05880894778318,7.54958808994172,32.2665231813992
"1355",-2.47277211696877,-6.77327180405211,-20.1636611529195
"1356",-4.34637386824113,-14.291531924688,-45.4803715117896
"1357",-1.34422082597087,-2.31897463793894,-4.28696987375156
"1358",-1.01322396240687,-0.542382398087284,3.25767784593359
"1359",0.385955757917714,4.64630225956842,18.7528586279298
"1360",-0.420026907413444,3.16487207385171,19.6781234918806
"1361",1.65919551076456,7.43692414315422,27.1687201389454
"1362",-1.56640708243071,0.686219409650903,11.8190699544216
"1363",-1.43842800441922,-5.70097232893227,-21.2787062272541
"1364",-3.56153904144895,-11.4521203799902,-37.3218302669059
"1365",-1.36804996594731,-3.01934808215958,-9.03634052457892
"1366",-3.54186469185692,-10.1545547166008,-27.2868938400488
"1367",-2.11799411926251,-2.89872756954583,-4.9464283826328
"1368",-3.35250621750896,-7.34490075091776,-15.0112536374902
"1369",-3.70847462971147,-8.72684882204612,-18.5591584140504
"1370",-0.570371361572768,1.61629055857918,10.3142841859428
"1371",-1.47478377009924,0.723151593911325,13.2237824943411
"1372",-0.352336741405054,-1.35030763391831,-8.03925841467299
"1373",-3.26134809247861,-8.02528283897811,-19.7563989046175
"1374",0.227876352332714,3.45576156920163,16.815958507307
"1375",-1.33973181904315,-1.03218944291211,3.28675482207905
"1376",-2.36389563966293,-4.08547610475648,-6.87117600714828
"1377",-1.29289586280021,-1.35058604756034,0.217350473351416
"1378",-4.66744169289342,-13.9768668927135,-43.9674029909179
"1379",-0.331254939739608,1.55775531927929,9.69004948511724
"1380",-0.646685134527274,2.07970497573103,14.9251631598679
"1381",-5.58671931950079,-17.5691813165089,-54.779018876947
"1382",-1.28982509916619,-0.463049565902111,7.00994503312131
"1383",-1.27215502863834,-0.497122830012358,5.26941677268474
"1384",-3.36279168116096,-5.49050703543355,-7.74452317438704
"1385",-2.44212764643299,-5.02248877012073,-9.98611181670276
"1386",-2.82078172548074,-6.63534852424777,-14.6718034660994
"1387",-0.770501677434368,-1.57425238912174,-5.88143328880301
"1388",-0.246247025070033,2.36640796805852,13.653206308117
"1389",-1.10908825924304,-5.22897939817426,-20.5483098328607
"1390",-2.25600256511541,-4.7516648786318,-10.5624797846015
"1391",-1.02748695745646,-1.86761441901433,-4.21937979792438
"1392",-0.701367898824572,-1.00611823866814,-1.31196643221392
"1393",-1.47945271854348,-0.125044236212489,6.60102702869608
"1394",-0.597378219413429,0.275448040439187,2.8941121195453
"1395",-1.63066547096594,-4.47184084675132,-11.1293737276678
"1396",0.382665320685931,2.89310432810862,12.4611203431373
"1397",-3.78080078582929,-9.50490552040492,-23.7688642005694
"1398",-1.95411968257656,-2.29117290294244,1.71132849133505
"1399",-2.52799775829385,-6.03642759028162,-15.8332913233057
"1400",0.715693486310784,4.47716160063919,19.1639312421626
"1401",-0.961880698458515,-1.753676567463,-3.72946671284308
"1402",0.329158086055827,3.340210708874,14.7137277053448
"1403",0.781477093569663,7.39840310120599,32.9360295680565
"1404",-0.88299219408151,-1.18901621520365,-1.5423350010069
"1405",-2.61573291669782,-4.46933871909869,-1.5477060967462
"1406",-1.96898224259371,-6.53211619021829,-21.7063526156405
"1407",-0.0892911000448748,0.550544347188975,3.98188297981596
"1408",-2.78100895683571,-7.36947276897399,-20.2173782981793
"1409",-2.42226596247866,-6.27603367837457,-16.7962750279244
"1410",-2.97691700126882,-7.38133465249564,-18.5315116683189
"1411",-4.92725034795473,-13.3582323475589,-38.0948791869757
"1412",-3.73394988544152,-10.7785971503994,-34.9651760275731
"1413",-4.45526100329278,-11.7141198474483,-31.8661760699722
"1414",-5.33799180904623,-14.5753482510964,-42.0865760002112
"1415",-3.03517364066289,-4.97673459550185,-7.61093872083325
"1416",-1.80308134246525,-4.25072018928643,-10.3843599151849
"1417",-4.97563503371447,-13.034959161417,-38.1110522840156
"1418",-2.19794487951111,-5.74747954483382,-15.4046949922169
"1419",-2.24413557283754,-6.63732591852147,-19.3206299067494
"1420",-0.553586730284167,-0.097345214713414,3.18576305303486
"1421",-0.6900159079118,0.378793399301685,11.6192225526611
"1422",-1.55647128711865,-0.649735737667015,4.39525249927146
"1423",-1.77830890285537,-1.19903733673141,5.28186210015133
"1424",0.0269370324327269,4.02377916453747,19.2549510017634
"1425",-6.01550260952865,-14.4864616685181,-35.4318973314582
"1426",-0.878751734537389,0.185232901080553,7.15799877295422
"1427",-3.83380847086551,-7.27474370364973,-12.0242015819174
"1428",-1.85716976794237,-4.44147023188418,-8.95998726003927
"1429",-1.74385034557355,-3.04663781906663,-6.71397397002784
"1430",-2.61900734119547,-8.01817341831736,-22.7550567782043
"1431",-0.598431664871498,-0.0756572076869588,3.82795216512773
"1432",-2.01657962832792,-5.2912175872973,-13.6996628400925
"1433",-5.56068705231422,-14.4764492906358,-36.7592387870063
"1434",-4.47624755920697,-12.2220454281786,-32.8233408059807
"1435",-1.8238302164259,-1.6962025435646,3.65069096532125
"1436",0.131008772619111,4.25161921939127,20.9089455856706
"1437",-0.336416473237421,2.82471658787097,16.9484965115064
"1438",-3.00430857384305,-6.64643891924618,-11.5728274842429
"1439",0.532068776606195,4.32691065891379,15.2159709274272
"1440",0.741331176595452,7.02216874145108,30.5815652740387
"1441",-3.8898570522735,-10.0170270358608,-26.2939238533602
"1442",-4.31829635400152,-11.0049194064943,-29.3656008962851
"1443",-2.85463159576369,-7.35733677956387,-18.4714020318922
"1444",-0.425276683413756,3.00241794340866,19.34644734481
"1445",-1.99282507278315,-4.18933202961341,-8.38380638001877
"1446",-2.66285480280101,-6.03969136583339,-15.1435310046465
"1447",-0.446827029906615,3.13723317513745,19.8314559261721
"1448",-4.01513312145818,-8.47464254275997,-18.3266803566316
"1449",-2.86937812222703,-6.90757309434412,-18.7726638552128
"1450",-2.89810398593102,-7.21685389456206,-18.6700588441399
"1451",0.841827996402685,5.01794005415377,20.3659327265295
"1452",-3.66590552027463,-10.5355512555956,-33.2313928458186
"1453",-2.96676441631968,-8.94943541011617,-25.8302483796758
"1454",-1.68901857655209,-3.92445630812381,-8.8210785309293
"1455",-1.97102667059806,-4.27475383169326,-10.5440203196063
"1456",-1.60360318220523,-5.04466497342173,-16.2963520901344
"1457",-4.98813835062998,-13.5153373795665,-37.7627168022423
"1458",-4.09336531502157,-12.2423377674046,-34.5807661849863
"1459",-1.02290562139393,-0.423362755151629,4.52443602580206
"1460",-4.4321604664936,-11.3246992163124,-29.1313347423368
"1461",-3.21197897709601,-7.10644642255534,-16.2907941895601
"1462",-3.0257054596018,-7.95486328123263,-19.7037698454862
"1463",-3.64221483004337,-9.42187940699091,-23.9798008033188
"1464",-2.20737235930591,-3.38717742031179,-6.0321679324768
"1465",-2.81700079557697,-4.76301909902656,-5.74864163757388
"1466",1.58074540524677,6.41577682281115,23.4180686000302
"1467",-0.747038224821779,-0.451848621172076,3.10735788769557
"1468",-1.62845696557423,-0.669834171801085,5.75275470223096
"1469",-1.96494957422459,-4.80604527363107,-11.4035536300039
"1470",-3.65006410159975,-7.90408119920073,-18.4505963386523
"1471",0.653377713116356,6.04215188751789,25.2421288311821
"1472",-4.2434633254702,-13.0611278310589,-39.3301605374966
"1473",-3.97211829659614,-11.1280847599893,-32.8393505089057
"1474",-2.98040945691349,-8.60792071973492,-20.8558737388446
"1475",-1.58631292047244,-1.45266028326193,3.4720951276347
"1476",0.612148497752059,5.6663553593628,22.8433733788866
"1477",-2.07981911644276,-4.32723867650725,-9.1753115254246
"1478",-1.49555548673777,-3.70008091974933,-5.28205073804361
"1479",-1.40725428751711,-1.31553785832079,3.76763652837167
"1480",-1.8034205776724,-2.29345529083264,-2.43429350227711
"1481",0.111622911526922,3.58298286924673,16.0482569435651
"1482",-2.76549812384712,-9.82057789456053,-36.936311348529
"1483",-1.21454567625796,0.593485708206799,10.6856316569615
"1484",0.400327695936198,2.77460297219204,8.43683884941629
"1485",-4.03468367653676,-10.5630168184989,-27.4345231919915
"1486",-4.07765106051829,-11.7977355754912,-35.0352252612342
"1487",-0.734965907557637,-0.171984405174726,5.3356675132361
"1488",-1.61514261776892,-2.64139440327824,-3.3260812761107
"1489",-3.26358624252151,-5.52206890502896,-7.44256147639248
"1490",-1.47488729097836,0.983018451318344,15.2559179680081
"1491",-0.479907724554664,0.0948291576198699,4.30341275972683
"1492",-1.46162882228964,-4.84521041258449,-16.5112824246462
"1493",-3.80350010618776,-11.6886985148521,-34.7782723717212
"1494",-3.64214296070412,-8.34424304841036,-19.4410554823926
"1495",-2.52817035853695,-3.22824048919165,0.949743638154587
"1496",-3.05294195397056,-6.31894845986608,-13.6789160567685
"1497",1.01724726836085,5.50413122357224,21.0739242527529
"1498",-1.4894434243709,-0.975579290787095,4.22314180355738
"1499",-1.06598288632767,1.11304352331001,11.3051127790245
"1500",-0.619277286919271,2.21724568023103,15.0302984709278
"1501",-2.0235095907675,-3.25684036470443,-3.85939888929511
"1502",-3.87320107167278,-10.7130289161133,-31.5253426715105
"1503",0.749218481522973,7.90898197099818,36.821127811362
"1504",-4.28117715872662,-11.650209225186,-34.3316140700451
"1505",-3.25028212374093,-8.50241018584973,-25.4204833766348
"1506",0.100170284667115,4.3055042355976,19.7869912047884
"1507",-1.58404473413532,-4.89312248605586,-16.700158865094
"1508",-1.95918370777548,-3.75611751996257,-6.02959412051496
"1509",-1.54136331628769,-2.56061692725041,0.354947672012031
"1510",-2.49439649269868,-7.52075879922438,-19.8505513316998
"1511",-3.42267990776708,-10.6745278388227,-34.125564329503
"1512",-2.78878074476438,-6.5733036499613,-17.4431115583261
"1513",-0.320183863332602,1.09225377313783,5.56795288750845
"1514",-3.22808128739911,-7.94748491707651,-17.7011485647126
"1515",-2.1835073938953,-3.91690752718375,-5.22013279523708
"1516",-3.16112147318876,-9.1739370232799,-25.5301814558777
"1517",-4.43787656582123,-10.2401168077195,-24.2514325267239
"1518",-3.00539908195299,-8.27951704039151,-23.9373888663674
"1519",-0.926993899269917,2.85828186241213,20.8902989751962
"1520",-4.42274324874467,-10.7575175209112,-27.8501651833571
"1521",-0.989963850155334,0.763105344611517,10.5562060074192
"1522",-2.34540896537044,-5.95839188143407,-15.7597868848873
"1523",0.266241417989761,4.95302906030759,23.2181948317298
"1524",-5.28111798244851,-15.7305382888219,-44.0224194775758
"1525",-1.32022926342233,-0.806172317325377,3.19311987546803
"1526",-1.93032650211887,-4.65728274162063,-14.410504596689
"1527",-2.56294954178384,-7.49472077162602,-23.3794581845827
"1528",-1.98624139877904,-3.72144704472282,-3.73155734845727
"1529",0.848260581192108,5.28646103435392,19.0354614718069
"1530",-3.17384658452073,-6.46263903944271,-14.5333296381273
"1531",0.836001606847503,3.90502550073109,12.8313243732202
"1532",0.365156084857006,5.95515765577022,27.2280056819893
"1533",-3.34666683122174,-6.84905336299312,-15.5311386309029
"1534",-4.31585074996713,-11.7240162242288,-34.4798251450677
"1535",-1.89885703425148,-2.92417977269758,-3.43725161240468
"1536",-2.3878065620296,-4.87808006851935,-7.91704239524938
"1537",-0.555819902099131,-1.48950943363354,-3.27534879570203
"1538",-3.72908178046924,-10.2171931581111,-24.2006873310399
"1539",-1.22127701290157,-2.91579771283307,-7.59997050922766
"1540",-7.09510638624079,-19.3835667644568,-52.6866854189891
"1541",-2.10211528993676,-2.279324116461,2.25802207842889
"1542",-1.16219317245248,-0.167248276983742,7.43861867795454
"1543",-0.151657915380952,3.32055876908521,16.87348691747
"1544",-1.53058830271897,-4.0421823645745,-10.9310381157572
"1545",-4.45259765069375,-12.3347526515737,-32.96396266082
"1546",-0.422870727530949,0.287138713229183,2.20160460699799
"1547",-0.434831488342354,2.56476486470183,17.5775979351913
"1548",-3.03700283860934,-9.40657227938993,-28.8632336786648
"1549",-4.53876178283576,-13.0118468648219,-37.7781972754346
"1550",-3.69764314810504,-9.94198432375367,-27.4261938397722
"1551",-0.428509788214399,1.30471888483657,8.50440142027151
"1552",-4.54849739955955,-12.3629256814322,-33.3968583469373
"1553",-2.32210959011178,-2.50359431617562,1.70007458277087
"1554",-1.75098838553282,-2.56471507403933,-5.43943616237311
"1555",-2.46633383871654,-5.95818547432782,-13.6150678548393
"1556",-4.9849801258801,-13.581189526227,-36.3967577447474
"1557",-3.11636361092394,-5.93875097634339,-13.6094249392668
"1558",3.21796365168706,17.9443355553558,70.5723295844073
"1559",-1.34097592034601,-0.179526717761519,7.55741655262227
"1560",-0.917657422587581,0.404164475572884,7.36410765698588
"1561",-2.1324284189443,-2.97622352800829,-2.10457018187299
"1562",-4.3213416039942,-12.3902143392077,-36.7679361902617
"1563",-1.37623965061061,-2.6692330547686,-7.8651679583586
"1564",-2.47611986379485,-4.93405637810793,-9.74457201351606
"1565",-0.94994452017994,0.294931834474482,5.00819938742825
"1566",-2.75576431587422,-9.39632852258046,-30.4513260033889
"1567",-2.11802996405248,-2.03715144064336,4.12087812033906
"1568",-0.531337502760834,4.67277828883107,28.9124046162649
"1569",-1.12010971087017,-1.15338833703981,-1.95095095213765
"1570",-3.48536096245573,-11.1317889434417,-36.492604922089
"1571",-0.61866975933566,-1.02536746317242,-2.60065019048693
"1572",-4.8266924793856,-14.5268626718507,-42.5689217530291
"1573",-3.59173184093106,-9.47456962027331,-24.8494049730919
"1574",-1.42596680622091,-1.55791238659401,-1.63034870451088
"1575",-1.01933524699695,-1.42234541428775,-2.23141881859419
"1576",-2.11300487013358,-3.31212073649579,-3.37912339798527
"1577",-0.954248503905376,-1.74520110411129,-4.07981791349516
"1578",-2.14889964176706,-4.90314880287769,-13.5321482312745
"1579",1.85920512325617,11.1562559849984,43.6079221700077
"1580",1.25789966780127,5.20527333670861,18.9844915573342
"1581",-2.31362944337258,-4.07433872008153,-6.72722391177763
"1582",-2.70512678240488,-5.72376868002914,-12.4435692346678
"1583",-0.650057785185709,-0.319506337887674,-0.145987118268749
"1584",-2.40978241568365,-8.23915850378637,-27.7617455828245
"1585",-3.6406900602816,-9.87828329410934,-26.6523813224944
"1586",-3.24873742948927,-8.21998513816914,-22.2979540261101
"1587",-0.0365349592692041,2.38211518904438,11.174634017372
"1588",-3.05642701007343,-7.62957857695119,-18.1694164754017
"1589",-0.414274438481073,1.42851949683575,10.7153270602448
"1590",-2.51349596084225,-3.59898104573881,0.819170941605762
"1591",2.44389442802554,10.6794840634993,34.9354457265961
"1592",-1.91824042400043,-2.98189240682245,-4.86777647066197
"1593",-2.8108475985718,-7.35531983274529,-20.3630874661346
"1594",-1.63474843382193,-3.98475263140165,-10.7434642273331
"1595",-2.03255315051933,-4.98783371814295,-15.4589540152995
"1596",-2.08667590983526,-3.34277597782898,-5.46801048380166
"1597",-3.16595619367155,-5.67994860740794,-10.1390985735543
"1598",-3.38000263784176,-7.91041710221987,-19.9739628637237
"1599",-3.66494343528103,-9.84601309864252,-24.7282050646472
"1600",-2.04284377621786,-5.34853263516868,-13.1710516515195
"1601",-2.85974988837978,-4.04522433768011,-2.34845645877431
"1602",-0.951975123407578,0.247367779428942,5.56599742462959
"1603",-0.399319690331083,1.26410689553131,6.76830238580055
"1604",-2.88259827996472,-7.1608372919934,-18.5555887177065
"1605",-1.92538685289497,-5.2045958390172,-12.5779370982693
"1606",-1.52897238781145,-0.668741740310907,9.89360953063397
"1607",-4.50206874816956,-13.0802937034626,-38.4351537238606
"1608",-1.99545199156944,-2.90268469950763,-2.53443885013053
"1609",-0.454256694832566,5.2453353018775,27.8028356670204
"1610",-5.55169230008681,-16.5173889250806,-47.6111831949445
"1611",-3.58086984177436,-8.66241720316111,-24.1567047385117
"1612",-2.26367682907193,-3.35148086933907,-1.31352211044782
"1613",-2.08326242690009,-3.82254804771844,-5.64715496416102
"1614",-1.03121506497735,-3.69464376649648,-10.4995505419934
"1615",-2.26827861030358,-5.31339930483125,-13.8257042883406
"1616",-2.73549295135484,-5.48449396464059,-6.84584564559054
"1617",0.366670985061887,5.44534434454908,23.4342323554554
"1618",-3.09770903210142,-10.3155522019649,-34.8971562599909
"1619",-3.81027083834869,-8.27619790525296,-19.1199622258778
"1620",-0.999788026131171,-2.87783884420071,-9.48460640566418
"1621",0.752764677258654,2.81707342340246,10.0448168605321
"1622",-3.77985208087966,-12.6903320282768,-39.2666191298042
"1623",-2.41386315436631,-3.25741487411437,-2.92311217551924
"1624",0.819943149342407,4.40312121431896,16.8034542978319
"1625",-3.3742381199616,-9.60864816464164,-27.8247217134915
"1626",-0.826987026421989,-1.69973447304869,-7.88298304671093
"1627",-2.6680573606273,-3.59975483457242,0.0692184504721354
"1628",-0.116761910563355,2.76401520899924,15.8980046525619
"1629",-0.263973824502386,2.38321113988798,16.272114029759
"1630",0.627132377445776,6.23359243063112,26.9779677819374
"1631",0.164923690429021,6.66077489773193,31.8270257184192
"1632",-3.35186402226401,-6.9811496073296,-15.7418783749149
"1633",-4.21794315526188,-13.4197998173952,-44.8258807119798
"1634",-1.74583678678272,-1.30991593599413,3.52186580098464
"1635",-1.29742343691066,-3.37221337356482,-7.66927273004717
"1636",-0.194637678265394,0.898318060771999,4.10670711492889
"1637",-3.24767696172404,-8.98309140181846,-22.9146308490331
"1638",-3.27581022782579,-7.96646625646702,-21.2328132226451
"1639",-0.686638861014671,-0.439593605430218,0.857178272580995
"1640",-1.11853308835481,-3.0856070824492,-10.7868243961184
"1641",-2.6096712961405,-5.40492193871478,-10.0532836547716
"1642",-4.31938328445159,-11.8509291022162,-34.0302776407389
"1643",-1.25935997550914,-1.75598333087669,-2.08780734658467
"1644",-2.66533930954847,-4.23244017753746,-4.62999390972573
"1645",-5.26231221169758,-16.998678780501,-55.6232568845171
"1646",-3.61848970499534,-11.3797456562462,-35.999848915875
"1647",-0.203807328644928,4.46600668346809,25.6179213779978
"1648",0.722825143149407,2.65558928918153,6.57579895411072
"1649",-3.25671648975833,-7.09038339079416,-12.8446759244905
"1650",-2.32211116473837,-4.11331382424032,-6.61059981630933
"1651",-1.45342081593998,-1.07341639796732,3.08797400298681
"1652",-2.63668255812649,-6.38713030878955,-15.7899108871563
"1653",-3.4937675894048,-9.07805661974703,-23.3535255273439
"1654",0.311962526660579,3.95691420337221,15.6099278505037
"1655",-0.721763436697643,1.88388951656054,18.6046322260897
"1656",-2.13832001741065,-6.02718489081485,-18.0923886440371
"1657",-5.43901832073561,-15.5652526077215,-46.0445456275543
"1658",-2.20185679022404,-4.1730339104223,-8.67911657126251
"1659",0.292801602419786,4.45463705104544,19.8249117422918
"1660",-2.51147774083677,-5.23913647117354,-12.050357685737
"1661",-1.16299229100991,-2.15577988012387,-3.13639519779736
"1662",-2.3140741164425,-5.64152328646628,-12.453726549644
"1663",-2.5842122503193,-5.20890657169139,-9.49821740473681
"1664",-1.67558677542388,-1.25537198430936,5.70692900286735
"1665",-2.02647323451174,-2.64715328912098,0.337010935801345
"1666",-1.88094430140842,-3.82040507908687,-9.50278439178351
"1667",-1.39753099860906,-2.53950189579746,-2.15911615814457
"1668",-1.55158950549441,-4.13393597176025,-10.6276497544227
"1669",-2.78166789598998,-7.74310816928801,-24.4858765709121
"1670",-3.45643413821756,-7.33878948922927,-15.9674788412858
"1671",-0.594199571978095,-0.120254727822953,6.00427440354247
"1672",-2.05318877452913,-1.23940518333825,6.62835710557988
"1673",0.482239649932239,3.27469268348682,14.2518314794024
"1674",-1.02169801364971,-5.18043660293995,-21.78974957081
"1675",-2.54523943204958,-7.87727454867343,-24.8545385918246
"1676",-1.22101779724693,0.485940459859648,10.9657931492752
"1677",-4.11000826629476,-11.2824145082545,-32.7809664453378
"1678",-0.691036870708331,1.53139275422996,11.4893191241624
"1679",-3.74158751260416,-9.17601311405451,-22.1434319793366
"1680",-3.42903630107753,-8.85274685749323,-21.8414650352026
"1681",-4.1882032485816,-12.2349506478228,-38.4718863656453
"1682",-2.62259749456729,-5.31405556976745,-8.83607574450048
"1683",-4.25017542050705,-12.2629685131615,-34.9416232528165
"1684",-2.18776736393596,-6.74061821899113,-19.7186088676353
"1685",-3.12527289272765,-8.85476125147011,-22.1011524698342
"1686",-1.84506713687625,-5.29308778016218,-16.5133704763227
"1687",-1.52080601558913,-0.139295231137453,8.71400257724213
"1688",-5.32927618827807,-16.4038701164664,-48.2956627975691
"1689",0.241530865811512,3.52004906728064,12.9621502772288
"1690",0.877230116599094,9.28551614789603,42.7040773454021
"1691",2.92197476479708,12.0933860080696,42.8886462657713
"1692",-1.31436770432532,-1.59327888904556,-1.5114361712856
"1693",-1.97812311861355,-4.39093815677734,-10.6602549305353
"1694",-0.373673097865833,2.39533842905939,16.4118845650705
"1695",-0.957372353564836,1.39541886513132,11.3407274922683
"1696",-3.40122298663158,-7.02798939053537,-14.6144863452987
"1697",1.0582620480684,7.55234929269591,31.6293926262506
"1698",-1.07986415745313,0.846371317561307,10.0535180666843
"1699",-3.39600813144114,-7.06658864482608,-14.3315023521484
"1700",0.598190871106738,7.79570132777974,33.4675263975751
"1701",-2.66810108907612,-7.78853326408421,-21.1293178277178
"1702",-1.51254356313802,-3.04315681513731,-8.16739159192548
"1703",-3.19752962211578,-8.19074868391351,-22.2379244472213
"1704",-0.823851063729421,1.36052581859394,10.8627189730482
"1705",-3.15907065512351,-7.28109484283959,-14.9053868757971
"1706",0.0574643166615942,4.669632037268,21.1430660154404
"1707",-2.52649798270943,-3.83544726969774,-3.27423721885498
"1708",-1.28537647988389,-1.63973356965539,-1.32554700837682
"1709",-2.43069792278578,-6.5141091312405,-23.1282078247502
"1710",-3.28616302874866,-9.34136536254164,-24.0370239985714
"1711",-1.45493650201666,-3.37464309645134,-8.60034467190303
"1712",-2.76174929057436,-6.56868249563672,-16.8317162214969
"1713",-5.89578061005994,-17.9742568631017,-52.6445303082739
"1714",-1.90678280920912,-0.449251302628227,11.4872678891309
"1715",2.23185515203352,11.1514133062623,40.010356918496
"1716",-2.55245937775419,-6.22391637830856,-16.1441885659769
"1717",0.388303677795875,4.68791329417104,19.9198737740253
"1718",-4.535500967568,-11.7759117862171,-31.879612165395
"1719",1.08009378129066,5.46743796564249,20.6679278603312
"1720",-3.57216148530989,-8.74754801497807,-19.7903289034261
"1721",-4.73983173436034,-14.7061248116146,-44.5562854528071
"1722",-1.88132319110667,-1.67353660177844,3.87707879293771
"1723",-1.36318558939206,-1.90607850003676,-1.48432858319461
"1724",-2.71756033613741,-5.62140867012181,-11.6121498128384
"1725",-2.14713449546508,-6.30319205889748,-19.328618146732
"1726",-3.17193056473053,-8.2974638516331,-20.0848245934956
"1727",-2.90452601420594,-8.00890864916516,-24.0262611279861
"1728",-1.32701642088114,-0.643753542973855,2.7875269921733
"1729",-4.14765070511572,-11.9005048980583,-34.581916058007
"1730",-2.82455718583884,-9.00739153840266,-28.3792759816008
"1731",-1.38278042185567,3.97955745959769,28.7131160857011
"1732",-0.819406255096396,1.31743967158104,13.4169544327056
"1733",-0.300393076130433,0.13005560674128,0.150191312275183
"1734",-1.59278382850329,-2.72388738842767,-2.4229964834019
"1735",-2.38951947013771,-4.09253739681731,-4.58308026874556
"1736",-2.7150551098523,-9.25641601956647,-31.0649446114248
"1737",-1.49982046415658,-2.47693401065283,-6.65112150652271
"1738",-1.27933675375778,-2.29808740159501,-1.7593408336686
"1739",-0.292602968531867,1.78505358460166,10.8246135260442
"1740",-2.06791874837597,-2.54115957140391,-2.05676472020787
"1741",-0.0155192163012998,1.02198921359116,2.45175838586579
"1742",-2.28234791842436,-4.62496111364078,-10.6557175203236
"1743",-2.89701550412593,-7.33796680716978,-19.077881295319
"1744",-2.63238650281914,-5.66070983329132,-10.7025599861138
"1745",-1.32718568189301,-1.259101680149,3.01257203842306
"1746",1.63825143180475,8.62080246680716,27.9931643083414
"1747",-5.62505818895477,-17.4835588067915,-53.1667510869745
"1748",-5.71438942738621,-18.8034140564738,-60.0670492743448
"1749",-1.30531978297279,-2.27969973409222,-4.94757175462701
"1750",-3.55590449368043,-8.67932214205734,-24.1782561185339
"1751",-0.791529720930384,1.02395678956043,10.9117250553443
"1752",-2.03292985991891,-4.44480079204345,-10.2245264795872
"1753",-2.56398828217596,-4.89413478721883,-9.52367129866479
"1754",-1.33368313800793,-0.751215059495621,5.20405959366258
"1755",-2.93757313899152,-7.13922343696402,-16.2037977940199
"1756",-2.38069638291614,-3.45972115130542,-1.36056971366111
"1757",0.344998710989898,5.98509846974707,28.4961873056168
"1758",-1.4817094405152,-0.618094640479967,7.42969951988357
"1759",-0.907359510133119,1.27996640918673,12.8623578991935
"1760",-1.16228041474426,0.0690950841670883,4.61965907035619
"1761",-2.23975365986092,-6.58162312555658,-21.7473392013355
"1762",-1.9115149461586,-1.95352685898115,3.87942900451981
"1763",-1.49897410053569,-2.54042809371822,-6.06744800367574
"1764",-0.801073267326046,0.610675130694062,6.98309040738627
"1765",-0.226300640033003,2.27942834376688,10.8236049686791
"1766",-0.952493754727072,-1.60759423870377,-4.18037253653665
"1767",-0.861630549529707,0.866848945798779,11.8761288692294
"1768",-1.39922870010236,-0.441199547476913,6.78300502058482
"1769",-2.71131971326969,-4.52211511555106,-7.33468509088721
"1770",-3.88241578504704,-10.8467353855476,-29.3697919749563
"1771",-1.74083075370322,-2.54206512671942,-1.13110040062156
"1772",-0.0118557236497736,4.80838025510729,25.2051621138271
"1773",-6.54463133604736,-19.14310924496,-57.115676274931
"1774",-0.893778668927325,0.155079473666206,7.76902959583185
"1775",-3.52999934014639,-11.7007637396072,-36.2527001674639
"1776",-2.85955461917149,-6.82591179313954,-16.2892004374739
"1777",-2.56809167216517,-6.67571878303647,-20.9602447506518
"1778",-0.129786051774772,4.05147317210185,21.5894859732109
"1779",-2.87530618558964,-1.18256146992576,14.361571695702
"1780",1.52249468390579,9.88179797987016,41.1333687634678
"1781",-2.06510193763154,0.643372712336372,16.5973672366044
"1782",-1.76382731713454,-5.316620232996,-16.213033987849
"1783",-1.38798952994046,-2.08687587956433,0.601665971131752
"1784",-2.88556929841354,-7.80388083124308,-21.2411690319973
"1785",-0.204293847174824,4.0800901352452,23.4362796759999
"1786",-2.70534718304629,-6.79169114560625,-18.4629998031423
"1787",-3.11947165380349,-7.75120435044494,-18.682874691686
"1788",-2.64166330374348,-6.24487636990011,-15.2643042211864
"1789",0.678159699316495,6.61986701862497,28.2575609145647
"1790",-2.68180761301375,-6.15984121621148,-14.7036725201892
"1791",-1.5024325867937,-1.7006442087328,0.37894267073716
"1792",-1.76679915614153,-3.03520429150035,-4.16400726607299
"1793",-4.11463842128353,-10.6888949422264,-27.2454031631146
"1794",-0.860742952963676,1.75873320201163,13.8703289981099
"1795",-4.53071049631978,-13.8634611512176,-39.4297763488169
"1796",-0.410141390220076,1.0862480772962,11.8354360614574
"1797",-4.38880592778975,-13.5414979200228,-41.0599312268214
"1798",-4.29415132181623,-12.7764158175003,-35.8537534705574
"1799",-1.01892996065749,-0.182013005822341,3.41776850445945
"1800",-2.45602131187837,-6.47814912715421,-17.5418321559209
"1801",-2.44074534211694,-3.49058886886712,-4.0303529128837
"1802",-2.59759069014501,-6.73892242251463,-18.7557680687935
"1803",-3.63779060788761,-9.59175853272461,-26.0482253312225
"1804",-2.47596185910783,-5.09576816256606,-9.75626340138933
"1805",-1.06693404477477,-2.25318063280486,-7.84974003451521
"1806",-3.07022053497252,-5.33058198704305,-11.1593267084256
"1807",-4.66244616769211,-13.341179205093,-37.4723007686716
"1808",-3.33086044844566,-7.16128024611373,-13.9717128259692
"1809",-0.262633698848504,4.06258590805612,20.7542729113889
"1810",-4.14421167211498,-12.5141105439246,-37.8999405919571
"1811",-5.26739015770931,-15.4911367798751,-47.3529572071609
"1812",-1.09282948526106,1.75924995213916,16.4957974250949
"1813",-0.817747589006444,-0.320907930893895,4.03592950314919
"1814",-0.00486205893372471,0.255804979444747,-0.212296222046689
"1815",-2.40599680487048,-6.94076344827738,-18.3135688432121
"1816",-3.80492306009944,-10.9615793970978,-34.6878130414123
"1817",2.38398328779874,13.0959464996159,52.3814235535363
"1818",-1.3633636957469,-0.491201821318896,6.59803594692153
"1819",-0.503762483279161,1.30738242551729,10.9789016361042
"1820",-1.66310528424071,0.0734078112593579,10.429639286144
"1821",-4.02505982587695,-9.00459999465284,-21.402428917286
"1822",0.599280995141157,6.41302411670802,28.1635323156602
"1823",-2.40185753638656,-2.06424610139595,4.44370841333944
"1824",-0.785297189951905,-2.14888452660739,-8.76709885416017
"1825",-3.1788887155459,-4.49742474846698,-2.92361532592122
"1826",-2.70924961285289,-7.3957670954909,-23.2850649426655
"1827",-3.73492412265949,-12.3637738897704,-38.433117574396
"1828",-2.04174068340848,-4.24610673083339,-10.1683816029899
"1829",-0.401550959311123,1.73380920082718,10.2241577021973
"1830",-3.42358480594339,-9.09408367200649,-25.3151418895191
"1831",1.95374705570674,10.6016753018533,41.1340066563951
"1832",-2.04948445724324,-3.5271928352463,-5.24529638615377
"1833",-3.09948858873616,-6.00597724203885,-9.15381655261763
"1834",-2.99329111241576,-6.45068249050576,-12.7225057135988
"1835",-2.50421617337236,-5.20945201578058,-13.2587490796318
"1836",-4.66094129649787,-11.1875710107871,-25.8722296234073
"1837",-1.69601759506014,-0.905281359684295,7.04433168274863
"1838",-2.82466973586639,-6.86750119005239,-12.9583410519738
"1839",1.78362898461012,13.1150319493403,55.0382860243806
"1840",-0.474442416801253,1.23816745757722,8.82717531031267
"1841",-3.42022070019567,-10.0079395372348,-29.4738767039212
"1842",-4.45453783993565,-12.5249723442309,-35.0186084902184
"1843",-4.22029699438184,-11.4913838262438,-32.8779875550626
"1844",0.968958191151216,6.85212226369788,30.5124122638169
"1845",-4.61940826821399,-13.0084508899052,-35.9883896918277
"1846",0.0841029666402733,1.13589756219244,5.77778602750595
"1847",-5.68315372187789,-16.4586631607573,-47.4664770170593
"1848",-1.52867484148857,-1.39327992573396,2.65003670729084
"1849",-3.33167503940797,-7.62498081507169,-18.9971595033956
"1850",-2.12299553180367,-5.14486183503948,-15.1528210958293
"1851",-5.41115519739435,-12.8963663561474,-30.8507251978544
"1852",-4.3776557884276,-13.9747842238153,-43.9477418316224
"1853",-2.70847308695835,-6.46610604718023,-15.3111790767514
"1854",-1.11599204968587,-0.587761837374501,4.57915672181616
"1855",-3.26465430775761,-7.55462097031216,-13.7745376351006
"1856",-1.76444675034338,-1.43808593216977,4.42773343017302
"1857",0.615046179112028,3.47395813943228,16.5288989868202
"1858",-0.179482416790449,-0.273823347419238,-2.14555434638032
"1859",-2.94344410713569,-8.31941617056566,-26.1341705268699
"1860",-3.06430180058533,-10.0234844275865,-33.028036115147
"1861",-3.83331145202879,-8.89092654041588,-22.7450935229274
"1862",-0.696772036477114,1.81890164301126,11.2635013914314
"1863",-6.40629099468947,-21.2111818271685,-68.8246925800822
"1864",-0.817071555326322,-0.119772753103462,2.67270866469016
"1865",-0.62237662200755,-0.392026264036758,1.62466140914239
"1866",-2.96420949731856,-5.64066654510691,-11.0439074266565
"1867",-0.636396917088859,1.41201693796347,12.3551120786769
"1868",-2.38533208104315,-3.60739312716726,-1.7461202956838
"1869",-3.42795931961797,-8.15696674486651,-20.9854291465681
"1870",-5.24247069506993,-16.8068395437514,-54.1380257479607
"1871",-2.95305134080684,-8.74010048559717,-27.6053244303841
"1872",-2.74999576205778,-5.72984705873409,-12.8732811826783
"1873",-1.47333808082777,-1.08415944856051,6.44878929967535
"1874",-0.936256640255294,-0.67845509627125,3.4158010555891
"1875",-2.432881609275,-3.68284586469542,-2.321018832866
"1876",-3.24220663113744,-4.10480855839569,-1.86387577726032
"1877",-1.64983751545009,-3.36454535566236,-6.23544032437803
"1878",-0.929779131474504,-0.90971731987338,-0.444149805388406
"1879",-1.00752510475849,-3.44796920609508,-13.6735432264898
"1880",-1.38334393084182,1.08035954359138,16.325955842836
"1881",-0.0394428988399795,2.21675669127694,11.7540505299955
"1882",-1.08934615781794,-1.59070096386688,-2.99746166083605
"1883",-2.18311786762388,-3.45106078910192,-3.18782785415647
"1884",-0.589537524485365,0.656650019757649,5.87753636328603
"1885",1.38969015349778,7.6656708526026,27.8247787181513
"1886",-2.97506709794374,-5.19892547327527,-6.03811166159971
"1887",-1.62012749496341,-2.53850340308657,-2.37314070465118
"1888",-4.20333792474281,-11.4564548990032,-32.5718858883868
"1889",-1.19281898217974,0.141365979550983,8.66861400404377
"1890",-3.24694238887628,-7.13467760576657,-15.2757562358072
"1891",-4.39124511732985,-9.75819444678064,-20.8939586973997
"1892",-1.83152592505172,-5.37783220157212,-18.0607595085219
"1893",-1.97874073345321,-6.51552150010377,-19.6922225443282
"1894",-2.6124059630053,-8.4478739948072,-27.4184222356873
"1895",-0.981797344832842,0.50211773446631,4.72842653592352
"1896",-1.10831462450511,-1.11418603468553,3.69093539499113
"1897",-2.19458031267709,-4.80618176151813,-11.6440137585839
"1898",-1.23758455162647,-0.741974378032069,1.08503950583781
"1899",-2.62464736629875,-4.78440765946505,-8.31721918527978
"1900",-2.11680525739581,-5.2006375528091,-15.0687861636177
"1901",1.07400781310116,1.24853534040335,-0.83904176552096
"1902",-3.44966249581887,-6.89622108478181,-11.1750495801136
"1903",-5.2221853187977,-17.1891410316831,-53.3214564708344
"1904",-0.812438078439811,-2.16934685651256,-7.59342581694432
"1905",-3.9190245903651,-11.2582719409305,-32.8009820673296
"1906",1.19779664895299,6.29417084269915,21.824929558263
"1907",0.691643957393467,4.93515485209298,19.3092029234001
"1908",-2.78646711848495,-8.69252217237147,-27.9146523845077
"1909",-4.74043806691458,-14.8556903089482,-47.0774311019463
"1910",-1.12612735412404,0.170011485262535,10.4711072598059
"1911",-1.58331268492253,-1.48370183775125,-1.19836997019502
"1912",-4.39095922966465,-14.4390330347235,-46.3665436835399
"1913",-3.56249212950814,-10.6017318165021,-31.3076482017466
"1914",-3.84638937607792,-10.2085824040768,-29.4491596569685
"1915",-2.10139981124109,-1.04991564657462,8.03589978266723
"1916",2.79975212951246,13.5382236877831,50.6846249689559
"1917",-0.490420155700122,0.865288841751521,5.79714751430333
"1918",-2.64616626292013,-6.48502825485593,-19.605506146579
"1919",-1.12953403001586,-1.45075719474346,0.788709810871296
"1920",-2.01427883343541,-4.5476887619941,-9.15640869662366
"1921",-2.21077935237582,-5.70612110915226,-12.879748600117
"1922",-3.12244931897465,-5.19048203336888,-7.65462915135117
"1923",-0.325392936156504,-0.324744828334701,-0.291215711876475
"1924",-2.23096528914272,-4.14783317516321,-5.79843591136
"1925",-1.29856708234786,-1.92997078038161,-1.52585765936942
"1926",0.33112572833727,6.22759013475456,31.4563290263475
"1927",-1.57217709424765,1.43612693013392,15.1472665456336
"1928",0.0163220427377837,4.47070164498291,23.539239353174
"1929",-1.87446070528779,-3.58373827748073,-4.06139659785345
"1930",-1.83737579527389,-4.60915175177263,-15.8788719874626
"1931",-2.74234176815287,-9.11962038626257,-27.682216486164
"1932",-1.89749698769646,-3.94593915222094,-7.54014741489709
"1933",-2.81757798841682,-4.39432098872874,-4.24792428852015
"1934",-1.78004209756506,-4.45920899095245,-10.7211169513962
"1935",-2.65256037522988,-5.77279484151245,-13.6003057332632
"1936",-2.04111254051696,-3.83166885545825,-8.51100329349947
"1937",-4.06790155040079,-10.9429553677362,-34.0371175668624
"1938",-2.77341088693004,-8.99616403142136,-29.5100418493619
"1939",-2.37219506720089,-6.67571509135848,-19.8664079989753
"1940",-2.01021764682935,-4.72313301082249,-13.3697987866785
"1941",-4.53614525697691,-14.1968215459008,-43.7407049770329
"1942",1.43626974181421,10.5360195319319,45.8420775639197
"1943",0.365911845665323,4.63700601730238,23.6076748409366
"1944",-2.13685618780391,-3.53518955554739,-5.09427466451962
"1945",-0.175261648472997,1.56313177220966,7.31482790242785
"1946",-4.60573883310025,-13.3669182876138,-40.0674081785694
"1947",-2.15622741521821,-2.12659631870679,3.27290355801256
"1948",-0.993340926658277,0.486640436138032,9.31138205102479
"1949",-2.2544005537365,-6.74483544837642,-21.7990560928688
"1950",-1.00227238152189,0.242975838110738,8.2404135587883
"1951",-1.52605811334195,-3.16862618969276,-4.35570521455838
"1952",-2.78841910237702,-3.34808528897452,0.246002198748101
"1953",-1.0980456611,0.742492835029452,11.5065331089759
"1954",-3.5425997921738,-9.56493060182402,-24.9716337939919
"1955",-2.84765595815708,-8.14395317053334,-26.7096472217268
"1956",-2.87309008010516,-9.43687133714309,-31.0052328479269
"1957",0.327638582397185,6.52921915461161,28.9976841678392
"1958",-2.59851197174197,-6.04352499239872,-18.0893392198416
"1959",-3.21852924123334,-7.39883223487391,-15.7240184068201
"1960",-3.4643206525555,-11.6019546122415,-38.8753898499799
"1961",-0.520311787089156,-0.0797310611342255,4.81963710226546
"1962",-3.2061570896135,-7.97489291939939,-21.249600124223
"1963",-2.32391943397374,-5.93078551284611,-18.1293008319205
"1964",-3.31659872061857,-8.07252966767965,-21.6260539591146
"1965",-2.73677320320826,-6.75980380096303,-18.2150090710138
"1966",2.62528570082509,11.9161271816311,42.086364479864
"1967",-0.789971154364537,-4.00585162759,-15.418830970709
"1968",-2.65451684353053,-5.0870739866217,-7.89530723040525
"1969",-1.9121316013497,-4.33178578145248,-12.4279460207774
"1970",-3.42424434477755,-9.22411139061217,-25.7405548862655
"1971",-2.02053947314641,-5.32701130931764,-16.9119362267124
"1972",-1.03843311169328,-0.264983029013024,5.05091702696518
"1973",-2.96413843417565,-9.07154607764403,-29.0651392218269
"1974",-1.72428769927853,-5.663535473293,-19.9761124531472
"1975",-1.62323346406589,-4.22229356991056,-13.3884708681276
"1976",-1.03731994395827,1.33512387385781,12.5674426128382
"1977",-3.46316160131983,-10.1307956530131,-27.7023939808566
"1978",-2.1190805488676,-1.60197006484236,5.1356631143658
"1979",-3.10221950042597,-8.37725475168816,-20.7434755278646
"1980",-2.87494052976416,-4.27357483531785,-2.72833037116698
"1981",-2.98472858927431,-5.32863558670965,-7.18980224555412
"1982",-7.20932144311621,-23.1951526805518,-70.116226346322
"1983",-1.88414551567473,-3.84417184542303,-6.25684152976851
"1984",-2.89535204670648,-7.39490353117606,-20.489873810352
"1985",-5.6992236753527,-15.2772754084845,-42.6776885414047
"1986",-1.20068157349931,-2.37355576214838,-4.95434395958841
"1987",-0.814979682516935,0.523493046954513,5.96757675982508
"1988",-1.27785346164592,-1.11557889112851,1.68230359483732
"1989",-4.00509969584397,-9.68375314630475,-23.2749227371162
"1990",-3.70003444034381,-9.78063666445053,-28.6215066951299
"1991",-2.77385363800857,-7.03592390716904,-20.1667369740032
"1992",-4.24813128309603,-11.8342557892591,-33.5253423283214
"1993",-0.907346280347952,-2.00570718734093,-5.70601584881365
"1994",-2.6652318019116,-6.73315223722113,-20.0825064510864
"1995",-3.99759188254529,-11.2844514309436,-32.0538534499792
"1996",-0.347783533814038,1.60589168367289,9.19417624088464
"1997",-3.53740697319591,-9.45376580301013,-24.8524438996239
"1998",0.489480043813728,3.77555497490073,14.9201406054349
"1999",-4.25965424543722,-12.2387293634547,-37.7833302191921
"2000",-2.79757942668334,-7.00943828495383,-19.7608922368527
